[0.109s] DEBUG:colcon:Command line arguments: ['/usr/bin/colcon', 'build', '--symlink-install']
[0.109s] DEBUG:colcon:Parsed command line arguments: Namespace(log_base=None, log_level=None, verb_name='build', build_base='build', install_base='install', merge_install=False, symlink_install=True, test_result_base=None, continue_on_error=False, executor='parallel', parallel_workers=12, event_handlers=None, ignore_user_meta=False, metas=['./colcon.meta'], base_paths=['.'], packages_ignore=None, packages_ignore_regex=None, paths=None, packages_up_to=None, packages_up_to_regex=None, packages_above=None, packages_above_and_dependencies=None, packages_above_depth=None, packages_select_by_dep=None, packages_skip_by_dep=None, packages_skip_up_to=None, packages_select_build_failed=False, packages_skip_build_finished=False, packages_select_test_failures=False, packages_skip_test_passed=False, packages_select=None, packages_skip=None, packages_select_regex=None, packages_skip_regex=None, packages_start=None, packages_end=None, allow_overriding=[], cmake_args=None, cmake_target=None, cmake_target_skip_unavailable=False, cmake_clean_cache=False, cmake_clean_first=False, cmake_force_configure=False, ament_cmake_args=None, catkin_cmake_args=None, catkin_skip_building_tests=False, mixin_files=None, mixin=None, verb_parser=<colcon_mixin.mixin.mixin_argument.MixinArgumentDecorator object at 0x77519819c3d0>, verb_extension=<colcon_core.verb.build.BuildVerb object at 0x7751982b12d0>, main=<bound method BuildVerb.main of <colcon_core.verb.build.BuildVerb object at 0x7751982b12d0>>, mixin_verb=('build',))
[0.278s] Level 1:colcon.colcon_core.package_discovery:discover_packages(colcon_meta) check parameters
[0.278s] Level 1:colcon.colcon_core.package_discovery:discover_packages(recursive) check parameters
[0.278s] Level 1:colcon.colcon_core.package_discovery:discover_packages(ignore) check parameters
[0.278s] Level 1:colcon.colcon_core.package_discovery:discover_packages(path) check parameters
[0.278s] Level 1:colcon.colcon_core.package_discovery:discover_packages(colcon_meta) discover
[0.278s] Level 1:colcon.colcon_core.package_discovery:discover_packages(recursive) discover
[0.278s] INFO:colcon.colcon_core.package_discovery:Crawling recursively for packages in '/mnt/nvme1n1p6/PLCT/NAV2/nav2_sim'
[0.278s] Level 1:colcon.colcon_core.package_identification:_identify(.) by extensions ['ignore', 'ignore_ament_install']
[0.278s] Level 1:colcon.colcon_core.package_identification:_identify(.) by extension 'ignore'
[0.278s] Level 1:colcon.colcon_core.package_identification:_identify(.) by extension 'ignore_ament_install'
[0.278s] Level 1:colcon.colcon_core.package_identification:_identify(.) by extensions ['colcon_pkg']
[0.278s] Level 1:colcon.colcon_core.package_identification:_identify(.) by extension 'colcon_pkg'
[0.278s] Level 1:colcon.colcon_core.package_identification:_identify(.) by extensions ['colcon_meta']
[0.278s] Level 1:colcon.colcon_core.package_identification:_identify(.) by extension 'colcon_meta'
[0.278s] Level 1:colcon.colcon_core.package_identification:_identify(.) by extensions ['ros']
[0.278s] Level 1:colcon.colcon_core.package_identification:_identify(.) by extension 'ros'
[0.298s] Level 1:colcon.colcon_core.package_identification:_identify(.) by extensions ['cmake', 'python']
[0.298s] Level 1:colcon.colcon_core.package_identification:_identify(.) by extension 'cmake'
[0.298s] Level 1:colcon.colcon_core.package_identification:_identify(.) by extension 'python'
[0.298s] Level 1:colcon.colcon_core.package_identification:_identify(.) by extensions ['python_setup_py']
[0.298s] Level 1:colcon.colcon_core.package_identification:_identify(.) by extension 'python_setup_py'
[0.299s] Level 1:colcon.colcon_core.package_identification:_identify(build) by extensions ['ignore', 'ignore_ament_install']
[0.299s] Level 1:colcon.colcon_core.package_identification:_identify(build) by extension 'ignore'
[0.299s] Level 1:colcon.colcon_core.package_identification:_identify(build) ignored
[0.299s] Level 1:colcon.colcon_core.package_identification:_identify(install) by extensions ['ignore', 'ignore_ament_install']
[0.299s] Level 1:colcon.colcon_core.package_identification:_identify(install) by extension 'ignore'
[0.299s] Level 1:colcon.colcon_core.package_identification:_identify(install) ignored
[0.299s] Level 1:colcon.colcon_core.package_identification:_identify(log) by extensions ['ignore', 'ignore_ament_install']
[0.299s] Level 1:colcon.colcon_core.package_identification:_identify(log) by extension 'ignore'
[0.299s] Level 1:colcon.colcon_core.package_identification:_identify(log) ignored
[0.299s] Level 1:colcon.colcon_core.package_identification:_identify(src) by extensions ['ignore', 'ignore_ament_install']
[0.299s] Level 1:colcon.colcon_core.package_identification:_identify(src) by extension 'ignore'
[0.299s] Level 1:colcon.colcon_core.package_identification:_identify(src) by extension 'ignore_ament_install'
[0.299s] Level 1:colcon.colcon_core.package_identification:_identify(src) by extensions ['colcon_pkg']
[0.299s] Level 1:colcon.colcon_core.package_identification:_identify(src) by extension 'colcon_pkg'
[0.299s] Level 1:colcon.colcon_core.package_identification:_identify(src) by extensions ['colcon_meta']
[0.299s] Level 1:colcon.colcon_core.package_identification:_identify(src) by extension 'colcon_meta'
[0.299s] Level 1:colcon.colcon_core.package_identification:_identify(src) by extensions ['ros']
[0.299s] Level 1:colcon.colcon_core.package_identification:_identify(src) by extension 'ros'
[0.299s] Level 1:colcon.colcon_core.package_identification:_identify(src) by extensions ['cmake', 'python']
[0.299s] Level 1:colcon.colcon_core.package_identification:_identify(src) by extension 'cmake'
[0.300s] Level 1:colcon.colcon_core.package_identification:_identify(src) by extension 'python'
[0.300s] Level 1:colcon.colcon_core.package_identification:_identify(src) by extensions ['python_setup_py']
[0.300s] Level 1:colcon.colcon_core.package_identification:_identify(src) by extension 'python_setup_py'
[0.300s] Level 1:colcon.colcon_core.package_identification:_identify(src/ISCAS_ENV) by extensions ['ignore', 'ignore_ament_install']
[0.300s] Level 1:colcon.colcon_core.package_identification:_identify(src/ISCAS_ENV) by extension 'ignore'
[0.300s] Level 1:colcon.colcon_core.package_identification:_identify(src/ISCAS_ENV) by extension 'ignore_ament_install'
[0.300s] Level 1:colcon.colcon_core.package_identification:_identify(src/ISCAS_ENV) by extensions ['colcon_pkg']
[0.300s] Level 1:colcon.colcon_core.package_identification:_identify(src/ISCAS_ENV) by extension 'colcon_pkg'
[0.300s] Level 1:colcon.colcon_core.package_identification:_identify(src/ISCAS_ENV) by extensions ['colcon_meta']
[0.300s] Level 1:colcon.colcon_core.package_identification:_identify(src/ISCAS_ENV) by extension 'colcon_meta'
[0.300s] Level 1:colcon.colcon_core.package_identification:_identify(src/ISCAS_ENV) by extensions ['ros']
[0.300s] Level 1:colcon.colcon_core.package_identification:_identify(src/ISCAS_ENV) by extension 'ros'
[0.300s] Level 1:colcon.colcon_core.package_identification:_identify(src/ISCAS_ENV) by extensions ['cmake', 'python']
[0.300s] Level 1:colcon.colcon_core.package_identification:_identify(src/ISCAS_ENV) by extension 'cmake'
[0.300s] Level 1:colcon.colcon_core.package_identification:_identify(src/ISCAS_ENV) by extension 'python'
[0.300s] Level 1:colcon.colcon_core.package_identification:_identify(src/ISCAS_ENV) by extensions ['python_setup_py']
[0.300s] Level 1:colcon.colcon_core.package_identification:_identify(src/ISCAS_ENV) by extension 'python_setup_py'
[0.300s] Level 1:colcon.colcon_core.package_identification:_identify(src/ISCAS_ENV/models) by extensions ['ignore', 'ignore_ament_install']
[0.300s] Level 1:colcon.colcon_core.package_identification:_identify(src/ISCAS_ENV/models) by extension 'ignore'
[0.300s] Level 1:colcon.colcon_core.package_identification:_identify(src/ISCAS_ENV/models) by extension 'ignore_ament_install'
[0.300s] Level 1:colcon.colcon_core.package_identification:_identify(src/ISCAS_ENV/models) by extensions ['colcon_pkg']
[0.300s] Level 1:colcon.colcon_core.package_identification:_identify(src/ISCAS_ENV/models) by extension 'colcon_pkg'
[0.300s] Level 1:colcon.colcon_core.package_identification:_identify(src/ISCAS_ENV/models) by extensions ['colcon_meta']
[0.300s] Level 1:colcon.colcon_core.package_identification:_identify(src/ISCAS_ENV/models) by extension 'colcon_meta'
[0.300s] Level 1:colcon.colcon_core.package_identification:_identify(src/ISCAS_ENV/models) by extensions ['ros']
[0.301s] Level 1:colcon.colcon_core.package_identification:_identify(src/ISCAS_ENV/models) by extension 'ros'
[0.301s] Level 1:colcon.colcon_core.package_identification:_identify(src/ISCAS_ENV/models) by extensions ['cmake', 'python']
[0.301s] Level 1:colcon.colcon_core.package_identification:_identify(src/ISCAS_ENV/models) by extension 'cmake'
[0.301s] Level 1:colcon.colcon_core.package_identification:_identify(src/ISCAS_ENV/models) by extension 'python'
[0.301s] Level 1:colcon.colcon_core.package_identification:_identify(src/ISCAS_ENV/models) by extensions ['python_setup_py']
[0.301s] Level 1:colcon.colcon_core.package_identification:_identify(src/ISCAS_ENV/models) by extension 'python_setup_py'
[0.301s] Level 1:colcon.colcon_core.package_identification:_identify(src/ISCAS_ENV/models/ISCAS_Museum) by extensions ['ignore', 'ignore_ament_install']
[0.301s] Level 1:colcon.colcon_core.package_identification:_identify(src/ISCAS_ENV/models/ISCAS_Museum) by extension 'ignore'
[0.301s] Level 1:colcon.colcon_core.package_identification:_identify(src/ISCAS_ENV/models/ISCAS_Museum) by extension 'ignore_ament_install'
[0.301s] Level 1:colcon.colcon_core.package_identification:_identify(src/ISCAS_ENV/models/ISCAS_Museum) by extensions ['colcon_pkg']
[0.301s] Level 1:colcon.colcon_core.package_identification:_identify(src/ISCAS_ENV/models/ISCAS_Museum) by extension 'colcon_pkg'
[0.301s] Level 1:colcon.colcon_core.package_identification:_identify(src/ISCAS_ENV/models/ISCAS_Museum) by extensions ['colcon_meta']
[0.301s] Level 1:colcon.colcon_core.package_identification:_identify(src/ISCAS_ENV/models/ISCAS_Museum) by extension 'colcon_meta'
[0.301s] Level 1:colcon.colcon_core.package_identification:_identify(src/ISCAS_ENV/models/ISCAS_Museum) by extensions ['ros']
[0.301s] Level 1:colcon.colcon_core.package_identification:_identify(src/ISCAS_ENV/models/ISCAS_Museum) by extension 'ros'
[0.301s] Level 1:colcon.colcon_core.package_identification:_identify(src/ISCAS_ENV/models/ISCAS_Museum) by extensions ['cmake', 'python']
[0.301s] Level 1:colcon.colcon_core.package_identification:_identify(src/ISCAS_ENV/models/ISCAS_Museum) by extension 'cmake'
[0.301s] Level 1:colcon.colcon_core.package_identification:_identify(src/ISCAS_ENV/models/ISCAS_Museum) by extension 'python'
[0.301s] Level 1:colcon.colcon_core.package_identification:_identify(src/ISCAS_ENV/models/ISCAS_Museum) by extensions ['python_setup_py']
[0.301s] Level 1:colcon.colcon_core.package_identification:_identify(src/ISCAS_ENV/models/ISCAS_Museum) by extension 'python_setup_py'
[0.301s] Level 1:colcon.colcon_core.package_identification:_identify(src/ISCAS_ENV/models/ISCAS_Museum/meshes) by extensions ['ignore', 'ignore_ament_install']
[0.301s] Level 1:colcon.colcon_core.package_identification:_identify(src/ISCAS_ENV/models/ISCAS_Museum/meshes) by extension 'ignore'
[0.301s] Level 1:colcon.colcon_core.package_identification:_identify(src/ISCAS_ENV/models/ISCAS_Museum/meshes) by extension 'ignore_ament_install'
[0.302s] Level 1:colcon.colcon_core.package_identification:_identify(src/ISCAS_ENV/models/ISCAS_Museum/meshes) by extensions ['colcon_pkg']
[0.302s] Level 1:colcon.colcon_core.package_identification:_identify(src/ISCAS_ENV/models/ISCAS_Museum/meshes) by extension 'colcon_pkg'
[0.302s] Level 1:colcon.colcon_core.package_identification:_identify(src/ISCAS_ENV/models/ISCAS_Museum/meshes) by extensions ['colcon_meta']
[0.302s] Level 1:colcon.colcon_core.package_identification:_identify(src/ISCAS_ENV/models/ISCAS_Museum/meshes) by extension 'colcon_meta'
[0.302s] Level 1:colcon.colcon_core.package_identification:_identify(src/ISCAS_ENV/models/ISCAS_Museum/meshes) by extensions ['ros']
[0.302s] Level 1:colcon.colcon_core.package_identification:_identify(src/ISCAS_ENV/models/ISCAS_Museum/meshes) by extension 'ros'
[0.302s] Level 1:colcon.colcon_core.package_identification:_identify(src/ISCAS_ENV/models/ISCAS_Museum/meshes) by extensions ['cmake', 'python']
[0.302s] Level 1:colcon.colcon_core.package_identification:_identify(src/ISCAS_ENV/models/ISCAS_Museum/meshes) by extension 'cmake'
[0.302s] Level 1:colcon.colcon_core.package_identification:_identify(src/ISCAS_ENV/models/ISCAS_Museum/meshes) by extension 'python'
[0.302s] Level 1:colcon.colcon_core.package_identification:_identify(src/ISCAS_ENV/models/ISCAS_Museum/meshes) by extensions ['python_setup_py']
[0.302s] Level 1:colcon.colcon_core.package_identification:_identify(src/ISCAS_ENV/models/ISCAS_Museum/meshes) by extension 'python_setup_py'
[0.302s] Level 1:colcon.colcon_core.package_identification:_identify(src/ISCAS_ENV/models/ISCAS_groundplane) by extensions ['ignore', 'ignore_ament_install']
[0.302s] Level 1:colcon.colcon_core.package_identification:_identify(src/ISCAS_ENV/models/ISCAS_groundplane) by extension 'ignore'
[0.302s] Level 1:colcon.colcon_core.package_identification:_identify(src/ISCAS_ENV/models/ISCAS_groundplane) by extension 'ignore_ament_install'
[0.302s] Level 1:colcon.colcon_core.package_identification:_identify(src/ISCAS_ENV/models/ISCAS_groundplane) by extensions ['colcon_pkg']
[0.302s] Level 1:colcon.colcon_core.package_identification:_identify(src/ISCAS_ENV/models/ISCAS_groundplane) by extension 'colcon_pkg'
[0.302s] Level 1:colcon.colcon_core.package_identification:_identify(src/ISCAS_ENV/models/ISCAS_groundplane) by extensions ['colcon_meta']
[0.302s] Level 1:colcon.colcon_core.package_identification:_identify(src/ISCAS_ENV/models/ISCAS_groundplane) by extension 'colcon_meta'
[0.302s] Level 1:colcon.colcon_core.package_identification:_identify(src/ISCAS_ENV/models/ISCAS_groundplane) by extensions ['ros']
[0.302s] Level 1:colcon.colcon_core.package_identification:_identify(src/ISCAS_ENV/models/ISCAS_groundplane) by extension 'ros'
[0.302s] Level 1:colcon.colcon_core.package_identification:_identify(src/ISCAS_ENV/models/ISCAS_groundplane) by extensions ['cmake', 'python']
[0.302s] Level 1:colcon.colcon_core.package_identification:_identify(src/ISCAS_ENV/models/ISCAS_groundplane) by extension 'cmake'
[0.302s] Level 1:colcon.colcon_core.package_identification:_identify(src/ISCAS_ENV/models/ISCAS_groundplane) by extension 'python'
[0.302s] Level 1:colcon.colcon_core.package_identification:_identify(src/ISCAS_ENV/models/ISCAS_groundplane) by extensions ['python_setup_py']
[0.302s] Level 1:colcon.colcon_core.package_identification:_identify(src/ISCAS_ENV/models/ISCAS_groundplane) by extension 'python_setup_py'
[0.303s] Level 1:colcon.colcon_core.package_identification:_identify(src/ISCAS_ENV/models/ISCAS_groundplane/materials) by extensions ['ignore', 'ignore_ament_install']
[0.303s] Level 1:colcon.colcon_core.package_identification:_identify(src/ISCAS_ENV/models/ISCAS_groundplane/materials) by extension 'ignore'
[0.303s] Level 1:colcon.colcon_core.package_identification:_identify(src/ISCAS_ENV/models/ISCAS_groundplane/materials) by extension 'ignore_ament_install'
[0.303s] Level 1:colcon.colcon_core.package_identification:_identify(src/ISCAS_ENV/models/ISCAS_groundplane/materials) by extensions ['colcon_pkg']
[0.303s] Level 1:colcon.colcon_core.package_identification:_identify(src/ISCAS_ENV/models/ISCAS_groundplane/materials) by extension 'colcon_pkg'
[0.303s] Level 1:colcon.colcon_core.package_identification:_identify(src/ISCAS_ENV/models/ISCAS_groundplane/materials) by extensions ['colcon_meta']
[0.303s] Level 1:colcon.colcon_core.package_identification:_identify(src/ISCAS_ENV/models/ISCAS_groundplane/materials) by extension 'colcon_meta'
[0.303s] Level 1:colcon.colcon_core.package_identification:_identify(src/ISCAS_ENV/models/ISCAS_groundplane/materials) by extensions ['ros']
[0.303s] Level 1:colcon.colcon_core.package_identification:_identify(src/ISCAS_ENV/models/ISCAS_groundplane/materials) by extension 'ros'
[0.303s] Level 1:colcon.colcon_core.package_identification:_identify(src/ISCAS_ENV/models/ISCAS_groundplane/materials) by extensions ['cmake', 'python']
[0.303s] Level 1:colcon.colcon_core.package_identification:_identify(src/ISCAS_ENV/models/ISCAS_groundplane/materials) by extension 'cmake'
[0.303s] Level 1:colcon.colcon_core.package_identification:_identify(src/ISCAS_ENV/models/ISCAS_groundplane/materials) by extension 'python'
[0.303s] Level 1:colcon.colcon_core.package_identification:_identify(src/ISCAS_ENV/models/ISCAS_groundplane/materials) by extensions ['python_setup_py']
[0.303s] Level 1:colcon.colcon_core.package_identification:_identify(src/ISCAS_ENV/models/ISCAS_groundplane/materials) by extension 'python_setup_py'
[0.303s] Level 1:colcon.colcon_core.package_identification:_identify(src/ISCAS_ENV/models/ISCAS_groundplane/materials/scripts) by extensions ['ignore', 'ignore_ament_install']
[0.303s] Level 1:colcon.colcon_core.package_identification:_identify(src/ISCAS_ENV/models/ISCAS_groundplane/materials/scripts) by extension 'ignore'
[0.303s] Level 1:colcon.colcon_core.package_identification:_identify(src/ISCAS_ENV/models/ISCAS_groundplane/materials/scripts) by extension 'ignore_ament_install'
[0.303s] Level 1:colcon.colcon_core.package_identification:_identify(src/ISCAS_ENV/models/ISCAS_groundplane/materials/scripts) by extensions ['colcon_pkg']
[0.303s] Level 1:colcon.colcon_core.package_identification:_identify(src/ISCAS_ENV/models/ISCAS_groundplane/materials/scripts) by extension 'colcon_pkg'
[0.303s] Level 1:colcon.colcon_core.package_identification:_identify(src/ISCAS_ENV/models/ISCAS_groundplane/materials/scripts) by extensions ['colcon_meta']
[0.303s] Level 1:colcon.colcon_core.package_identification:_identify(src/ISCAS_ENV/models/ISCAS_groundplane/materials/scripts) by extension 'colcon_meta'
[0.303s] Level 1:colcon.colcon_core.package_identification:_identify(src/ISCAS_ENV/models/ISCAS_groundplane/materials/scripts) by extensions ['ros']
[0.303s] Level 1:colcon.colcon_core.package_identification:_identify(src/ISCAS_ENV/models/ISCAS_groundplane/materials/scripts) by extension 'ros'
[0.304s] Level 1:colcon.colcon_core.package_identification:_identify(src/ISCAS_ENV/models/ISCAS_groundplane/materials/scripts) by extensions ['cmake', 'python']
[0.304s] Level 1:colcon.colcon_core.package_identification:_identify(src/ISCAS_ENV/models/ISCAS_groundplane/materials/scripts) by extension 'cmake'
[0.304s] Level 1:colcon.colcon_core.package_identification:_identify(src/ISCAS_ENV/models/ISCAS_groundplane/materials/scripts) by extension 'python'
[0.304s] Level 1:colcon.colcon_core.package_identification:_identify(src/ISCAS_ENV/models/ISCAS_groundplane/materials/scripts) by extensions ['python_setup_py']
[0.304s] Level 1:colcon.colcon_core.package_identification:_identify(src/ISCAS_ENV/models/ISCAS_groundplane/materials/scripts) by extension 'python_setup_py'
[0.304s] Level 1:colcon.colcon_core.package_identification:_identify(src/ISCAS_ENV/models/ISCAS_groundplane/materials/textures) by extensions ['ignore', 'ignore_ament_install']
[0.304s] Level 1:colcon.colcon_core.package_identification:_identify(src/ISCAS_ENV/models/ISCAS_groundplane/materials/textures) by extension 'ignore'
[0.304s] Level 1:colcon.colcon_core.package_identification:_identify(src/ISCAS_ENV/models/ISCAS_groundplane/materials/textures) by extension 'ignore_ament_install'
[0.304s] Level 1:colcon.colcon_core.package_identification:_identify(src/ISCAS_ENV/models/ISCAS_groundplane/materials/textures) by extensions ['colcon_pkg']
[0.304s] Level 1:colcon.colcon_core.package_identification:_identify(src/ISCAS_ENV/models/ISCAS_groundplane/materials/textures) by extension 'colcon_pkg'
[0.304s] Level 1:colcon.colcon_core.package_identification:_identify(src/ISCAS_ENV/models/ISCAS_groundplane/materials/textures) by extensions ['colcon_meta']
[0.304s] Level 1:colcon.colcon_core.package_identification:_identify(src/ISCAS_ENV/models/ISCAS_groundplane/materials/textures) by extension 'colcon_meta'
[0.304s] Level 1:colcon.colcon_core.package_identification:_identify(src/ISCAS_ENV/models/ISCAS_groundplane/materials/textures) by extensions ['ros']
[0.304s] Level 1:colcon.colcon_core.package_identification:_identify(src/ISCAS_ENV/models/ISCAS_groundplane/materials/textures) by extension 'ros'
[0.304s] Level 1:colcon.colcon_core.package_identification:_identify(src/ISCAS_ENV/models/ISCAS_groundplane/materials/textures) by extensions ['cmake', 'python']
[0.304s] Level 1:colcon.colcon_core.package_identification:_identify(src/ISCAS_ENV/models/ISCAS_groundplane/materials/textures) by extension 'cmake'
[0.304s] Level 1:colcon.colcon_core.package_identification:_identify(src/ISCAS_ENV/models/ISCAS_groundplane/materials/textures) by extension 'python'
[0.304s] Level 1:colcon.colcon_core.package_identification:_identify(src/ISCAS_ENV/models/ISCAS_groundplane/materials/textures) by extensions ['python_setup_py']
[0.304s] Level 1:colcon.colcon_core.package_identification:_identify(src/ISCAS_ENV/models/ISCAS_groundplane/materials/textures) by extension 'python_setup_py'
[0.304s] Level 1:colcon.colcon_core.package_identification:_identify(src/ISCAS_ENV/models/ISCAS_post) by extensions ['ignore', 'ignore_ament_install']
[0.304s] Level 1:colcon.colcon_core.package_identification:_identify(src/ISCAS_ENV/models/ISCAS_post) by extension 'ignore'
[0.304s] Level 1:colcon.colcon_core.package_identification:_identify(src/ISCAS_ENV/models/ISCAS_post) by extension 'ignore_ament_install'
[0.304s] Level 1:colcon.colcon_core.package_identification:_identify(src/ISCAS_ENV/models/ISCAS_post) by extensions ['colcon_pkg']
[0.304s] Level 1:colcon.colcon_core.package_identification:_identify(src/ISCAS_ENV/models/ISCAS_post) by extension 'colcon_pkg'
[0.305s] Level 1:colcon.colcon_core.package_identification:_identify(src/ISCAS_ENV/models/ISCAS_post) by extensions ['colcon_meta']
[0.305s] Level 1:colcon.colcon_core.package_identification:_identify(src/ISCAS_ENV/models/ISCAS_post) by extension 'colcon_meta'
[0.305s] Level 1:colcon.colcon_core.package_identification:_identify(src/ISCAS_ENV/models/ISCAS_post) by extensions ['ros']
[0.305s] Level 1:colcon.colcon_core.package_identification:_identify(src/ISCAS_ENV/models/ISCAS_post) by extension 'ros'
[0.305s] Level 1:colcon.colcon_core.package_identification:_identify(src/ISCAS_ENV/models/ISCAS_post) by extensions ['cmake', 'python']
[0.305s] Level 1:colcon.colcon_core.package_identification:_identify(src/ISCAS_ENV/models/ISCAS_post) by extension 'cmake'
[0.305s] Level 1:colcon.colcon_core.package_identification:_identify(src/ISCAS_ENV/models/ISCAS_post) by extension 'python'
[0.305s] Level 1:colcon.colcon_core.package_identification:_identify(src/ISCAS_ENV/models/ISCAS_post) by extensions ['python_setup_py']
[0.305s] Level 1:colcon.colcon_core.package_identification:_identify(src/ISCAS_ENV/models/ISCAS_post) by extension 'python_setup_py'
[0.305s] Level 1:colcon.colcon_core.package_identification:_identify(src/ISCAS_ENV/models/ISCAS_post/meshes) by extensions ['ignore', 'ignore_ament_install']
[0.305s] Level 1:colcon.colcon_core.package_identification:_identify(src/ISCAS_ENV/models/ISCAS_post/meshes) by extension 'ignore'
[0.305s] Level 1:colcon.colcon_core.package_identification:_identify(src/ISCAS_ENV/models/ISCAS_post/meshes) by extension 'ignore_ament_install'
[0.305s] Level 1:colcon.colcon_core.package_identification:_identify(src/ISCAS_ENV/models/ISCAS_post/meshes) by extensions ['colcon_pkg']
[0.305s] Level 1:colcon.colcon_core.package_identification:_identify(src/ISCAS_ENV/models/ISCAS_post/meshes) by extension 'colcon_pkg'
[0.305s] Level 1:colcon.colcon_core.package_identification:_identify(src/ISCAS_ENV/models/ISCAS_post/meshes) by extensions ['colcon_meta']
[0.305s] Level 1:colcon.colcon_core.package_identification:_identify(src/ISCAS_ENV/models/ISCAS_post/meshes) by extension 'colcon_meta'
[0.305s] Level 1:colcon.colcon_core.package_identification:_identify(src/ISCAS_ENV/models/ISCAS_post/meshes) by extensions ['ros']
[0.305s] Level 1:colcon.colcon_core.package_identification:_identify(src/ISCAS_ENV/models/ISCAS_post/meshes) by extension 'ros'
[0.305s] Level 1:colcon.colcon_core.package_identification:_identify(src/ISCAS_ENV/models/ISCAS_post/meshes) by extensions ['cmake', 'python']
[0.305s] Level 1:colcon.colcon_core.package_identification:_identify(src/ISCAS_ENV/models/ISCAS_post/meshes) by extension 'cmake'
[0.305s] Level 1:colcon.colcon_core.package_identification:_identify(src/ISCAS_ENV/models/ISCAS_post/meshes) by extension 'python'
[0.305s] Level 1:colcon.colcon_core.package_identification:_identify(src/ISCAS_ENV/models/ISCAS_post/meshes) by extensions ['python_setup_py']
[0.305s] Level 1:colcon.colcon_core.package_identification:_identify(src/ISCAS_ENV/models/ISCAS_post/meshes) by extension 'python_setup_py'
[0.305s] Level 1:colcon.colcon_core.package_identification:_identify(src/custom_command) by extensions ['ignore', 'ignore_ament_install']
[0.306s] Level 1:colcon.colcon_core.package_identification:_identify(src/custom_command) by extension 'ignore'
[0.306s] Level 1:colcon.colcon_core.package_identification:_identify(src/custom_command) by extension 'ignore_ament_install'
[0.306s] Level 1:colcon.colcon_core.package_identification:_identify(src/custom_command) by extensions ['colcon_pkg']
[0.306s] Level 1:colcon.colcon_core.package_identification:_identify(src/custom_command) by extension 'colcon_pkg'
[0.306s] Level 1:colcon.colcon_core.package_identification:_identify(src/custom_command) by extensions ['colcon_meta']
[0.306s] Level 1:colcon.colcon_core.package_identification:_identify(src/custom_command) by extension 'colcon_meta'
[0.306s] Level 1:colcon.colcon_core.package_identification:_identify(src/custom_command) by extensions ['ros']
[0.306s] Level 1:colcon.colcon_core.package_identification:_identify(src/custom_command) by extension 'ros'
[0.308s] DEBUG:colcon.colcon_core.package_identification:Package 'src/custom_command' with type 'ros.ament_cmake' and name 'custom_command'
[0.308s] Level 1:colcon.colcon_core.package_identification:_identify(src/robot_await) by extensions ['ignore', 'ignore_ament_install']
[0.308s] Level 1:colcon.colcon_core.package_identification:_identify(src/robot_await) by extension 'ignore'
[0.308s] Level 1:colcon.colcon_core.package_identification:_identify(src/robot_await) by extension 'ignore_ament_install'
[0.308s] Level 1:colcon.colcon_core.package_identification:_identify(src/robot_await) by extensions ['colcon_pkg']
[0.308s] Level 1:colcon.colcon_core.package_identification:_identify(src/robot_await) by extension 'colcon_pkg'
[0.308s] Level 1:colcon.colcon_core.package_identification:_identify(src/robot_await) by extensions ['colcon_meta']
[0.308s] Level 1:colcon.colcon_core.package_identification:_identify(src/robot_await) by extension 'colcon_meta'
[0.308s] Level 1:colcon.colcon_core.package_identification:_identify(src/robot_await) by extensions ['ros']
[0.308s] Level 1:colcon.colcon_core.package_identification:_identify(src/robot_await) by extension 'ros'
[0.309s] DEBUG:colcon.colcon_core.package_identification:Package 'src/robot_await' with type 'ros.ament_cmake' and name 'robot_await'
[0.309s] Level 1:colcon.colcon_core.package_identification:_identify(src/robot_control) by extensions ['ignore', 'ignore_ament_install']
[0.309s] Level 1:colcon.colcon_core.package_identification:_identify(src/robot_control) by extension 'ignore'
[0.309s] Level 1:colcon.colcon_core.package_identification:_identify(src/robot_control) by extension 'ignore_ament_install'
[0.309s] Level 1:colcon.colcon_core.package_identification:_identify(src/robot_control) by extensions ['colcon_pkg']
[0.309s] Level 1:colcon.colcon_core.package_identification:_identify(src/robot_control) by extension 'colcon_pkg'
[0.309s] Level 1:colcon.colcon_core.package_identification:_identify(src/robot_control) by extensions ['colcon_meta']
[0.309s] Level 1:colcon.colcon_core.package_identification:_identify(src/robot_control) by extension 'colcon_meta'
[0.309s] Level 1:colcon.colcon_core.package_identification:_identify(src/robot_control) by extensions ['ros']
[0.309s] Level 1:colcon.colcon_core.package_identification:_identify(src/robot_control) by extension 'ros'
[0.310s] DEBUG:colcon.colcon_core.package_identification:Package 'src/robot_control' with type 'ros.ament_cmake' and name 'robot_control'
[0.310s] Level 1:colcon.colcon_core.package_identification:_identify(src/robot_description) by extensions ['ignore', 'ignore_ament_install']
[0.310s] Level 1:colcon.colcon_core.package_identification:_identify(src/robot_description) by extension 'ignore'
[0.310s] Level 1:colcon.colcon_core.package_identification:_identify(src/robot_description) by extension 'ignore_ament_install'
[0.310s] Level 1:colcon.colcon_core.package_identification:_identify(src/robot_description) by extensions ['colcon_pkg']
[0.310s] Level 1:colcon.colcon_core.package_identification:_identify(src/robot_description) by extension 'colcon_pkg'
[0.310s] Level 1:colcon.colcon_core.package_identification:_identify(src/robot_description) by extensions ['colcon_meta']
[0.310s] Level 1:colcon.colcon_core.package_identification:_identify(src/robot_description) by extension 'colcon_meta'
[0.310s] Level 1:colcon.colcon_core.package_identification:_identify(src/robot_description) by extensions ['ros']
[0.310s] Level 1:colcon.colcon_core.package_identification:_identify(src/robot_description) by extension 'ros'
[0.311s] DEBUG:colcon.colcon_core.package_identification:Package 'src/robot_description' with type 'ros.ament_cmake' and name 'robot_description'
[0.311s] Level 1:colcon.colcon_core.package_identification:_identify(src/robot_environment) by extensions ['ignore', 'ignore_ament_install']
[0.311s] Level 1:colcon.colcon_core.package_identification:_identify(src/robot_environment) by extension 'ignore'
[0.311s] Level 1:colcon.colcon_core.package_identification:_identify(src/robot_environment) by extension 'ignore_ament_install'
[0.311s] Level 1:colcon.colcon_core.package_identification:_identify(src/robot_environment) by extensions ['colcon_pkg']
[0.311s] Level 1:colcon.colcon_core.package_identification:_identify(src/robot_environment) by extension 'colcon_pkg'
[0.311s] Level 1:colcon.colcon_core.package_identification:_identify(src/robot_environment) by extensions ['colcon_meta']
[0.311s] Level 1:colcon.colcon_core.package_identification:_identify(src/robot_environment) by extension 'colcon_meta'
[0.311s] Level 1:colcon.colcon_core.package_identification:_identify(src/robot_environment) by extensions ['ros']
[0.311s] Level 1:colcon.colcon_core.package_identification:_identify(src/robot_environment) by extension 'ros'
[0.311s] DEBUG:colcon.colcon_core.package_identification:Package 'src/robot_environment' with type 'ros.ament_cmake' and name 'robot_environment'
[0.312s] Level 1:colcon.colcon_core.package_identification:_identify(src/robot_navigation) by extensions ['ignore', 'ignore_ament_install']
[0.312s] Level 1:colcon.colcon_core.package_identification:_identify(src/robot_navigation) by extension 'ignore'
[0.312s] Level 1:colcon.colcon_core.package_identification:_identify(src/robot_navigation) by extension 'ignore_ament_install'
[0.312s] Level 1:colcon.colcon_core.package_identification:_identify(src/robot_navigation) by extensions ['colcon_pkg']
[0.312s] Level 1:colcon.colcon_core.package_identification:_identify(src/robot_navigation) by extension 'colcon_pkg'
[0.312s] Level 1:colcon.colcon_core.package_identification:_identify(src/robot_navigation) by extensions ['colcon_meta']
[0.312s] Level 1:colcon.colcon_core.package_identification:_identify(src/robot_navigation) by extension 'colcon_meta'
[0.312s] Level 1:colcon.colcon_core.package_identification:_identify(src/robot_navigation) by extensions ['ros']
[0.312s] Level 1:colcon.colcon_core.package_identification:_identify(src/robot_navigation) by extension 'ros'
[0.312s] DEBUG:colcon.colcon_core.package_identification:Package 'src/robot_navigation' with type 'ros.ament_cmake' and name 'robot_navigation'
[0.312s] Level 1:colcon.colcon_core.package_identification:_identify(src/robot_slam) by extensions ['ignore', 'ignore_ament_install']
[0.312s] Level 1:colcon.colcon_core.package_identification:_identify(src/robot_slam) by extension 'ignore'
[0.313s] Level 1:colcon.colcon_core.package_identification:_identify(src/robot_slam) by extension 'ignore_ament_install'
[0.313s] Level 1:colcon.colcon_core.package_identification:_identify(src/robot_slam) by extensions ['colcon_pkg']
[0.313s] Level 1:colcon.colcon_core.package_identification:_identify(src/robot_slam) by extension 'colcon_pkg'
[0.313s] Level 1:colcon.colcon_core.package_identification:_identify(src/robot_slam) by extensions ['colcon_meta']
[0.313s] Level 1:colcon.colcon_core.package_identification:_identify(src/robot_slam) by extension 'colcon_meta'
[0.313s] Level 1:colcon.colcon_core.package_identification:_identify(src/robot_slam) by extensions ['ros']
[0.313s] Level 1:colcon.colcon_core.package_identification:_identify(src/robot_slam) by extension 'ros'
[0.313s] DEBUG:colcon.colcon_core.package_identification:Package 'src/robot_slam' with type 'ros.ament_cmake' and name 'robot_slam'
[0.314s] Level 1:colcon.colcon_core.package_discovery:discover_packages(recursive) using defaults
[0.314s] Level 1:colcon.colcon_core.package_discovery:discover_packages(ignore) discover
[0.314s] Level 1:colcon.colcon_core.package_discovery:discover_packages(ignore) using defaults
[0.314s] Level 1:colcon.colcon_core.package_discovery:discover_packages(path) discover
[0.314s] Level 1:colcon.colcon_core.package_discovery:discover_packages(path) using defaults
[0.331s] Level 1:colcon.colcon_core.package_discovery:discover_packages(prefix_path) check parameters
[0.331s] Level 1:colcon.colcon_core.package_discovery:discover_packages(prefix_path) discover
[0.334s] DEBUG:colcon.colcon_installed_package_information.package_discovery:Found 5 installed packages in /mnt/nvme1n1p6/PLCT/NAV2/nav2_sim/install
[0.334s] DEBUG:colcon.colcon_installed_package_information.package_discovery:Found 15 installed packages in /home/kunama/PLCT/NAV2/yahboom_src_code/slam_ws_src/install
[0.336s] DEBUG:colcon.colcon_installed_package_information.package_discovery:Found 423 installed packages in /opt/ros/humble
[0.339s] Level 1:colcon.colcon_core.package_discovery:discover_packages(prefix_path) using defaults
[0.383s] Level 5:colcon.colcon_core.verb:set package 'custom_command' build argument 'cmake_args' from command line to 'None'
[0.383s] Level 5:colcon.colcon_core.verb:set package 'custom_command' build argument 'cmake_target' from command line to 'None'
[0.383s] Level 5:colcon.colcon_core.verb:set package 'custom_command' build argument 'cmake_target_skip_unavailable' from command line to 'False'
[0.383s] Level 5:colcon.colcon_core.verb:set package 'custom_command' build argument 'cmake_clean_cache' from command line to 'False'
[0.383s] Level 5:colcon.colcon_core.verb:set package 'custom_command' build argument 'cmake_clean_first' from command line to 'False'
[0.383s] Level 5:colcon.colcon_core.verb:set package 'custom_command' build argument 'cmake_force_configure' from command line to 'False'
[0.383s] Level 5:colcon.colcon_core.verb:set package 'custom_command' build argument 'ament_cmake_args' from command line to 'None'
[0.383s] Level 5:colcon.colcon_core.verb:set package 'custom_command' build argument 'catkin_cmake_args' from command line to 'None'
[0.383s] Level 5:colcon.colcon_core.verb:set package 'custom_command' build argument 'catkin_skip_building_tests' from command line to 'False'
[0.383s] DEBUG:colcon.colcon_core.verb:Building package 'custom_command' with the following arguments: {'ament_cmake_args': None, 'build_base': '/mnt/nvme1n1p6/PLCT/NAV2/nav2_sim/build/custom_command', 'catkin_cmake_args': None, 'catkin_skip_building_tests': False, 'cmake_args': None, 'cmake_clean_cache': False, 'cmake_clean_first': False, 'cmake_force_configure': False, 'cmake_target': None, 'cmake_target_skip_unavailable': False, 'install_base': '/mnt/nvme1n1p6/PLCT/NAV2/nav2_sim/install/custom_command', 'merge_install': False, 'path': '/mnt/nvme1n1p6/PLCT/NAV2/nav2_sim/src/custom_command', 'symlink_install': True, 'test_result_base': None}
[0.384s] Level 5:colcon.colcon_core.verb:set package 'robot_await' build argument 'cmake_args' from command line to 'None'
[0.384s] Level 5:colcon.colcon_core.verb:set package 'robot_await' build argument 'cmake_target' from command line to 'None'
[0.384s] Level 5:colcon.colcon_core.verb:set package 'robot_await' build argument 'cmake_target_skip_unavailable' from command line to 'False'
[0.384s] Level 5:colcon.colcon_core.verb:set package 'robot_await' build argument 'cmake_clean_cache' from command line to 'False'
[0.384s] Level 5:colcon.colcon_core.verb:set package 'robot_await' build argument 'cmake_clean_first' from command line to 'False'
[0.384s] Level 5:colcon.colcon_core.verb:set package 'robot_await' build argument 'cmake_force_configure' from command line to 'False'
[0.384s] Level 5:colcon.colcon_core.verb:set package 'robot_await' build argument 'ament_cmake_args' from command line to 'None'
[0.384s] Level 5:colcon.colcon_core.verb:set package 'robot_await' build argument 'catkin_cmake_args' from command line to 'None'
[0.384s] Level 5:colcon.colcon_core.verb:set package 'robot_await' build argument 'catkin_skip_building_tests' from command line to 'False'
[0.384s] DEBUG:colcon.colcon_core.verb:Building package 'robot_await' with the following arguments: {'ament_cmake_args': None, 'build_base': '/mnt/nvme1n1p6/PLCT/NAV2/nav2_sim/build/robot_await', 'catkin_cmake_args': None, 'catkin_skip_building_tests': False, 'cmake_args': None, 'cmake_clean_cache': False, 'cmake_clean_first': False, 'cmake_force_configure': False, 'cmake_target': None, 'cmake_target_skip_unavailable': False, 'install_base': '/mnt/nvme1n1p6/PLCT/NAV2/nav2_sim/install/robot_await', 'merge_install': False, 'path': '/mnt/nvme1n1p6/PLCT/NAV2/nav2_sim/src/robot_await', 'symlink_install': True, 'test_result_base': None}
[0.384s] Level 5:colcon.colcon_core.verb:set package 'robot_control' build argument 'cmake_args' from command line to 'None'
[0.384s] Level 5:colcon.colcon_core.verb:set package 'robot_control' build argument 'cmake_target' from command line to 'None'
[0.384s] Level 5:colcon.colcon_core.verb:set package 'robot_control' build argument 'cmake_target_skip_unavailable' from command line to 'False'
[0.384s] Level 5:colcon.colcon_core.verb:set package 'robot_control' build argument 'cmake_clean_cache' from command line to 'False'
[0.384s] Level 5:colcon.colcon_core.verb:set package 'robot_control' build argument 'cmake_clean_first' from command line to 'False'
[0.384s] Level 5:colcon.colcon_core.verb:set package 'robot_control' build argument 'cmake_force_configure' from command line to 'False'
[0.384s] Level 5:colcon.colcon_core.verb:set package 'robot_control' build argument 'ament_cmake_args' from command line to 'None'
[0.384s] Level 5:colcon.colcon_core.verb:set package 'robot_control' build argument 'catkin_cmake_args' from command line to 'None'
[0.384s] Level 5:colcon.colcon_core.verb:set package 'robot_control' build argument 'catkin_skip_building_tests' from command line to 'False'
[0.384s] DEBUG:colcon.colcon_core.verb:Building package 'robot_control' with the following arguments: {'ament_cmake_args': None, 'build_base': '/mnt/nvme1n1p6/PLCT/NAV2/nav2_sim/build/robot_control', 'catkin_cmake_args': None, 'catkin_skip_building_tests': False, 'cmake_args': None, 'cmake_clean_cache': False, 'cmake_clean_first': False, 'cmake_force_configure': False, 'cmake_target': None, 'cmake_target_skip_unavailable': False, 'install_base': '/mnt/nvme1n1p6/PLCT/NAV2/nav2_sim/install/robot_control', 'merge_install': False, 'path': '/mnt/nvme1n1p6/PLCT/NAV2/nav2_sim/src/robot_control', 'symlink_install': True, 'test_result_base': None}
[0.385s] Level 5:colcon.colcon_core.verb:set package 'robot_description' build argument 'cmake_args' from command line to 'None'
[0.385s] Level 5:colcon.colcon_core.verb:set package 'robot_description' build argument 'cmake_target' from command line to 'None'
[0.385s] Level 5:colcon.colcon_core.verb:set package 'robot_description' build argument 'cmake_target_skip_unavailable' from command line to 'False'
[0.385s] Level 5:colcon.colcon_core.verb:set package 'robot_description' build argument 'cmake_clean_cache' from command line to 'False'
[0.385s] Level 5:colcon.colcon_core.verb:set package 'robot_description' build argument 'cmake_clean_first' from command line to 'False'
[0.385s] Level 5:colcon.colcon_core.verb:set package 'robot_description' build argument 'cmake_force_configure' from command line to 'False'
[0.385s] Level 5:colcon.colcon_core.verb:set package 'robot_description' build argument 'ament_cmake_args' from command line to 'None'
[0.385s] Level 5:colcon.colcon_core.verb:set package 'robot_description' build argument 'catkin_cmake_args' from command line to 'None'
[0.385s] Level 5:colcon.colcon_core.verb:set package 'robot_description' build argument 'catkin_skip_building_tests' from command line to 'False'
[0.385s] DEBUG:colcon.colcon_core.verb:Building package 'robot_description' with the following arguments: {'ament_cmake_args': None, 'build_base': '/mnt/nvme1n1p6/PLCT/NAV2/nav2_sim/build/robot_description', 'catkin_cmake_args': None, 'catkin_skip_building_tests': False, 'cmake_args': None, 'cmake_clean_cache': False, 'cmake_clean_first': False, 'cmake_force_configure': False, 'cmake_target': None, 'cmake_target_skip_unavailable': False, 'install_base': '/mnt/nvme1n1p6/PLCT/NAV2/nav2_sim/install/robot_description', 'merge_install': False, 'path': '/mnt/nvme1n1p6/PLCT/NAV2/nav2_sim/src/robot_description', 'symlink_install': True, 'test_result_base': None}
[0.385s] Level 5:colcon.colcon_core.verb:set package 'robot_environment' build argument 'cmake_args' from command line to 'None'
[0.385s] Level 5:colcon.colcon_core.verb:set package 'robot_environment' build argument 'cmake_target' from command line to 'None'
[0.385s] Level 5:colcon.colcon_core.verb:set package 'robot_environment' build argument 'cmake_target_skip_unavailable' from command line to 'False'
[0.385s] Level 5:colcon.colcon_core.verb:set package 'robot_environment' build argument 'cmake_clean_cache' from command line to 'False'
[0.385s] Level 5:colcon.colcon_core.verb:set package 'robot_environment' build argument 'cmake_clean_first' from command line to 'False'
[0.385s] Level 5:colcon.colcon_core.verb:set package 'robot_environment' build argument 'cmake_force_configure' from command line to 'False'
[0.385s] Level 5:colcon.colcon_core.verb:set package 'robot_environment' build argument 'ament_cmake_args' from command line to 'None'
[0.385s] Level 5:colcon.colcon_core.verb:set package 'robot_environment' build argument 'catkin_cmake_args' from command line to 'None'
[0.385s] Level 5:colcon.colcon_core.verb:set package 'robot_environment' build argument 'catkin_skip_building_tests' from command line to 'False'
[0.385s] DEBUG:colcon.colcon_core.verb:Building package 'robot_environment' with the following arguments: {'ament_cmake_args': None, 'build_base': '/mnt/nvme1n1p6/PLCT/NAV2/nav2_sim/build/robot_environment', 'catkin_cmake_args': None, 'catkin_skip_building_tests': False, 'cmake_args': None, 'cmake_clean_cache': False, 'cmake_clean_first': False, 'cmake_force_configure': False, 'cmake_target': None, 'cmake_target_skip_unavailable': False, 'install_base': '/mnt/nvme1n1p6/PLCT/NAV2/nav2_sim/install/robot_environment', 'merge_install': False, 'path': '/mnt/nvme1n1p6/PLCT/NAV2/nav2_sim/src/robot_environment', 'symlink_install': True, 'test_result_base': None}
[0.385s] Level 5:colcon.colcon_core.verb:set package 'robot_navigation' build argument 'cmake_args' from command line to 'None'
[0.386s] Level 5:colcon.colcon_core.verb:set package 'robot_navigation' build argument 'cmake_target' from command line to 'None'
[0.386s] Level 5:colcon.colcon_core.verb:set package 'robot_navigation' build argument 'cmake_target_skip_unavailable' from command line to 'False'
[0.386s] Level 5:colcon.colcon_core.verb:set package 'robot_navigation' build argument 'cmake_clean_cache' from command line to 'False'
[0.386s] Level 5:colcon.colcon_core.verb:set package 'robot_navigation' build argument 'cmake_clean_first' from command line to 'False'
[0.386s] Level 5:colcon.colcon_core.verb:set package 'robot_navigation' build argument 'cmake_force_configure' from command line to 'False'
[0.386s] Level 5:colcon.colcon_core.verb:set package 'robot_navigation' build argument 'ament_cmake_args' from command line to 'None'
[0.386s] Level 5:colcon.colcon_core.verb:set package 'robot_navigation' build argument 'catkin_cmake_args' from command line to 'None'
[0.386s] Level 5:colcon.colcon_core.verb:set package 'robot_navigation' build argument 'catkin_skip_building_tests' from command line to 'False'
[0.386s] DEBUG:colcon.colcon_core.verb:Building package 'robot_navigation' with the following arguments: {'ament_cmake_args': None, 'build_base': '/mnt/nvme1n1p6/PLCT/NAV2/nav2_sim/build/robot_navigation', 'catkin_cmake_args': None, 'catkin_skip_building_tests': False, 'cmake_args': None, 'cmake_clean_cache': False, 'cmake_clean_first': False, 'cmake_force_configure': False, 'cmake_target': None, 'cmake_target_skip_unavailable': False, 'install_base': '/mnt/nvme1n1p6/PLCT/NAV2/nav2_sim/install/robot_navigation', 'merge_install': False, 'path': '/mnt/nvme1n1p6/PLCT/NAV2/nav2_sim/src/robot_navigation', 'symlink_install': True, 'test_result_base': None}
[0.386s] Level 5:colcon.colcon_core.verb:set package 'robot_slam' build argument 'cmake_args' from command line to 'None'
[0.386s] Level 5:colcon.colcon_core.verb:set package 'robot_slam' build argument 'cmake_target' from command line to 'None'
[0.386s] Level 5:colcon.colcon_core.verb:set package 'robot_slam' build argument 'cmake_target_skip_unavailable' from command line to 'False'
[0.386s] Level 5:colcon.colcon_core.verb:set package 'robot_slam' build argument 'cmake_clean_cache' from command line to 'False'
[0.386s] Level 5:colcon.colcon_core.verb:set package 'robot_slam' build argument 'cmake_clean_first' from command line to 'False'
[0.386s] Level 5:colcon.colcon_core.verb:set package 'robot_slam' build argument 'cmake_force_configure' from command line to 'False'
[0.386s] Level 5:colcon.colcon_core.verb:set package 'robot_slam' build argument 'ament_cmake_args' from command line to 'None'
[0.386s] Level 5:colcon.colcon_core.verb:set package 'robot_slam' build argument 'catkin_cmake_args' from command line to 'None'
[0.386s] Level 5:colcon.colcon_core.verb:set package 'robot_slam' build argument 'catkin_skip_building_tests' from command line to 'False'
[0.386s] DEBUG:colcon.colcon_core.verb:Building package 'robot_slam' with the following arguments: {'ament_cmake_args': None, 'build_base': '/mnt/nvme1n1p6/PLCT/NAV2/nav2_sim/build/robot_slam', 'catkin_cmake_args': None, 'catkin_skip_building_tests': False, 'cmake_args': None, 'cmake_clean_cache': False, 'cmake_clean_first': False, 'cmake_force_configure': False, 'cmake_target': None, 'cmake_target_skip_unavailable': False, 'install_base': '/mnt/nvme1n1p6/PLCT/NAV2/nav2_sim/install/robot_slam', 'merge_install': False, 'path': '/mnt/nvme1n1p6/PLCT/NAV2/nav2_sim/src/robot_slam', 'symlink_install': True, 'test_result_base': None}
[0.386s] INFO:colcon.colcon_core.executor:Executing jobs using 'parallel' executor
[0.387s] DEBUG:colcon.colcon_parallel_executor.executor.parallel:run_until_complete
[0.388s] INFO:colcon.colcon_ros.task.ament_cmake.build:Building ROS package in '/mnt/nvme1n1p6/PLCT/NAV2/nav2_sim/src/custom_command' with build type 'ament_cmake'
[0.388s] INFO:colcon.colcon_cmake.task.cmake.build:Building CMake package in '/mnt/nvme1n1p6/PLCT/NAV2/nav2_sim/src/custom_command'
[0.390s] INFO:colcon.colcon_core.plugin_system:Skipping extension 'colcon_core.shell.bat': Not used on non-Windows systems
[0.390s] INFO:colcon.colcon_core.shell:Skip shell extension 'powershell' for command environment: Not usable outside of PowerShell
[0.390s] DEBUG:colcon.colcon_core.shell:Skip shell extension 'dsv' for command environment
[0.396s] INFO:colcon.colcon_ros.task.ament_cmake.build:Building ROS package in '/mnt/nvme1n1p6/PLCT/NAV2/nav2_sim/src/robot_await' with build type 'ament_cmake'
[0.396s] INFO:colcon.colcon_cmake.task.cmake.build:Building CMake package in '/mnt/nvme1n1p6/PLCT/NAV2/nav2_sim/src/robot_await'
[0.396s] INFO:colcon.colcon_core.shell:Skip shell extension 'powershell' for command environment: Not usable outside of PowerShell
[0.396s] DEBUG:colcon.colcon_core.shell:Skip shell extension 'dsv' for command environment
[0.402s] INFO:colcon.colcon_ros.task.ament_cmake.build:Building ROS package in '/mnt/nvme1n1p6/PLCT/NAV2/nav2_sim/src/robot_control' with build type 'ament_cmake'
[0.402s] INFO:colcon.colcon_cmake.task.cmake.build:Building CMake package in '/mnt/nvme1n1p6/PLCT/NAV2/nav2_sim/src/robot_control'
[0.402s] INFO:colcon.colcon_core.shell:Skip shell extension 'powershell' for command environment: Not usable outside of PowerShell
[0.402s] DEBUG:colcon.colcon_core.shell:Skip shell extension 'dsv' for command environment
[0.408s] INFO:colcon.colcon_ros.task.ament_cmake.build:Building ROS package in '/mnt/nvme1n1p6/PLCT/NAV2/nav2_sim/src/robot_description' with build type 'ament_cmake'
[0.408s] INFO:colcon.colcon_cmake.task.cmake.build:Building CMake package in '/mnt/nvme1n1p6/PLCT/NAV2/nav2_sim/src/robot_description'
[0.408s] INFO:colcon.colcon_core.shell:Skip shell extension 'powershell' for command environment: Not usable outside of PowerShell
[0.409s] DEBUG:colcon.colcon_core.shell:Skip shell extension 'dsv' for command environment
[0.414s] INFO:colcon.colcon_ros.task.ament_cmake.build:Building ROS package in '/mnt/nvme1n1p6/PLCT/NAV2/nav2_sim/src/robot_environment' with build type 'ament_cmake'
[0.414s] INFO:colcon.colcon_cmake.task.cmake.build:Building CMake package in '/mnt/nvme1n1p6/PLCT/NAV2/nav2_sim/src/robot_environment'
[0.414s] INFO:colcon.colcon_core.shell:Skip shell extension 'powershell' for command environment: Not usable outside of PowerShell
[0.414s] DEBUG:colcon.colcon_core.shell:Skip shell extension 'dsv' for command environment
[0.421s] INFO:colcon.colcon_ros.task.ament_cmake.build:Building ROS package in '/mnt/nvme1n1p6/PLCT/NAV2/nav2_sim/src/robot_navigation' with build type 'ament_cmake'
[0.421s] INFO:colcon.colcon_cmake.task.cmake.build:Building CMake package in '/mnt/nvme1n1p6/PLCT/NAV2/nav2_sim/src/robot_navigation'
[0.421s] INFO:colcon.colcon_core.shell:Skip shell extension 'powershell' for command environment: Not usable outside of PowerShell
[0.421s] DEBUG:colcon.colcon_core.shell:Skip shell extension 'dsv' for command environment
[0.426s] INFO:colcon.colcon_ros.task.ament_cmake.build:Building ROS package in '/mnt/nvme1n1p6/PLCT/NAV2/nav2_sim/src/robot_slam' with build type 'ament_cmake'
[0.426s] INFO:colcon.colcon_cmake.task.cmake.build:Building CMake package in '/mnt/nvme1n1p6/PLCT/NAV2/nav2_sim/src/robot_slam'
[0.427s] INFO:colcon.colcon_core.shell:Skip shell extension 'powershell' for command environment: Not usable outside of PowerShell
[0.427s] DEBUG:colcon.colcon_core.shell:Skip shell extension 'dsv' for command environment
[0.439s] DEBUG:colcon.colcon_core.event_handler.log_command:Invoking command in '/mnt/nvme1n1p6/PLCT/NAV2/nav2_sim/build/custom_command': CMAKE_PREFIX_PATH=${CMAKE_PREFIX_PATH}:/home/kunama/PLCT/NAV2/yahboom_src_code/slam_ws_src/install/yahboomcar_nav:/home/kunama/PLCT/NAV2/yahboom_src_code/slam_ws_src/install/yahboomcar_description:/home/kunama/PLCT/NAV2/yahboom_src_code/slam_ws_src/install/yahboomcar_ctrl:/home/kunama/PLCT/NAV2/yahboom_src_code/slam_ws_src/install/yahboomcar_bringup:/home/kunama/PLCT/NAV2/yahboom_src_code/slam_ws_src/install/yahboom_app_save_map:/home/kunama/PLCT/NAV2/yahboom_src_code/slam_ws_src/install/laserscan_to_point_publisher:/opt/ros/humble /usr/bin/cmake /mnt/nvme1n1p6/PLCT/NAV2/nav2_sim/src/custom_command -DAMENT_CMAKE_SYMLINK_INSTALL=1 -DCMAKE_INSTALL_PREFIX=/mnt/nvme1n1p6/PLCT/NAV2/nav2_sim/install/custom_command
[0.443s] DEBUG:colcon.colcon_core.event_handler.log_command:Invoking command in '/mnt/nvme1n1p6/PLCT/NAV2/nav2_sim/build/robot_await': CMAKE_PREFIX_PATH=${CMAKE_PREFIX_PATH}:/home/kunama/PLCT/NAV2/yahboom_src_code/slam_ws_src/install/yahboomcar_nav:/home/kunama/PLCT/NAV2/yahboom_src_code/slam_ws_src/install/yahboomcar_description:/home/kunama/PLCT/NAV2/yahboom_src_code/slam_ws_src/install/yahboomcar_ctrl:/home/kunama/PLCT/NAV2/yahboom_src_code/slam_ws_src/install/yahboomcar_bringup:/home/kunama/PLCT/NAV2/yahboom_src_code/slam_ws_src/install/yahboom_app_save_map:/home/kunama/PLCT/NAV2/yahboom_src_code/slam_ws_src/install/laserscan_to_point_publisher:/opt/ros/humble /usr/bin/cmake /mnt/nvme1n1p6/PLCT/NAV2/nav2_sim/src/robot_await -DAMENT_CMAKE_SYMLINK_INSTALL=1 -DCMAKE_INSTALL_PREFIX=/mnt/nvme1n1p6/PLCT/NAV2/nav2_sim/install/robot_await
[0.446s] DEBUG:colcon.colcon_core.event_handler.log_command:Invoking command in '/mnt/nvme1n1p6/PLCT/NAV2/nav2_sim/build/robot_control': CMAKE_PREFIX_PATH=${CMAKE_PREFIX_PATH}:/home/kunama/PLCT/NAV2/yahboom_src_code/slam_ws_src/install/yahboomcar_nav:/home/kunama/PLCT/NAV2/yahboom_src_code/slam_ws_src/install/yahboomcar_description:/home/kunama/PLCT/NAV2/yahboom_src_code/slam_ws_src/install/yahboomcar_ctrl:/home/kunama/PLCT/NAV2/yahboom_src_code/slam_ws_src/install/yahboomcar_bringup:/home/kunama/PLCT/NAV2/yahboom_src_code/slam_ws_src/install/yahboom_app_save_map:/home/kunama/PLCT/NAV2/yahboom_src_code/slam_ws_src/install/laserscan_to_point_publisher:/opt/ros/humble /usr/bin/cmake --build /mnt/nvme1n1p6/PLCT/NAV2/nav2_sim/build/robot_control -- -j12 -l12
[0.450s] DEBUG:colcon.colcon_core.event_handler.log_command:Invoking command in '/mnt/nvme1n1p6/PLCT/NAV2/nav2_sim/build/robot_description': CMAKE_PREFIX_PATH=${CMAKE_PREFIX_PATH}:/home/kunama/PLCT/NAV2/yahboom_src_code/slam_ws_src/install/yahboomcar_nav:/home/kunama/PLCT/NAV2/yahboom_src_code/slam_ws_src/install/yahboomcar_description:/home/kunama/PLCT/NAV2/yahboom_src_code/slam_ws_src/install/yahboomcar_ctrl:/home/kunama/PLCT/NAV2/yahboom_src_code/slam_ws_src/install/yahboomcar_bringup:/home/kunama/PLCT/NAV2/yahboom_src_code/slam_ws_src/install/yahboom_app_save_map:/home/kunama/PLCT/NAV2/yahboom_src_code/slam_ws_src/install/laserscan_to_point_publisher:/opt/ros/humble /usr/bin/cmake --build /mnt/nvme1n1p6/PLCT/NAV2/nav2_sim/build/robot_description -- -j12 -l12
[0.454s] DEBUG:colcon.colcon_core.event_handler.log_command:Invoking command in '/mnt/nvme1n1p6/PLCT/NAV2/nav2_sim/build/robot_environment': CMAKE_PREFIX_PATH=${CMAKE_PREFIX_PATH}:/home/kunama/PLCT/NAV2/yahboom_src_code/slam_ws_src/install/yahboomcar_nav:/home/kunama/PLCT/NAV2/yahboom_src_code/slam_ws_src/install/yahboomcar_description:/home/kunama/PLCT/NAV2/yahboom_src_code/slam_ws_src/install/yahboomcar_ctrl:/home/kunama/PLCT/NAV2/yahboom_src_code/slam_ws_src/install/yahboomcar_bringup:/home/kunama/PLCT/NAV2/yahboom_src_code/slam_ws_src/install/yahboom_app_save_map:/home/kunama/PLCT/NAV2/yahboom_src_code/slam_ws_src/install/laserscan_to_point_publisher:/opt/ros/humble /usr/bin/cmake --build /mnt/nvme1n1p6/PLCT/NAV2/nav2_sim/build/robot_environment -- -j12 -l12
[0.459s] DEBUG:colcon.colcon_core.event_handler.log_command:Invoking command in '/mnt/nvme1n1p6/PLCT/NAV2/nav2_sim/build/robot_navigation': CMAKE_PREFIX_PATH=${CMAKE_PREFIX_PATH}:/home/kunama/PLCT/NAV2/yahboom_src_code/slam_ws_src/install/yahboomcar_nav:/home/kunama/PLCT/NAV2/yahboom_src_code/slam_ws_src/install/yahboomcar_description:/home/kunama/PLCT/NAV2/yahboom_src_code/slam_ws_src/install/yahboomcar_ctrl:/home/kunama/PLCT/NAV2/yahboom_src_code/slam_ws_src/install/yahboomcar_bringup:/home/kunama/PLCT/NAV2/yahboom_src_code/slam_ws_src/install/yahboom_app_save_map:/home/kunama/PLCT/NAV2/yahboom_src_code/slam_ws_src/install/laserscan_to_point_publisher:/opt/ros/humble /usr/bin/cmake --build /mnt/nvme1n1p6/PLCT/NAV2/nav2_sim/build/robot_navigation -- -j12 -l12
[0.468s] DEBUG:colcon.colcon_core.event_handler.log_command:Invoking command in '/mnt/nvme1n1p6/PLCT/NAV2/nav2_sim/build/robot_slam': CMAKE_PREFIX_PATH=${CMAKE_PREFIX_PATH}:/home/kunama/PLCT/NAV2/yahboom_src_code/slam_ws_src/install/yahboomcar_nav:/home/kunama/PLCT/NAV2/yahboom_src_code/slam_ws_src/install/yahboomcar_description:/home/kunama/PLCT/NAV2/yahboom_src_code/slam_ws_src/install/yahboomcar_ctrl:/home/kunama/PLCT/NAV2/yahboom_src_code/slam_ws_src/install/yahboomcar_bringup:/home/kunama/PLCT/NAV2/yahboom_src_code/slam_ws_src/install/yahboom_app_save_map:/home/kunama/PLCT/NAV2/yahboom_src_code/slam_ws_src/install/laserscan_to_point_publisher:/opt/ros/humble /usr/bin/cmake --build /mnt/nvme1n1p6/PLCT/NAV2/nav2_sim/build/robot_slam -- -j12 -l12
[0.501s] DEBUG:colcon.colcon_core.event_handler.log_command:Invoked command in '/mnt/nvme1n1p6/PLCT/NAV2/nav2_sim/build/robot_control' returned '0': CMAKE_PREFIX_PATH=${CMAKE_PREFIX_PATH}:/home/kunama/PLCT/NAV2/yahboom_src_code/slam_ws_src/install/yahboomcar_nav:/home/kunama/PLCT/NAV2/yahboom_src_code/slam_ws_src/install/yahboomcar_description:/home/kunama/PLCT/NAV2/yahboom_src_code/slam_ws_src/install/yahboomcar_ctrl:/home/kunama/PLCT/NAV2/yahboom_src_code/slam_ws_src/install/yahboomcar_bringup:/home/kunama/PLCT/NAV2/yahboom_src_code/slam_ws_src/install/yahboom_app_save_map:/home/kunama/PLCT/NAV2/yahboom_src_code/slam_ws_src/install/laserscan_to_point_publisher:/opt/ros/humble /usr/bin/cmake --build /mnt/nvme1n1p6/PLCT/NAV2/nav2_sim/build/robot_control -- -j12 -l12
[0.514s] DEBUG:colcon.colcon_core.event_handler.log_command:Invoking command in '/mnt/nvme1n1p6/PLCT/NAV2/nav2_sim/build/robot_control': CMAKE_PREFIX_PATH=${CMAKE_PREFIX_PATH}:/home/kunama/PLCT/NAV2/yahboom_src_code/slam_ws_src/install/yahboomcar_nav:/home/kunama/PLCT/NAV2/yahboom_src_code/slam_ws_src/install/yahboomcar_description:/home/kunama/PLCT/NAV2/yahboom_src_code/slam_ws_src/install/yahboomcar_ctrl:/home/kunama/PLCT/NAV2/yahboom_src_code/slam_ws_src/install/yahboomcar_bringup:/home/kunama/PLCT/NAV2/yahboom_src_code/slam_ws_src/install/yahboom_app_save_map:/home/kunama/PLCT/NAV2/yahboom_src_code/slam_ws_src/install/laserscan_to_point_publisher:/opt/ros/humble /usr/bin/cmake --install /mnt/nvme1n1p6/PLCT/NAV2/nav2_sim/build/robot_control
[0.516s] DEBUG:colcon.colcon_core.event_handler.log_command:Invoked command in '/mnt/nvme1n1p6/PLCT/NAV2/nav2_sim/build/robot_environment' returned '0': CMAKE_PREFIX_PATH=${CMAKE_PREFIX_PATH}:/home/kunama/PLCT/NAV2/yahboom_src_code/slam_ws_src/install/yahboomcar_nav:/home/kunama/PLCT/NAV2/yahboom_src_code/slam_ws_src/install/yahboomcar_description:/home/kunama/PLCT/NAV2/yahboom_src_code/slam_ws_src/install/yahboomcar_ctrl:/home/kunama/PLCT/NAV2/yahboom_src_code/slam_ws_src/install/yahboomcar_bringup:/home/kunama/PLCT/NAV2/yahboom_src_code/slam_ws_src/install/yahboom_app_save_map:/home/kunama/PLCT/NAV2/yahboom_src_code/slam_ws_src/install/laserscan_to_point_publisher:/opt/ros/humble /usr/bin/cmake --build /mnt/nvme1n1p6/PLCT/NAV2/nav2_sim/build/robot_environment -- -j12 -l12
[0.518s] DEBUG:colcon.colcon_core.event_handler.log_command:Invoking command in '/mnt/nvme1n1p6/PLCT/NAV2/nav2_sim/build/robot_environment': CMAKE_PREFIX_PATH=${CMAKE_PREFIX_PATH}:/home/kunama/PLCT/NAV2/yahboom_src_code/slam_ws_src/install/yahboomcar_nav:/home/kunama/PLCT/NAV2/yahboom_src_code/slam_ws_src/install/yahboomcar_description:/home/kunama/PLCT/NAV2/yahboom_src_code/slam_ws_src/install/yahboomcar_ctrl:/home/kunama/PLCT/NAV2/yahboom_src_code/slam_ws_src/install/yahboomcar_bringup:/home/kunama/PLCT/NAV2/yahboom_src_code/slam_ws_src/install/yahboom_app_save_map:/home/kunama/PLCT/NAV2/yahboom_src_code/slam_ws_src/install/laserscan_to_point_publisher:/opt/ros/humble /usr/bin/cmake --install /mnt/nvme1n1p6/PLCT/NAV2/nav2_sim/build/robot_environment
[0.519s] DEBUG:colcon.colcon_core.event_handler.log_command:Invoked command in '/mnt/nvme1n1p6/PLCT/NAV2/nav2_sim/build/robot_navigation' returned '0': CMAKE_PREFIX_PATH=${CMAKE_PREFIX_PATH}:/home/kunama/PLCT/NAV2/yahboom_src_code/slam_ws_src/install/yahboomcar_nav:/home/kunama/PLCT/NAV2/yahboom_src_code/slam_ws_src/install/yahboomcar_description:/home/kunama/PLCT/NAV2/yahboom_src_code/slam_ws_src/install/yahboomcar_ctrl:/home/kunama/PLCT/NAV2/yahboom_src_code/slam_ws_src/install/yahboomcar_bringup:/home/kunama/PLCT/NAV2/yahboom_src_code/slam_ws_src/install/yahboom_app_save_map:/home/kunama/PLCT/NAV2/yahboom_src_code/slam_ws_src/install/laserscan_to_point_publisher:/opt/ros/humble /usr/bin/cmake --build /mnt/nvme1n1p6/PLCT/NAV2/nav2_sim/build/robot_navigation -- -j12 -l12
[0.521s] DEBUG:colcon.colcon_core.event_handler.log_command:Invoking command in '/mnt/nvme1n1p6/PLCT/NAV2/nav2_sim/build/robot_navigation': CMAKE_PREFIX_PATH=${CMAKE_PREFIX_PATH}:/home/kunama/PLCT/NAV2/yahboom_src_code/slam_ws_src/install/yahboomcar_nav:/home/kunama/PLCT/NAV2/yahboom_src_code/slam_ws_src/install/yahboomcar_description:/home/kunama/PLCT/NAV2/yahboom_src_code/slam_ws_src/install/yahboomcar_ctrl:/home/kunama/PLCT/NAV2/yahboom_src_code/slam_ws_src/install/yahboomcar_bringup:/home/kunama/PLCT/NAV2/yahboom_src_code/slam_ws_src/install/yahboom_app_save_map:/home/kunama/PLCT/NAV2/yahboom_src_code/slam_ws_src/install/laserscan_to_point_publisher:/opt/ros/humble /usr/bin/cmake --install /mnt/nvme1n1p6/PLCT/NAV2/nav2_sim/build/robot_navigation
[0.522s] DEBUG:colcon.colcon_core.event_handler.log_command:Invoked command in '/mnt/nvme1n1p6/PLCT/NAV2/nav2_sim/build/robot_description' returned '0': CMAKE_PREFIX_PATH=${CMAKE_PREFIX_PATH}:/home/kunama/PLCT/NAV2/yahboom_src_code/slam_ws_src/install/yahboomcar_nav:/home/kunama/PLCT/NAV2/yahboom_src_code/slam_ws_src/install/yahboomcar_description:/home/kunama/PLCT/NAV2/yahboom_src_code/slam_ws_src/install/yahboomcar_ctrl:/home/kunama/PLCT/NAV2/yahboom_src_code/slam_ws_src/install/yahboomcar_bringup:/home/kunama/PLCT/NAV2/yahboom_src_code/slam_ws_src/install/yahboom_app_save_map:/home/kunama/PLCT/NAV2/yahboom_src_code/slam_ws_src/install/laserscan_to_point_publisher:/opt/ros/humble /usr/bin/cmake --build /mnt/nvme1n1p6/PLCT/NAV2/nav2_sim/build/robot_description -- -j12 -l12
[0.525s] DEBUG:colcon.colcon_core.event_handler.log_command:Invoking command in '/mnt/nvme1n1p6/PLCT/NAV2/nav2_sim/build/robot_description': CMAKE_PREFIX_PATH=${CMAKE_PREFIX_PATH}:/home/kunama/PLCT/NAV2/yahboom_src_code/slam_ws_src/install/yahboomcar_nav:/home/kunama/PLCT/NAV2/yahboom_src_code/slam_ws_src/install/yahboomcar_description:/home/kunama/PLCT/NAV2/yahboom_src_code/slam_ws_src/install/yahboomcar_ctrl:/home/kunama/PLCT/NAV2/yahboom_src_code/slam_ws_src/install/yahboomcar_bringup:/home/kunama/PLCT/NAV2/yahboom_src_code/slam_ws_src/install/yahboom_app_save_map:/home/kunama/PLCT/NAV2/yahboom_src_code/slam_ws_src/install/laserscan_to_point_publisher:/opt/ros/humble /usr/bin/cmake --install /mnt/nvme1n1p6/PLCT/NAV2/nav2_sim/build/robot_description
[0.533s] DEBUG:colcon.colcon_core.event_handler.log_command:Invoked command in '/mnt/nvme1n1p6/PLCT/NAV2/nav2_sim/build/robot_slam' returned '0': CMAKE_PREFIX_PATH=${CMAKE_PREFIX_PATH}:/home/kunama/PLCT/NAV2/yahboom_src_code/slam_ws_src/install/yahboomcar_nav:/home/kunama/PLCT/NAV2/yahboom_src_code/slam_ws_src/install/yahboomcar_description:/home/kunama/PLCT/NAV2/yahboom_src_code/slam_ws_src/install/yahboomcar_ctrl:/home/kunama/PLCT/NAV2/yahboom_src_code/slam_ws_src/install/yahboomcar_bringup:/home/kunama/PLCT/NAV2/yahboom_src_code/slam_ws_src/install/yahboom_app_save_map:/home/kunama/PLCT/NAV2/yahboom_src_code/slam_ws_src/install/laserscan_to_point_publisher:/opt/ros/humble /usr/bin/cmake --build /mnt/nvme1n1p6/PLCT/NAV2/nav2_sim/build/robot_slam -- -j12 -l12
[0.534s] DEBUG:colcon.colcon_core.event_handler.log_command:Invoking command in '/mnt/nvme1n1p6/PLCT/NAV2/nav2_sim/build/robot_slam': CMAKE_PREFIX_PATH=${CMAKE_PREFIX_PATH}:/home/kunama/PLCT/NAV2/yahboom_src_code/slam_ws_src/install/yahboomcar_nav:/home/kunama/PLCT/NAV2/yahboom_src_code/slam_ws_src/install/yahboomcar_description:/home/kunama/PLCT/NAV2/yahboom_src_code/slam_ws_src/install/yahboomcar_ctrl:/home/kunama/PLCT/NAV2/yahboom_src_code/slam_ws_src/install/yahboomcar_bringup:/home/kunama/PLCT/NAV2/yahboom_src_code/slam_ws_src/install/yahboom_app_save_map:/home/kunama/PLCT/NAV2/yahboom_src_code/slam_ws_src/install/laserscan_to_point_publisher:/opt/ros/humble /usr/bin/cmake --install /mnt/nvme1n1p6/PLCT/NAV2/nav2_sim/build/robot_slam
[0.543s] Level 1:colcon.colcon_core.environment:create_environment_scripts_only(robot_control)
[0.546s] DEBUG:colcon.colcon_core.event_handler.log_command:Invoked command in '/mnt/nvme1n1p6/PLCT/NAV2/nav2_sim/build/robot_control' returned '0': CMAKE_PREFIX_PATH=${CMAKE_PREFIX_PATH}:/home/kunama/PLCT/NAV2/yahboom_src_code/slam_ws_src/install/yahboomcar_nav:/home/kunama/PLCT/NAV2/yahboom_src_code/slam_ws_src/install/yahboomcar_description:/home/kunama/PLCT/NAV2/yahboom_src_code/slam_ws_src/install/yahboomcar_ctrl:/home/kunama/PLCT/NAV2/yahboom_src_code/slam_ws_src/install/yahboomcar_bringup:/home/kunama/PLCT/NAV2/yahboom_src_code/slam_ws_src/install/yahboom_app_save_map:/home/kunama/PLCT/NAV2/yahboom_src_code/slam_ws_src/install/laserscan_to_point_publisher:/opt/ros/humble /usr/bin/cmake --install /mnt/nvme1n1p6/PLCT/NAV2/nav2_sim/build/robot_control
[0.552s] Level 1:colcon.colcon_core.environment:checking '/mnt/nvme1n1p6/PLCT/NAV2/nav2_sim/install/robot_control' for CMake module files
[0.552s] Level 1:colcon.colcon_core.environment:checking '/mnt/nvme1n1p6/PLCT/NAV2/nav2_sim/install/robot_control' for CMake config files
[0.552s] Level 1:colcon.colcon_core.shell:create_environment_hook('robot_control', 'cmake_prefix_path')
[0.553s] INFO:colcon.colcon_core.shell:Creating environment hook '/mnt/nvme1n1p6/PLCT/NAV2/nav2_sim/install/robot_control/share/robot_control/hook/cmake_prefix_path.ps1'
[0.553s] INFO:colcon.colcon_core.shell:Creating environment descriptor '/mnt/nvme1n1p6/PLCT/NAV2/nav2_sim/install/robot_control/share/robot_control/hook/cmake_prefix_path.dsv'
[0.554s] INFO:colcon.colcon_core.shell:Creating environment hook '/mnt/nvme1n1p6/PLCT/NAV2/nav2_sim/install/robot_control/share/robot_control/hook/cmake_prefix_path.sh'
[0.554s] Level 1:colcon.colcon_core.environment:checking '/mnt/nvme1n1p6/PLCT/NAV2/nav2_sim/install/robot_control/bin'
[0.554s] Level 1:colcon.colcon_core.environment:checking '/mnt/nvme1n1p6/PLCT/NAV2/nav2_sim/install/robot_control/lib/pkgconfig/robot_control.pc'
[0.555s] Level 1:colcon.colcon_core.environment:checking '/mnt/nvme1n1p6/PLCT/NAV2/nav2_sim/install/robot_control/lib/python3.10/site-packages'
[0.555s] Level 1:colcon.colcon_core.environment:checking '/mnt/nvme1n1p6/PLCT/NAV2/nav2_sim/install/robot_control/bin'
[0.555s] INFO:colcon.colcon_core.shell:Creating package script '/mnt/nvme1n1p6/PLCT/NAV2/nav2_sim/install/robot_control/share/robot_control/package.ps1'
[0.556s] INFO:colcon.colcon_core.shell:Creating package descriptor '/mnt/nvme1n1p6/PLCT/NAV2/nav2_sim/install/robot_control/share/robot_control/package.dsv'
[0.556s] INFO:colcon.colcon_core.shell:Creating package script '/mnt/nvme1n1p6/PLCT/NAV2/nav2_sim/install/robot_control/share/robot_control/package.sh'
[0.557s] INFO:colcon.colcon_core.shell:Creating package script '/mnt/nvme1n1p6/PLCT/NAV2/nav2_sim/install/robot_control/share/robot_control/package.bash'
[0.557s] INFO:colcon.colcon_core.shell:Creating package script '/mnt/nvme1n1p6/PLCT/NAV2/nav2_sim/install/robot_control/share/robot_control/package.zsh'
[0.558s] Level 1:colcon.colcon_core.environment:create_file_with_runtime_dependencies(/mnt/nvme1n1p6/PLCT/NAV2/nav2_sim/install/robot_control/share/colcon-core/packages/robot_control)
[0.558s] Level 1:colcon.colcon_core.environment:create_environment_scripts_only(robot_control)
[0.558s] Level 1:colcon.colcon_core.environment:checking '/mnt/nvme1n1p6/PLCT/NAV2/nav2_sim/install/robot_control' for CMake module files
[0.559s] Level 1:colcon.colcon_core.environment:checking '/mnt/nvme1n1p6/PLCT/NAV2/nav2_sim/install/robot_control' for CMake config files
[0.559s] Level 1:colcon.colcon_core.shell:create_environment_hook('robot_control', 'cmake_prefix_path')
[0.559s] INFO:colcon.colcon_core.shell:Creating environment hook '/mnt/nvme1n1p6/PLCT/NAV2/nav2_sim/install/robot_control/share/robot_control/hook/cmake_prefix_path.ps1'
[0.560s] INFO:colcon.colcon_core.shell:Creating environment descriptor '/mnt/nvme1n1p6/PLCT/NAV2/nav2_sim/install/robot_control/share/robot_control/hook/cmake_prefix_path.dsv'
[0.560s] INFO:colcon.colcon_core.shell:Creating environment hook '/mnt/nvme1n1p6/PLCT/NAV2/nav2_sim/install/robot_control/share/robot_control/hook/cmake_prefix_path.sh'
[0.560s] Level 1:colcon.colcon_core.environment:checking '/mnt/nvme1n1p6/PLCT/NAV2/nav2_sim/install/robot_control/bin'
[0.560s] Level 1:colcon.colcon_core.environment:checking '/mnt/nvme1n1p6/PLCT/NAV2/nav2_sim/install/robot_control/lib/pkgconfig/robot_control.pc'
[0.561s] Level 1:colcon.colcon_core.environment:checking '/mnt/nvme1n1p6/PLCT/NAV2/nav2_sim/install/robot_control/lib/python3.10/site-packages'
[0.561s] Level 1:colcon.colcon_core.environment:checking '/mnt/nvme1n1p6/PLCT/NAV2/nav2_sim/install/robot_control/bin'
[0.561s] INFO:colcon.colcon_core.shell:Creating package script '/mnt/nvme1n1p6/PLCT/NAV2/nav2_sim/install/robot_control/share/robot_control/package.ps1'
[0.561s] INFO:colcon.colcon_core.shell:Creating package descriptor '/mnt/nvme1n1p6/PLCT/NAV2/nav2_sim/install/robot_control/share/robot_control/package.dsv'
[0.562s] INFO:colcon.colcon_core.shell:Creating package script '/mnt/nvme1n1p6/PLCT/NAV2/nav2_sim/install/robot_control/share/robot_control/package.sh'
[0.562s] INFO:colcon.colcon_core.shell:Creating package script '/mnt/nvme1n1p6/PLCT/NAV2/nav2_sim/install/robot_control/share/robot_control/package.bash'
[0.562s] INFO:colcon.colcon_core.shell:Creating package script '/mnt/nvme1n1p6/PLCT/NAV2/nav2_sim/install/robot_control/share/robot_control/package.zsh'
[0.563s] Level 1:colcon.colcon_core.environment:create_file_with_runtime_dependencies(/mnt/nvme1n1p6/PLCT/NAV2/nav2_sim/install/robot_control/share/colcon-core/packages/robot_control)
[0.564s] Level 1:colcon.colcon_core.environment:create_environment_scripts_only(robot_slam)
[0.565s] Level 1:colcon.colcon_core.environment:checking '/mnt/nvme1n1p6/PLCT/NAV2/nav2_sim/install/robot_slam' for CMake module files
[0.565s] DEBUG:colcon.colcon_core.event_handler.log_command:Invoked command in '/mnt/nvme1n1p6/PLCT/NAV2/nav2_sim/build/robot_slam' returned '0': CMAKE_PREFIX_PATH=${CMAKE_PREFIX_PATH}:/home/kunama/PLCT/NAV2/yahboom_src_code/slam_ws_src/install/yahboomcar_nav:/home/kunama/PLCT/NAV2/yahboom_src_code/slam_ws_src/install/yahboomcar_description:/home/kunama/PLCT/NAV2/yahboom_src_code/slam_ws_src/install/yahboomcar_ctrl:/home/kunama/PLCT/NAV2/yahboom_src_code/slam_ws_src/install/yahboomcar_bringup:/home/kunama/PLCT/NAV2/yahboom_src_code/slam_ws_src/install/yahboom_app_save_map:/home/kunama/PLCT/NAV2/yahboom_src_code/slam_ws_src/install/laserscan_to_point_publisher:/opt/ros/humble /usr/bin/cmake --install /mnt/nvme1n1p6/PLCT/NAV2/nav2_sim/build/robot_slam
[0.565s] Level 1:colcon.colcon_core.environment:checking '/mnt/nvme1n1p6/PLCT/NAV2/nav2_sim/install/robot_slam' for CMake config files
[0.566s] Level 1:colcon.colcon_core.shell:create_environment_hook('robot_slam', 'cmake_prefix_path')
[0.566s] INFO:colcon.colcon_core.shell:Creating environment hook '/mnt/nvme1n1p6/PLCT/NAV2/nav2_sim/install/robot_slam/share/robot_slam/hook/cmake_prefix_path.ps1'
[0.566s] INFO:colcon.colcon_core.shell:Creating environment descriptor '/mnt/nvme1n1p6/PLCT/NAV2/nav2_sim/install/robot_slam/share/robot_slam/hook/cmake_prefix_path.dsv'
[0.567s] INFO:colcon.colcon_core.shell:Creating environment hook '/mnt/nvme1n1p6/PLCT/NAV2/nav2_sim/install/robot_slam/share/robot_slam/hook/cmake_prefix_path.sh'
[0.567s] Level 1:colcon.colcon_core.environment:checking '/mnt/nvme1n1p6/PLCT/NAV2/nav2_sim/install/robot_slam/bin'
[0.567s] Level 1:colcon.colcon_core.environment:checking '/mnt/nvme1n1p6/PLCT/NAV2/nav2_sim/install/robot_slam/lib/pkgconfig/robot_slam.pc'
[0.567s] Level 1:colcon.colcon_core.environment:checking '/mnt/nvme1n1p6/PLCT/NAV2/nav2_sim/install/robot_slam/lib/python3.10/site-packages'
[0.567s] Level 1:colcon.colcon_core.environment:checking '/mnt/nvme1n1p6/PLCT/NAV2/nav2_sim/install/robot_slam/bin'
[0.568s] INFO:colcon.colcon_core.shell:Creating package script '/mnt/nvme1n1p6/PLCT/NAV2/nav2_sim/install/robot_slam/share/robot_slam/package.ps1'
[0.568s] INFO:colcon.colcon_core.shell:Creating package descriptor '/mnt/nvme1n1p6/PLCT/NAV2/nav2_sim/install/robot_slam/share/robot_slam/package.dsv'
[0.568s] INFO:colcon.colcon_core.shell:Creating package script '/mnt/nvme1n1p6/PLCT/NAV2/nav2_sim/install/robot_slam/share/robot_slam/package.sh'
[0.569s] INFO:colcon.colcon_core.shell:Creating package script '/mnt/nvme1n1p6/PLCT/NAV2/nav2_sim/install/robot_slam/share/robot_slam/package.bash'
[0.569s] INFO:colcon.colcon_core.shell:Creating package script '/mnt/nvme1n1p6/PLCT/NAV2/nav2_sim/install/robot_slam/share/robot_slam/package.zsh'
[0.569s] Level 1:colcon.colcon_core.environment:create_file_with_runtime_dependencies(/mnt/nvme1n1p6/PLCT/NAV2/nav2_sim/install/robot_slam/share/colcon-core/packages/robot_slam)
[0.570s] Level 1:colcon.colcon_core.environment:create_environment_scripts_only(robot_slam)
[0.570s] Level 1:colcon.colcon_core.environment:checking '/mnt/nvme1n1p6/PLCT/NAV2/nav2_sim/install/robot_slam' for CMake module files
[0.571s] Level 1:colcon.colcon_core.environment:checking '/mnt/nvme1n1p6/PLCT/NAV2/nav2_sim/install/robot_slam' for CMake config files
[0.571s] Level 1:colcon.colcon_core.shell:create_environment_hook('robot_slam', 'cmake_prefix_path')
[0.571s] INFO:colcon.colcon_core.shell:Creating environment hook '/mnt/nvme1n1p6/PLCT/NAV2/nav2_sim/install/robot_slam/share/robot_slam/hook/cmake_prefix_path.ps1'
[0.572s] INFO:colcon.colcon_core.shell:Creating environment descriptor '/mnt/nvme1n1p6/PLCT/NAV2/nav2_sim/install/robot_slam/share/robot_slam/hook/cmake_prefix_path.dsv'
[0.572s] INFO:colcon.colcon_core.shell:Creating environment hook '/mnt/nvme1n1p6/PLCT/NAV2/nav2_sim/install/robot_slam/share/robot_slam/hook/cmake_prefix_path.sh'
[0.572s] Level 1:colcon.colcon_core.environment:checking '/mnt/nvme1n1p6/PLCT/NAV2/nav2_sim/install/robot_slam/bin'
[0.572s] Level 1:colcon.colcon_core.environment:checking '/mnt/nvme1n1p6/PLCT/NAV2/nav2_sim/install/robot_slam/lib/pkgconfig/robot_slam.pc'
[0.573s] Level 1:colcon.colcon_core.environment:checking '/mnt/nvme1n1p6/PLCT/NAV2/nav2_sim/install/robot_slam/lib/python3.10/site-packages'
[0.573s] Level 1:colcon.colcon_core.environment:checking '/mnt/nvme1n1p6/PLCT/NAV2/nav2_sim/install/robot_slam/bin'
[0.573s] INFO:colcon.colcon_core.shell:Creating package script '/mnt/nvme1n1p6/PLCT/NAV2/nav2_sim/install/robot_slam/share/robot_slam/package.ps1'
[0.573s] INFO:colcon.colcon_core.shell:Creating package descriptor '/mnt/nvme1n1p6/PLCT/NAV2/nav2_sim/install/robot_slam/share/robot_slam/package.dsv'
[0.574s] INFO:colcon.colcon_core.shell:Creating package script '/mnt/nvme1n1p6/PLCT/NAV2/nav2_sim/install/robot_slam/share/robot_slam/package.sh'
[0.574s] INFO:colcon.colcon_core.shell:Creating package script '/mnt/nvme1n1p6/PLCT/NAV2/nav2_sim/install/robot_slam/share/robot_slam/package.bash'
[0.574s] INFO:colcon.colcon_core.shell:Creating package script '/mnt/nvme1n1p6/PLCT/NAV2/nav2_sim/install/robot_slam/share/robot_slam/package.zsh'
[0.575s] Level 1:colcon.colcon_core.environment:create_file_with_runtime_dependencies(/mnt/nvme1n1p6/PLCT/NAV2/nav2_sim/install/robot_slam/share/colcon-core/packages/robot_slam)
[0.575s] Level 1:colcon.colcon_core.environment:create_environment_scripts_only(robot_description)
[0.575s] Level 1:colcon.colcon_core.environment:checking '/mnt/nvme1n1p6/PLCT/NAV2/nav2_sim/install/robot_description' for CMake module files
[0.576s] DEBUG:colcon.colcon_core.event_handler.log_command:Invoked command in '/mnt/nvme1n1p6/PLCT/NAV2/nav2_sim/build/robot_description' returned '0': CMAKE_PREFIX_PATH=${CMAKE_PREFIX_PATH}:/home/kunama/PLCT/NAV2/yahboom_src_code/slam_ws_src/install/yahboomcar_nav:/home/kunama/PLCT/NAV2/yahboom_src_code/slam_ws_src/install/yahboomcar_description:/home/kunama/PLCT/NAV2/yahboom_src_code/slam_ws_src/install/yahboomcar_ctrl:/home/kunama/PLCT/NAV2/yahboom_src_code/slam_ws_src/install/yahboomcar_bringup:/home/kunama/PLCT/NAV2/yahboom_src_code/slam_ws_src/install/yahboom_app_save_map:/home/kunama/PLCT/NAV2/yahboom_src_code/slam_ws_src/install/laserscan_to_point_publisher:/opt/ros/humble /usr/bin/cmake --install /mnt/nvme1n1p6/PLCT/NAV2/nav2_sim/build/robot_description
[0.577s] Level 1:colcon.colcon_core.environment:checking '/mnt/nvme1n1p6/PLCT/NAV2/nav2_sim/install/robot_description' for CMake config files
[0.577s] Level 1:colcon.colcon_core.shell:create_environment_hook('robot_description', 'cmake_prefix_path')
[0.578s] INFO:colcon.colcon_core.shell:Creating environment hook '/mnt/nvme1n1p6/PLCT/NAV2/nav2_sim/install/robot_description/share/robot_description/hook/cmake_prefix_path.ps1'
[0.578s] INFO:colcon.colcon_core.shell:Creating environment descriptor '/mnt/nvme1n1p6/PLCT/NAV2/nav2_sim/install/robot_description/share/robot_description/hook/cmake_prefix_path.dsv'
[0.578s] INFO:colcon.colcon_core.shell:Creating environment hook '/mnt/nvme1n1p6/PLCT/NAV2/nav2_sim/install/robot_description/share/robot_description/hook/cmake_prefix_path.sh'
[0.579s] Level 1:colcon.colcon_core.environment:checking '/mnt/nvme1n1p6/PLCT/NAV2/nav2_sim/install/robot_description/bin'
[0.579s] Level 1:colcon.colcon_core.environment:checking '/mnt/nvme1n1p6/PLCT/NAV2/nav2_sim/install/robot_description/lib/pkgconfig/robot_description.pc'
[0.579s] Level 1:colcon.colcon_core.environment:checking '/mnt/nvme1n1p6/PLCT/NAV2/nav2_sim/install/robot_description/lib/python3.10/site-packages'
[0.579s] Level 1:colcon.colcon_core.environment:checking '/mnt/nvme1n1p6/PLCT/NAV2/nav2_sim/install/robot_description/bin'
[0.579s] INFO:colcon.colcon_core.shell:Creating package script '/mnt/nvme1n1p6/PLCT/NAV2/nav2_sim/install/robot_description/share/robot_description/package.ps1'
[0.580s] INFO:colcon.colcon_core.shell:Creating package descriptor '/mnt/nvme1n1p6/PLCT/NAV2/nav2_sim/install/robot_description/share/robot_description/package.dsv'
[0.580s] INFO:colcon.colcon_core.shell:Creating package script '/mnt/nvme1n1p6/PLCT/NAV2/nav2_sim/install/robot_description/share/robot_description/package.sh'
[0.580s] INFO:colcon.colcon_core.shell:Creating package script '/mnt/nvme1n1p6/PLCT/NAV2/nav2_sim/install/robot_description/share/robot_description/package.bash'
[0.581s] INFO:colcon.colcon_core.shell:Creating package script '/mnt/nvme1n1p6/PLCT/NAV2/nav2_sim/install/robot_description/share/robot_description/package.zsh'
[0.581s] Level 1:colcon.colcon_core.environment:create_file_with_runtime_dependencies(/mnt/nvme1n1p6/PLCT/NAV2/nav2_sim/install/robot_description/share/colcon-core/packages/robot_description)
[0.581s] Level 1:colcon.colcon_core.environment:create_environment_scripts_only(robot_description)
[0.582s] Level 1:colcon.colcon_core.environment:checking '/mnt/nvme1n1p6/PLCT/NAV2/nav2_sim/install/robot_description' for CMake module files
[0.582s] Level 1:colcon.colcon_core.environment:checking '/mnt/nvme1n1p6/PLCT/NAV2/nav2_sim/install/robot_description' for CMake config files
[0.583s] Level 1:colcon.colcon_core.shell:create_environment_hook('robot_description', 'cmake_prefix_path')
[0.583s] INFO:colcon.colcon_core.shell:Creating environment hook '/mnt/nvme1n1p6/PLCT/NAV2/nav2_sim/install/robot_description/share/robot_description/hook/cmake_prefix_path.ps1'
[0.583s] INFO:colcon.colcon_core.shell:Creating environment descriptor '/mnt/nvme1n1p6/PLCT/NAV2/nav2_sim/install/robot_description/share/robot_description/hook/cmake_prefix_path.dsv'
[0.584s] INFO:colcon.colcon_core.shell:Creating environment hook '/mnt/nvme1n1p6/PLCT/NAV2/nav2_sim/install/robot_description/share/robot_description/hook/cmake_prefix_path.sh'
[0.584s] Level 1:colcon.colcon_core.environment:checking '/mnt/nvme1n1p6/PLCT/NAV2/nav2_sim/install/robot_description/bin'
[0.584s] Level 1:colcon.colcon_core.environment:checking '/mnt/nvme1n1p6/PLCT/NAV2/nav2_sim/install/robot_description/lib/pkgconfig/robot_description.pc'
[0.584s] Level 1:colcon.colcon_core.environment:checking '/mnt/nvme1n1p6/PLCT/NAV2/nav2_sim/install/robot_description/lib/python3.10/site-packages'
[0.584s] Level 1:colcon.colcon_core.environment:checking '/mnt/nvme1n1p6/PLCT/NAV2/nav2_sim/install/robot_description/bin'
[0.585s] INFO:colcon.colcon_core.shell:Creating package script '/mnt/nvme1n1p6/PLCT/NAV2/nav2_sim/install/robot_description/share/robot_description/package.ps1'
[0.585s] INFO:colcon.colcon_core.shell:Creating package descriptor '/mnt/nvme1n1p6/PLCT/NAV2/nav2_sim/install/robot_description/share/robot_description/package.dsv'
[0.586s] INFO:colcon.colcon_core.shell:Creating package script '/mnt/nvme1n1p6/PLCT/NAV2/nav2_sim/install/robot_description/share/robot_description/package.sh'
[0.586s] INFO:colcon.colcon_core.shell:Creating package script '/mnt/nvme1n1p6/PLCT/NAV2/nav2_sim/install/robot_description/share/robot_description/package.bash'
[0.586s] INFO:colcon.colcon_core.shell:Creating package script '/mnt/nvme1n1p6/PLCT/NAV2/nav2_sim/install/robot_description/share/robot_description/package.zsh'
[0.587s] Level 1:colcon.colcon_core.environment:create_file_with_runtime_dependencies(/mnt/nvme1n1p6/PLCT/NAV2/nav2_sim/install/robot_description/share/colcon-core/packages/robot_description)
[0.587s] Level 1:colcon.colcon_core.environment:create_environment_scripts_only(robot_environment)
[0.587s] Level 1:colcon.colcon_core.environment:checking '/mnt/nvme1n1p6/PLCT/NAV2/nav2_sim/install/robot_environment' for CMake module files
[0.588s] DEBUG:colcon.colcon_core.event_handler.log_command:Invoked command in '/mnt/nvme1n1p6/PLCT/NAV2/nav2_sim/build/robot_environment' returned '0': CMAKE_PREFIX_PATH=${CMAKE_PREFIX_PATH}:/home/kunama/PLCT/NAV2/yahboom_src_code/slam_ws_src/install/yahboomcar_nav:/home/kunama/PLCT/NAV2/yahboom_src_code/slam_ws_src/install/yahboomcar_description:/home/kunama/PLCT/NAV2/yahboom_src_code/slam_ws_src/install/yahboomcar_ctrl:/home/kunama/PLCT/NAV2/yahboom_src_code/slam_ws_src/install/yahboomcar_bringup:/home/kunama/PLCT/NAV2/yahboom_src_code/slam_ws_src/install/yahboom_app_save_map:/home/kunama/PLCT/NAV2/yahboom_src_code/slam_ws_src/install/laserscan_to_point_publisher:/opt/ros/humble /usr/bin/cmake --install /mnt/nvme1n1p6/PLCT/NAV2/nav2_sim/build/robot_environment
[0.588s] Level 1:colcon.colcon_core.environment:checking '/mnt/nvme1n1p6/PLCT/NAV2/nav2_sim/install/robot_environment' for CMake config files
[0.589s] Level 1:colcon.colcon_core.shell:create_environment_hook('robot_environment', 'cmake_prefix_path')
[0.589s] INFO:colcon.colcon_core.shell:Creating environment hook '/mnt/nvme1n1p6/PLCT/NAV2/nav2_sim/install/robot_environment/share/robot_environment/hook/cmake_prefix_path.ps1'
[0.589s] INFO:colcon.colcon_core.shell:Creating environment descriptor '/mnt/nvme1n1p6/PLCT/NAV2/nav2_sim/install/robot_environment/share/robot_environment/hook/cmake_prefix_path.dsv'
[0.590s] INFO:colcon.colcon_core.shell:Creating environment hook '/mnt/nvme1n1p6/PLCT/NAV2/nav2_sim/install/robot_environment/share/robot_environment/hook/cmake_prefix_path.sh'
[0.590s] Level 1:colcon.colcon_core.environment:checking '/mnt/nvme1n1p6/PLCT/NAV2/nav2_sim/install/robot_environment/bin'
[0.590s] Level 1:colcon.colcon_core.environment:checking '/mnt/nvme1n1p6/PLCT/NAV2/nav2_sim/install/robot_environment/lib/pkgconfig/robot_environment.pc'
[0.590s] Level 1:colcon.colcon_core.environment:checking '/mnt/nvme1n1p6/PLCT/NAV2/nav2_sim/install/robot_environment/lib/python3.10/site-packages'
[0.591s] Level 1:colcon.colcon_core.environment:checking '/mnt/nvme1n1p6/PLCT/NAV2/nav2_sim/install/robot_environment/bin'
[0.591s] INFO:colcon.colcon_core.shell:Creating package script '/mnt/nvme1n1p6/PLCT/NAV2/nav2_sim/install/robot_environment/share/robot_environment/package.ps1'
[0.591s] INFO:colcon.colcon_core.shell:Creating package descriptor '/mnt/nvme1n1p6/PLCT/NAV2/nav2_sim/install/robot_environment/share/robot_environment/package.dsv'
[0.592s] INFO:colcon.colcon_core.shell:Creating package script '/mnt/nvme1n1p6/PLCT/NAV2/nav2_sim/install/robot_environment/share/robot_environment/package.sh'
[0.592s] INFO:colcon.colcon_core.shell:Creating package script '/mnt/nvme1n1p6/PLCT/NAV2/nav2_sim/install/robot_environment/share/robot_environment/package.bash'
[0.593s] INFO:colcon.colcon_core.shell:Creating package script '/mnt/nvme1n1p6/PLCT/NAV2/nav2_sim/install/robot_environment/share/robot_environment/package.zsh'
[0.593s] Level 1:colcon.colcon_core.environment:create_file_with_runtime_dependencies(/mnt/nvme1n1p6/PLCT/NAV2/nav2_sim/install/robot_environment/share/colcon-core/packages/robot_environment)
[0.594s] Level 1:colcon.colcon_core.environment:create_environment_scripts_only(robot_environment)
[0.594s] Level 1:colcon.colcon_core.environment:checking '/mnt/nvme1n1p6/PLCT/NAV2/nav2_sim/install/robot_environment' for CMake module files
[0.595s] Level 1:colcon.colcon_core.environment:checking '/mnt/nvme1n1p6/PLCT/NAV2/nav2_sim/install/robot_environment' for CMake config files
[0.595s] Level 1:colcon.colcon_core.shell:create_environment_hook('robot_environment', 'cmake_prefix_path')
[0.595s] INFO:colcon.colcon_core.shell:Creating environment hook '/mnt/nvme1n1p6/PLCT/NAV2/nav2_sim/install/robot_environment/share/robot_environment/hook/cmake_prefix_path.ps1'
[0.596s] INFO:colcon.colcon_core.shell:Creating environment descriptor '/mnt/nvme1n1p6/PLCT/NAV2/nav2_sim/install/robot_environment/share/robot_environment/hook/cmake_prefix_path.dsv'
[0.596s] INFO:colcon.colcon_core.shell:Creating environment hook '/mnt/nvme1n1p6/PLCT/NAV2/nav2_sim/install/robot_environment/share/robot_environment/hook/cmake_prefix_path.sh'
[0.596s] Level 1:colcon.colcon_core.environment:checking '/mnt/nvme1n1p6/PLCT/NAV2/nav2_sim/install/robot_environment/bin'
[0.597s] Level 1:colcon.colcon_core.environment:checking '/mnt/nvme1n1p6/PLCT/NAV2/nav2_sim/install/robot_environment/lib/pkgconfig/robot_environment.pc'
[0.597s] Level 1:colcon.colcon_core.environment:checking '/mnt/nvme1n1p6/PLCT/NAV2/nav2_sim/install/robot_environment/lib/python3.10/site-packages'
[0.597s] Level 1:colcon.colcon_core.environment:checking '/mnt/nvme1n1p6/PLCT/NAV2/nav2_sim/install/robot_environment/bin'
[0.597s] INFO:colcon.colcon_core.shell:Creating package script '/mnt/nvme1n1p6/PLCT/NAV2/nav2_sim/install/robot_environment/share/robot_environment/package.ps1'
[0.598s] INFO:colcon.colcon_core.shell:Creating package descriptor '/mnt/nvme1n1p6/PLCT/NAV2/nav2_sim/install/robot_environment/share/robot_environment/package.dsv'
[0.598s] INFO:colcon.colcon_core.shell:Creating package script '/mnt/nvme1n1p6/PLCT/NAV2/nav2_sim/install/robot_environment/share/robot_environment/package.sh'
[0.599s] INFO:colcon.colcon_core.shell:Creating package script '/mnt/nvme1n1p6/PLCT/NAV2/nav2_sim/install/robot_environment/share/robot_environment/package.bash'
[0.599s] INFO:colcon.colcon_core.shell:Creating package script '/mnt/nvme1n1p6/PLCT/NAV2/nav2_sim/install/robot_environment/share/robot_environment/package.zsh'
[0.599s] Level 1:colcon.colcon_core.environment:create_file_with_runtime_dependencies(/mnt/nvme1n1p6/PLCT/NAV2/nav2_sim/install/robot_environment/share/colcon-core/packages/robot_environment)
[0.599s] Level 1:colcon.colcon_core.environment:create_environment_scripts_only(robot_navigation)
[0.600s] Level 1:colcon.colcon_core.environment:checking '/mnt/nvme1n1p6/PLCT/NAV2/nav2_sim/install/robot_navigation' for CMake module files
[0.601s] DEBUG:colcon.colcon_core.event_handler.log_command:Invoked command in '/mnt/nvme1n1p6/PLCT/NAV2/nav2_sim/build/robot_navigation' returned '0': CMAKE_PREFIX_PATH=${CMAKE_PREFIX_PATH}:/home/kunama/PLCT/NAV2/yahboom_src_code/slam_ws_src/install/yahboomcar_nav:/home/kunama/PLCT/NAV2/yahboom_src_code/slam_ws_src/install/yahboomcar_description:/home/kunama/PLCT/NAV2/yahboom_src_code/slam_ws_src/install/yahboomcar_ctrl:/home/kunama/PLCT/NAV2/yahboom_src_code/slam_ws_src/install/yahboomcar_bringup:/home/kunama/PLCT/NAV2/yahboom_src_code/slam_ws_src/install/yahboom_app_save_map:/home/kunama/PLCT/NAV2/yahboom_src_code/slam_ws_src/install/laserscan_to_point_publisher:/opt/ros/humble /usr/bin/cmake --install /mnt/nvme1n1p6/PLCT/NAV2/nav2_sim/build/robot_navigation
[0.601s] Level 1:colcon.colcon_core.environment:checking '/mnt/nvme1n1p6/PLCT/NAV2/nav2_sim/install/robot_navigation' for CMake config files
[0.602s] Level 1:colcon.colcon_core.shell:create_environment_hook('robot_navigation', 'cmake_prefix_path')
[0.602s] INFO:colcon.colcon_core.shell:Creating environment hook '/mnt/nvme1n1p6/PLCT/NAV2/nav2_sim/install/robot_navigation/share/robot_navigation/hook/cmake_prefix_path.ps1'
[0.602s] INFO:colcon.colcon_core.shell:Creating environment descriptor '/mnt/nvme1n1p6/PLCT/NAV2/nav2_sim/install/robot_navigation/share/robot_navigation/hook/cmake_prefix_path.dsv'
[0.603s] INFO:colcon.colcon_core.shell:Creating environment hook '/mnt/nvme1n1p6/PLCT/NAV2/nav2_sim/install/robot_navigation/share/robot_navigation/hook/cmake_prefix_path.sh'
[0.603s] Level 1:colcon.colcon_core.environment:checking '/mnt/nvme1n1p6/PLCT/NAV2/nav2_sim/install/robot_navigation/bin'
[0.603s] Level 1:colcon.colcon_core.environment:checking '/mnt/nvme1n1p6/PLCT/NAV2/nav2_sim/install/robot_navigation/lib/pkgconfig/robot_navigation.pc'
[0.603s] Level 1:colcon.colcon_core.environment:checking '/mnt/nvme1n1p6/PLCT/NAV2/nav2_sim/install/robot_navigation/lib/python3.10/site-packages'
[0.603s] Level 1:colcon.colcon_core.environment:checking '/mnt/nvme1n1p6/PLCT/NAV2/nav2_sim/install/robot_navigation/bin'
[0.604s] INFO:colcon.colcon_core.shell:Creating package script '/mnt/nvme1n1p6/PLCT/NAV2/nav2_sim/install/robot_navigation/share/robot_navigation/package.ps1'
[0.604s] INFO:colcon.colcon_core.shell:Creating package descriptor '/mnt/nvme1n1p6/PLCT/NAV2/nav2_sim/install/robot_navigation/share/robot_navigation/package.dsv'
[0.604s] INFO:colcon.colcon_core.shell:Creating package script '/mnt/nvme1n1p6/PLCT/NAV2/nav2_sim/install/robot_navigation/share/robot_navigation/package.sh'
[0.605s] INFO:colcon.colcon_core.shell:Creating package script '/mnt/nvme1n1p6/PLCT/NAV2/nav2_sim/install/robot_navigation/share/robot_navigation/package.bash'
[0.605s] INFO:colcon.colcon_core.shell:Creating package script '/mnt/nvme1n1p6/PLCT/NAV2/nav2_sim/install/robot_navigation/share/robot_navigation/package.zsh'
[0.605s] Level 1:colcon.colcon_core.environment:create_file_with_runtime_dependencies(/mnt/nvme1n1p6/PLCT/NAV2/nav2_sim/install/robot_navigation/share/colcon-core/packages/robot_navigation)
[0.606s] Level 1:colcon.colcon_core.environment:create_environment_scripts_only(robot_navigation)
[0.606s] Level 1:colcon.colcon_core.environment:checking '/mnt/nvme1n1p6/PLCT/NAV2/nav2_sim/install/robot_navigation' for CMake module files
[0.606s] Level 1:colcon.colcon_core.environment:checking '/mnt/nvme1n1p6/PLCT/NAV2/nav2_sim/install/robot_navigation' for CMake config files
[0.607s] Level 1:colcon.colcon_core.shell:create_environment_hook('robot_navigation', 'cmake_prefix_path')
[0.607s] INFO:colcon.colcon_core.shell:Creating environment hook '/mnt/nvme1n1p6/PLCT/NAV2/nav2_sim/install/robot_navigation/share/robot_navigation/hook/cmake_prefix_path.ps1'
[0.607s] INFO:colcon.colcon_core.shell:Creating environment descriptor '/mnt/nvme1n1p6/PLCT/NAV2/nav2_sim/install/robot_navigation/share/robot_navigation/hook/cmake_prefix_path.dsv'
[0.608s] INFO:colcon.colcon_core.shell:Creating environment hook '/mnt/nvme1n1p6/PLCT/NAV2/nav2_sim/install/robot_navigation/share/robot_navigation/hook/cmake_prefix_path.sh'
[0.608s] Level 1:colcon.colcon_core.environment:checking '/mnt/nvme1n1p6/PLCT/NAV2/nav2_sim/install/robot_navigation/bin'
[0.608s] Level 1:colcon.colcon_core.environment:checking '/mnt/nvme1n1p6/PLCT/NAV2/nav2_sim/install/robot_navigation/lib/pkgconfig/robot_navigation.pc'
[0.608s] Level 1:colcon.colcon_core.environment:checking '/mnt/nvme1n1p6/PLCT/NAV2/nav2_sim/install/robot_navigation/lib/python3.10/site-packages'
[0.609s] Level 1:colcon.colcon_core.environment:checking '/mnt/nvme1n1p6/PLCT/NAV2/nav2_sim/install/robot_navigation/bin'
[0.609s] INFO:colcon.colcon_core.shell:Creating package script '/mnt/nvme1n1p6/PLCT/NAV2/nav2_sim/install/robot_navigation/share/robot_navigation/package.ps1'
[0.610s] INFO:colcon.colcon_core.shell:Creating package descriptor '/mnt/nvme1n1p6/PLCT/NAV2/nav2_sim/install/robot_navigation/share/robot_navigation/package.dsv'
[0.610s] INFO:colcon.colcon_core.shell:Creating package script '/mnt/nvme1n1p6/PLCT/NAV2/nav2_sim/install/robot_navigation/share/robot_navigation/package.sh'
[0.611s] INFO:colcon.colcon_core.shell:Creating package script '/mnt/nvme1n1p6/PLCT/NAV2/nav2_sim/install/robot_navigation/share/robot_navigation/package.bash'
[0.611s] INFO:colcon.colcon_core.shell:Creating package script '/mnt/nvme1n1p6/PLCT/NAV2/nav2_sim/install/robot_navigation/share/robot_navigation/package.zsh'
[0.611s] Level 1:colcon.colcon_core.environment:create_file_with_runtime_dependencies(/mnt/nvme1n1p6/PLCT/NAV2/nav2_sim/install/robot_navigation/share/colcon-core/packages/robot_navigation)
[1.524s] DEBUG:colcon.colcon_core.event_handler.log_command:Invoked command in '/mnt/nvme1n1p6/PLCT/NAV2/nav2_sim/build/robot_await' returned '0': CMAKE_PREFIX_PATH=${CMAKE_PREFIX_PATH}:/home/kunama/PLCT/NAV2/yahboom_src_code/slam_ws_src/install/yahboomcar_nav:/home/kunama/PLCT/NAV2/yahboom_src_code/slam_ws_src/install/yahboomcar_description:/home/kunama/PLCT/NAV2/yahboom_src_code/slam_ws_src/install/yahboomcar_ctrl:/home/kunama/PLCT/NAV2/yahboom_src_code/slam_ws_src/install/yahboomcar_bringup:/home/kunama/PLCT/NAV2/yahboom_src_code/slam_ws_src/install/yahboom_app_save_map:/home/kunama/PLCT/NAV2/yahboom_src_code/slam_ws_src/install/laserscan_to_point_publisher:/opt/ros/humble /usr/bin/cmake /mnt/nvme1n1p6/PLCT/NAV2/nav2_sim/src/robot_await -DAMENT_CMAKE_SYMLINK_INSTALL=1 -DCMAKE_INSTALL_PREFIX=/mnt/nvme1n1p6/PLCT/NAV2/nav2_sim/install/robot_await
[1.527s] DEBUG:colcon.colcon_core.event_handler.log_command:Invoking command in '/mnt/nvme1n1p6/PLCT/NAV2/nav2_sim/build/robot_await': CMAKE_PREFIX_PATH=${CMAKE_PREFIX_PATH}:/home/kunama/PLCT/NAV2/yahboom_src_code/slam_ws_src/install/yahboomcar_nav:/home/kunama/PLCT/NAV2/yahboom_src_code/slam_ws_src/install/yahboomcar_description:/home/kunama/PLCT/NAV2/yahboom_src_code/slam_ws_src/install/yahboomcar_ctrl:/home/kunama/PLCT/NAV2/yahboom_src_code/slam_ws_src/install/yahboomcar_bringup:/home/kunama/PLCT/NAV2/yahboom_src_code/slam_ws_src/install/yahboom_app_save_map:/home/kunama/PLCT/NAV2/yahboom_src_code/slam_ws_src/install/laserscan_to_point_publisher:/opt/ros/humble /usr/bin/cmake --build /mnt/nvme1n1p6/PLCT/NAV2/nav2_sim/build/robot_await -- -j12 -l12
[1.631s] DEBUG:colcon.colcon_core.event_handler.log_command:Invoked command in '/mnt/nvme1n1p6/PLCT/NAV2/nav2_sim/build/custom_command' returned '0': CMAKE_PREFIX_PATH=${CMAKE_PREFIX_PATH}:/home/kunama/PLCT/NAV2/yahboom_src_code/slam_ws_src/install/yahboomcar_nav:/home/kunama/PLCT/NAV2/yahboom_src_code/slam_ws_src/install/yahboomcar_description:/home/kunama/PLCT/NAV2/yahboom_src_code/slam_ws_src/install/yahboomcar_ctrl:/home/kunama/PLCT/NAV2/yahboom_src_code/slam_ws_src/install/yahboomcar_bringup:/home/kunama/PLCT/NAV2/yahboom_src_code/slam_ws_src/install/yahboom_app_save_map:/home/kunama/PLCT/NAV2/yahboom_src_code/slam_ws_src/install/laserscan_to_point_publisher:/opt/ros/humble /usr/bin/cmake /mnt/nvme1n1p6/PLCT/NAV2/nav2_sim/src/custom_command -DAMENT_CMAKE_SYMLINK_INSTALL=1 -DCMAKE_INSTALL_PREFIX=/mnt/nvme1n1p6/PLCT/NAV2/nav2_sim/install/custom_command
[1.634s] DEBUG:colcon.colcon_core.event_handler.log_command:Invoking command in '/mnt/nvme1n1p6/PLCT/NAV2/nav2_sim/build/custom_command': CMAKE_PREFIX_PATH=${CMAKE_PREFIX_PATH}:/home/kunama/PLCT/NAV2/yahboom_src_code/slam_ws_src/install/yahboomcar_nav:/home/kunama/PLCT/NAV2/yahboom_src_code/slam_ws_src/install/yahboomcar_description:/home/kunama/PLCT/NAV2/yahboom_src_code/slam_ws_src/install/yahboomcar_ctrl:/home/kunama/PLCT/NAV2/yahboom_src_code/slam_ws_src/install/yahboomcar_bringup:/home/kunama/PLCT/NAV2/yahboom_src_code/slam_ws_src/install/yahboom_app_save_map:/home/kunama/PLCT/NAV2/yahboom_src_code/slam_ws_src/install/laserscan_to_point_publisher:/opt/ros/humble /usr/bin/cmake --build /mnt/nvme1n1p6/PLCT/NAV2/nav2_sim/build/custom_command -- -j12 -l12
[2.034s] DEBUG:colcon.colcon_core.event_handler.log_command:Invoked command in '/mnt/nvme1n1p6/PLCT/NAV2/nav2_sim/build/custom_command' returned '0': CMAKE_PREFIX_PATH=${CMAKE_PREFIX_PATH}:/home/kunama/PLCT/NAV2/yahboom_src_code/slam_ws_src/install/yahboomcar_nav:/home/kunama/PLCT/NAV2/yahboom_src_code/slam_ws_src/install/yahboomcar_description:/home/kunama/PLCT/NAV2/yahboom_src_code/slam_ws_src/install/yahboomcar_ctrl:/home/kunama/PLCT/NAV2/yahboom_src_code/slam_ws_src/install/yahboomcar_bringup:/home/kunama/PLCT/NAV2/yahboom_src_code/slam_ws_src/install/yahboom_app_save_map:/home/kunama/PLCT/NAV2/yahboom_src_code/slam_ws_src/install/laserscan_to_point_publisher:/opt/ros/humble /usr/bin/cmake --build /mnt/nvme1n1p6/PLCT/NAV2/nav2_sim/build/custom_command -- -j12 -l12
[2.037s] DEBUG:colcon.colcon_core.event_handler.log_command:Invoking command in '/mnt/nvme1n1p6/PLCT/NAV2/nav2_sim/build/custom_command': CMAKE_PREFIX_PATH=${CMAKE_PREFIX_PATH}:/home/kunama/PLCT/NAV2/yahboom_src_code/slam_ws_src/install/yahboomcar_nav:/home/kunama/PLCT/NAV2/yahboom_src_code/slam_ws_src/install/yahboomcar_description:/home/kunama/PLCT/NAV2/yahboom_src_code/slam_ws_src/install/yahboomcar_ctrl:/home/kunama/PLCT/NAV2/yahboom_src_code/slam_ws_src/install/yahboomcar_bringup:/home/kunama/PLCT/NAV2/yahboom_src_code/slam_ws_src/install/yahboom_app_save_map:/home/kunama/PLCT/NAV2/yahboom_src_code/slam_ws_src/install/laserscan_to_point_publisher:/opt/ros/humble /usr/bin/cmake --install /mnt/nvme1n1p6/PLCT/NAV2/nav2_sim/build/custom_command
[2.123s] Level 1:colcon.colcon_core.environment:create_environment_scripts_only(custom_command)
[2.124s] Level 1:colcon.colcon_core.environment:checking '/mnt/nvme1n1p6/PLCT/NAV2/nav2_sim/install/custom_command' for CMake module files
[2.125s] DEBUG:colcon.colcon_core.event_handler.log_command:Invoked command in '/mnt/nvme1n1p6/PLCT/NAV2/nav2_sim/build/custom_command' returned '0': CMAKE_PREFIX_PATH=${CMAKE_PREFIX_PATH}:/home/kunama/PLCT/NAV2/yahboom_src_code/slam_ws_src/install/yahboomcar_nav:/home/kunama/PLCT/NAV2/yahboom_src_code/slam_ws_src/install/yahboomcar_description:/home/kunama/PLCT/NAV2/yahboom_src_code/slam_ws_src/install/yahboomcar_ctrl:/home/kunama/PLCT/NAV2/yahboom_src_code/slam_ws_src/install/yahboomcar_bringup:/home/kunama/PLCT/NAV2/yahboom_src_code/slam_ws_src/install/yahboom_app_save_map:/home/kunama/PLCT/NAV2/yahboom_src_code/slam_ws_src/install/laserscan_to_point_publisher:/opt/ros/humble /usr/bin/cmake --install /mnt/nvme1n1p6/PLCT/NAV2/nav2_sim/build/custom_command
[2.126s] Level 1:colcon.colcon_core.environment:checking '/mnt/nvme1n1p6/PLCT/NAV2/nav2_sim/install/custom_command' for CMake config files
[2.127s] Level 1:colcon.colcon_core.shell:create_environment_hook('custom_command', 'cmake_prefix_path')
[2.127s] INFO:colcon.colcon_core.shell:Creating environment hook '/mnt/nvme1n1p6/PLCT/NAV2/nav2_sim/install/custom_command/share/custom_command/hook/cmake_prefix_path.ps1'
[2.128s] INFO:colcon.colcon_core.shell:Creating environment descriptor '/mnt/nvme1n1p6/PLCT/NAV2/nav2_sim/install/custom_command/share/custom_command/hook/cmake_prefix_path.dsv'
[2.129s] INFO:colcon.colcon_core.shell:Creating environment hook '/mnt/nvme1n1p6/PLCT/NAV2/nav2_sim/install/custom_command/share/custom_command/hook/cmake_prefix_path.sh'
[2.130s] Level 1:colcon.colcon_core.environment:checking '/mnt/nvme1n1p6/PLCT/NAV2/nav2_sim/install/custom_command/lib'
[2.130s] Level 1:colcon.colcon_core.shell:create_environment_hook('custom_command', 'ld_library_path_lib')
[2.130s] INFO:colcon.colcon_core.shell:Creating environment hook '/mnt/nvme1n1p6/PLCT/NAV2/nav2_sim/install/custom_command/share/custom_command/hook/ld_library_path_lib.ps1'
[2.131s] INFO:colcon.colcon_core.shell:Creating environment descriptor '/mnt/nvme1n1p6/PLCT/NAV2/nav2_sim/install/custom_command/share/custom_command/hook/ld_library_path_lib.dsv'
[2.132s] INFO:colcon.colcon_core.shell:Creating environment hook '/mnt/nvme1n1p6/PLCT/NAV2/nav2_sim/install/custom_command/share/custom_command/hook/ld_library_path_lib.sh'
[2.133s] Level 1:colcon.colcon_core.environment:checking '/mnt/nvme1n1p6/PLCT/NAV2/nav2_sim/install/custom_command/bin'
[2.133s] Level 1:colcon.colcon_core.environment:checking '/mnt/nvme1n1p6/PLCT/NAV2/nav2_sim/install/custom_command/lib/pkgconfig/custom_command.pc'
[2.133s] Level 1:colcon.colcon_core.environment:checking '/mnt/nvme1n1p6/PLCT/NAV2/nav2_sim/install/custom_command/lib/python3.10/site-packages'
[2.133s] Level 1:colcon.colcon_core.environment:checking '/mnt/nvme1n1p6/PLCT/NAV2/nav2_sim/install/custom_command/bin'
[2.134s] INFO:colcon.colcon_core.shell:Creating package script '/mnt/nvme1n1p6/PLCT/NAV2/nav2_sim/install/custom_command/share/custom_command/package.ps1'
[2.135s] INFO:colcon.colcon_core.shell:Creating package descriptor '/mnt/nvme1n1p6/PLCT/NAV2/nav2_sim/install/custom_command/share/custom_command/package.dsv'
[2.136s] INFO:colcon.colcon_core.shell:Creating package script '/mnt/nvme1n1p6/PLCT/NAV2/nav2_sim/install/custom_command/share/custom_command/package.sh'
[2.136s] INFO:colcon.colcon_core.shell:Creating package script '/mnt/nvme1n1p6/PLCT/NAV2/nav2_sim/install/custom_command/share/custom_command/package.bash'
[2.137s] INFO:colcon.colcon_core.shell:Creating package script '/mnt/nvme1n1p6/PLCT/NAV2/nav2_sim/install/custom_command/share/custom_command/package.zsh'
[2.138s] Level 1:colcon.colcon_core.environment:create_file_with_runtime_dependencies(/mnt/nvme1n1p6/PLCT/NAV2/nav2_sim/install/custom_command/share/colcon-core/packages/custom_command)
[2.139s] Level 1:colcon.colcon_core.environment:create_environment_scripts_only(custom_command)
[2.139s] Level 1:colcon.colcon_core.environment:checking '/mnt/nvme1n1p6/PLCT/NAV2/nav2_sim/install/custom_command' for CMake module files
[2.141s] Level 1:colcon.colcon_core.environment:checking '/mnt/nvme1n1p6/PLCT/NAV2/nav2_sim/install/custom_command' for CMake config files
[2.142s] Level 1:colcon.colcon_core.shell:create_environment_hook('custom_command', 'cmake_prefix_path')
[2.142s] INFO:colcon.colcon_core.shell:Creating environment hook '/mnt/nvme1n1p6/PLCT/NAV2/nav2_sim/install/custom_command/share/custom_command/hook/cmake_prefix_path.ps1'
[2.143s] INFO:colcon.colcon_core.shell:Creating environment descriptor '/mnt/nvme1n1p6/PLCT/NAV2/nav2_sim/install/custom_command/share/custom_command/hook/cmake_prefix_path.dsv'
[2.144s] INFO:colcon.colcon_core.shell:Creating environment hook '/mnt/nvme1n1p6/PLCT/NAV2/nav2_sim/install/custom_command/share/custom_command/hook/cmake_prefix_path.sh'
[2.145s] Level 1:colcon.colcon_core.environment:checking '/mnt/nvme1n1p6/PLCT/NAV2/nav2_sim/install/custom_command/lib'
[2.145s] Level 1:colcon.colcon_core.shell:create_environment_hook('custom_command', 'ld_library_path_lib')
[2.145s] INFO:colcon.colcon_core.shell:Creating environment hook '/mnt/nvme1n1p6/PLCT/NAV2/nav2_sim/install/custom_command/share/custom_command/hook/ld_library_path_lib.ps1'
[2.146s] INFO:colcon.colcon_core.shell:Creating environment descriptor '/mnt/nvme1n1p6/PLCT/NAV2/nav2_sim/install/custom_command/share/custom_command/hook/ld_library_path_lib.dsv'
[2.147s] INFO:colcon.colcon_core.shell:Creating environment hook '/mnt/nvme1n1p6/PLCT/NAV2/nav2_sim/install/custom_command/share/custom_command/hook/ld_library_path_lib.sh'
[2.147s] Level 1:colcon.colcon_core.environment:checking '/mnt/nvme1n1p6/PLCT/NAV2/nav2_sim/install/custom_command/bin'
[2.147s] Level 1:colcon.colcon_core.environment:checking '/mnt/nvme1n1p6/PLCT/NAV2/nav2_sim/install/custom_command/lib/pkgconfig/custom_command.pc'
[2.148s] Level 1:colcon.colcon_core.environment:checking '/mnt/nvme1n1p6/PLCT/NAV2/nav2_sim/install/custom_command/lib/python3.10/site-packages'
[2.148s] Level 1:colcon.colcon_core.environment:checking '/mnt/nvme1n1p6/PLCT/NAV2/nav2_sim/install/custom_command/bin'
[2.149s] INFO:colcon.colcon_core.shell:Creating package script '/mnt/nvme1n1p6/PLCT/NAV2/nav2_sim/install/custom_command/share/custom_command/package.ps1'
[2.150s] INFO:colcon.colcon_core.shell:Creating package descriptor '/mnt/nvme1n1p6/PLCT/NAV2/nav2_sim/install/custom_command/share/custom_command/package.dsv'
[2.151s] INFO:colcon.colcon_core.shell:Creating package script '/mnt/nvme1n1p6/PLCT/NAV2/nav2_sim/install/custom_command/share/custom_command/package.sh'
[2.151s] INFO:colcon.colcon_core.shell:Creating package script '/mnt/nvme1n1p6/PLCT/NAV2/nav2_sim/install/custom_command/share/custom_command/package.bash'
[2.152s] INFO:colcon.colcon_core.shell:Creating package script '/mnt/nvme1n1p6/PLCT/NAV2/nav2_sim/install/custom_command/share/custom_command/package.zsh'
[2.153s] Level 1:colcon.colcon_core.environment:create_file_with_runtime_dependencies(/mnt/nvme1n1p6/PLCT/NAV2/nav2_sim/install/custom_command/share/colcon-core/packages/custom_command)
[13.440s] DEBUG:colcon.colcon_core.event_handler.log_command:Invoked command in '/mnt/nvme1n1p6/PLCT/NAV2/nav2_sim/build/robot_await' returned '0': CMAKE_PREFIX_PATH=${CMAKE_PREFIX_PATH}:/home/kunama/PLCT/NAV2/yahboom_src_code/slam_ws_src/install/yahboomcar_nav:/home/kunama/PLCT/NAV2/yahboom_src_code/slam_ws_src/install/yahboomcar_description:/home/kunama/PLCT/NAV2/yahboom_src_code/slam_ws_src/install/yahboomcar_ctrl:/home/kunama/PLCT/NAV2/yahboom_src_code/slam_ws_src/install/yahboomcar_bringup:/home/kunama/PLCT/NAV2/yahboom_src_code/slam_ws_src/install/yahboom_app_save_map:/home/kunama/PLCT/NAV2/yahboom_src_code/slam_ws_src/install/laserscan_to_point_publisher:/opt/ros/humble /usr/bin/cmake --build /mnt/nvme1n1p6/PLCT/NAV2/nav2_sim/build/robot_await -- -j12 -l12
[13.442s] DEBUG:colcon.colcon_core.event_handler.log_command:Invoking command in '/mnt/nvme1n1p6/PLCT/NAV2/nav2_sim/build/robot_await': CMAKE_PREFIX_PATH=${CMAKE_PREFIX_PATH}:/home/kunama/PLCT/NAV2/yahboom_src_code/slam_ws_src/install/yahboomcar_nav:/home/kunama/PLCT/NAV2/yahboom_src_code/slam_ws_src/install/yahboomcar_description:/home/kunama/PLCT/NAV2/yahboom_src_code/slam_ws_src/install/yahboomcar_ctrl:/home/kunama/PLCT/NAV2/yahboom_src_code/slam_ws_src/install/yahboomcar_bringup:/home/kunama/PLCT/NAV2/yahboom_src_code/slam_ws_src/install/yahboom_app_save_map:/home/kunama/PLCT/NAV2/yahboom_src_code/slam_ws_src/install/laserscan_to_point_publisher:/opt/ros/humble /usr/bin/cmake --install /mnt/nvme1n1p6/PLCT/NAV2/nav2_sim/build/robot_await
[13.712s] Level 1:colcon.colcon_core.environment:create_environment_scripts_only(robot_await)
[13.713s] Level 1:colcon.colcon_core.environment:checking '/mnt/nvme1n1p6/PLCT/NAV2/nav2_sim/install/robot_await' for CMake module files
[13.713s] DEBUG:colcon.colcon_core.event_handler.log_command:Invoked command in '/mnt/nvme1n1p6/PLCT/NAV2/nav2_sim/build/robot_await' returned '0': CMAKE_PREFIX_PATH=${CMAKE_PREFIX_PATH}:/home/kunama/PLCT/NAV2/yahboom_src_code/slam_ws_src/install/yahboomcar_nav:/home/kunama/PLCT/NAV2/yahboom_src_code/slam_ws_src/install/yahboomcar_description:/home/kunama/PLCT/NAV2/yahboom_src_code/slam_ws_src/install/yahboomcar_ctrl:/home/kunama/PLCT/NAV2/yahboom_src_code/slam_ws_src/install/yahboomcar_bringup:/home/kunama/PLCT/NAV2/yahboom_src_code/slam_ws_src/install/yahboom_app_save_map:/home/kunama/PLCT/NAV2/yahboom_src_code/slam_ws_src/install/laserscan_to_point_publisher:/opt/ros/humble /usr/bin/cmake --install /mnt/nvme1n1p6/PLCT/NAV2/nav2_sim/build/robot_await
[13.714s] Level 1:colcon.colcon_core.environment:checking '/mnt/nvme1n1p6/PLCT/NAV2/nav2_sim/install/robot_await' for CMake config files
[13.715s] Level 1:colcon.colcon_core.shell:create_environment_hook('robot_await', 'cmake_prefix_path')
[13.715s] INFO:colcon.colcon_core.shell:Creating environment hook '/mnt/nvme1n1p6/PLCT/NAV2/nav2_sim/install/robot_await/share/robot_await/hook/cmake_prefix_path.ps1'
[13.716s] INFO:colcon.colcon_core.shell:Creating environment descriptor '/mnt/nvme1n1p6/PLCT/NAV2/nav2_sim/install/robot_await/share/robot_await/hook/cmake_prefix_path.dsv'
[13.717s] INFO:colcon.colcon_core.shell:Creating environment hook '/mnt/nvme1n1p6/PLCT/NAV2/nav2_sim/install/robot_await/share/robot_await/hook/cmake_prefix_path.sh'
[13.718s] Level 1:colcon.colcon_core.environment:checking '/mnt/nvme1n1p6/PLCT/NAV2/nav2_sim/install/robot_await/lib'
[13.718s] Level 1:colcon.colcon_core.environment:checking '/mnt/nvme1n1p6/PLCT/NAV2/nav2_sim/install/robot_await/bin'
[13.718s] Level 1:colcon.colcon_core.environment:checking '/mnt/nvme1n1p6/PLCT/NAV2/nav2_sim/install/robot_await/lib/pkgconfig/robot_await.pc'
[13.718s] Level 1:colcon.colcon_core.environment:checking '/mnt/nvme1n1p6/PLCT/NAV2/nav2_sim/install/robot_await/lib/python3.10/site-packages'
[13.719s] Level 1:colcon.colcon_core.environment:checking '/mnt/nvme1n1p6/PLCT/NAV2/nav2_sim/install/robot_await/bin'
[13.719s] INFO:colcon.colcon_core.shell:Creating package script '/mnt/nvme1n1p6/PLCT/NAV2/nav2_sim/install/robot_await/share/robot_await/package.ps1'
[13.720s] INFO:colcon.colcon_core.shell:Creating package descriptor '/mnt/nvme1n1p6/PLCT/NAV2/nav2_sim/install/robot_await/share/robot_await/package.dsv'
[13.720s] INFO:colcon.colcon_core.shell:Creating package script '/mnt/nvme1n1p6/PLCT/NAV2/nav2_sim/install/robot_await/share/robot_await/package.sh'
[13.721s] INFO:colcon.colcon_core.shell:Creating package script '/mnt/nvme1n1p6/PLCT/NAV2/nav2_sim/install/robot_await/share/robot_await/package.bash'
[13.722s] INFO:colcon.colcon_core.shell:Creating package script '/mnt/nvme1n1p6/PLCT/NAV2/nav2_sim/install/robot_await/share/robot_await/package.zsh'
[13.722s] Level 1:colcon.colcon_core.environment:create_file_with_runtime_dependencies(/mnt/nvme1n1p6/PLCT/NAV2/nav2_sim/install/robot_await/share/colcon-core/packages/robot_await)
[13.724s] Level 1:colcon.colcon_core.environment:create_environment_scripts_only(robot_await)
[13.724s] Level 1:colcon.colcon_core.environment:checking '/mnt/nvme1n1p6/PLCT/NAV2/nav2_sim/install/robot_await' for CMake module files
[13.725s] Level 1:colcon.colcon_core.environment:checking '/mnt/nvme1n1p6/PLCT/NAV2/nav2_sim/install/robot_await' for CMake config files
[13.726s] Level 1:colcon.colcon_core.shell:create_environment_hook('robot_await', 'cmake_prefix_path')
[13.726s] INFO:colcon.colcon_core.shell:Creating environment hook '/mnt/nvme1n1p6/PLCT/NAV2/nav2_sim/install/robot_await/share/robot_await/hook/cmake_prefix_path.ps1'
[13.727s] INFO:colcon.colcon_core.shell:Creating environment descriptor '/mnt/nvme1n1p6/PLCT/NAV2/nav2_sim/install/robot_await/share/robot_await/hook/cmake_prefix_path.dsv'
[13.728s] INFO:colcon.colcon_core.shell:Creating environment hook '/mnt/nvme1n1p6/PLCT/NAV2/nav2_sim/install/robot_await/share/robot_await/hook/cmake_prefix_path.sh'
[13.729s] Level 1:colcon.colcon_core.environment:checking '/mnt/nvme1n1p6/PLCT/NAV2/nav2_sim/install/robot_await/lib'
[13.729s] Level 1:colcon.colcon_core.environment:checking '/mnt/nvme1n1p6/PLCT/NAV2/nav2_sim/install/robot_await/bin'
[13.729s] Level 1:colcon.colcon_core.environment:checking '/mnt/nvme1n1p6/PLCT/NAV2/nav2_sim/install/robot_await/lib/pkgconfig/robot_await.pc'
[13.730s] Level 1:colcon.colcon_core.environment:checking '/mnt/nvme1n1p6/PLCT/NAV2/nav2_sim/install/robot_await/lib/python3.10/site-packages'
[13.730s] Level 1:colcon.colcon_core.environment:checking '/mnt/nvme1n1p6/PLCT/NAV2/nav2_sim/install/robot_await/bin'
[13.731s] INFO:colcon.colcon_core.shell:Creating package script '/mnt/nvme1n1p6/PLCT/NAV2/nav2_sim/install/robot_await/share/robot_await/package.ps1'
[13.733s] INFO:colcon.colcon_core.shell:Creating package descriptor '/mnt/nvme1n1p6/PLCT/NAV2/nav2_sim/install/robot_await/share/robot_await/package.dsv'
[13.734s] INFO:colcon.colcon_core.shell:Creating package script '/mnt/nvme1n1p6/PLCT/NAV2/nav2_sim/install/robot_await/share/robot_await/package.sh'
[13.735s] INFO:colcon.colcon_core.shell:Creating package script '/mnt/nvme1n1p6/PLCT/NAV2/nav2_sim/install/robot_await/share/robot_await/package.bash'
[13.735s] INFO:colcon.colcon_core.shell:Creating package script '/mnt/nvme1n1p6/PLCT/NAV2/nav2_sim/install/robot_await/share/robot_await/package.zsh'
[13.736s] Level 1:colcon.colcon_core.environment:create_file_with_runtime_dependencies(/mnt/nvme1n1p6/PLCT/NAV2/nav2_sim/install/robot_await/share/colcon-core/packages/robot_await)
[13.737s] DEBUG:colcon.colcon_parallel_executor.executor.parallel:closing loop
[13.738s] DEBUG:colcon.colcon_parallel_executor.executor.parallel:loop closed
[13.738s] DEBUG:colcon.colcon_parallel_executor.executor.parallel:run_until_complete finished with '0'
[13.738s] DEBUG:colcon.colcon_core.event_reactor:joining thread
[13.754s] INFO:colcon.colcon_core.plugin_system:Skipping extension 'colcon_notification.desktop_notification.terminal_notifier': Not used on non-Darwin systems
[13.754s] INFO:colcon.colcon_core.plugin_system:Skipping extension 'colcon_notification.desktop_notification.win32': Not used on non-Windows systems
[13.755s] INFO:colcon.colcon_notification.desktop_notification:Sending desktop notification using 'notify2'
[13.769s] DEBUG:colcon.colcon_core.event_reactor:joined thread
[13.770s] INFO:colcon.colcon_core.shell:Creating prefix script '/mnt/nvme1n1p6/PLCT/NAV2/nav2_sim/install/local_setup.ps1'
[13.772s] INFO:colcon.colcon_core.shell:Creating prefix util module '/mnt/nvme1n1p6/PLCT/NAV2/nav2_sim/install/_local_setup_util_ps1.py'
[13.776s] INFO:colcon.colcon_core.shell:Creating prefix chain script '/mnt/nvme1n1p6/PLCT/NAV2/nav2_sim/install/setup.ps1'
[13.781s] INFO:colcon.colcon_core.shell:Creating prefix script '/mnt/nvme1n1p6/PLCT/NAV2/nav2_sim/install/local_setup.sh'
[13.783s] INFO:colcon.colcon_core.shell:Creating prefix util module '/mnt/nvme1n1p6/PLCT/NAV2/nav2_sim/install/_local_setup_util_sh.py'
[13.784s] INFO:colcon.colcon_core.shell:Creating prefix chain script '/mnt/nvme1n1p6/PLCT/NAV2/nav2_sim/install/setup.sh'
[13.789s] INFO:colcon.colcon_core.shell:Creating prefix script '/mnt/nvme1n1p6/PLCT/NAV2/nav2_sim/install/local_setup.bash'
[13.790s] INFO:colcon.colcon_core.shell:Creating prefix chain script '/mnt/nvme1n1p6/PLCT/NAV2/nav2_sim/install/setup.bash'
[13.795s] INFO:colcon.colcon_core.shell:Creating prefix script '/mnt/nvme1n1p6/PLCT/NAV2/nav2_sim/install/local_setup.zsh'
[13.796s] INFO:colcon.colcon_core.shell:Creating prefix chain script '/mnt/nvme1n1p6/PLCT/NAV2/nav2_sim/install/setup.zsh'
