[0.107s] DEBUG:colcon:Command line arguments: ['/usr/bin/colcon', 'build', '--symlink-install']
[0.107s] DEBUG:colcon:Parsed command line arguments: Namespace(log_base=None, log_level=None, verb_name='build', build_base='build', install_base='install', merge_install=False, symlink_install=True, test_result_base=None, continue_on_error=False, executor='parallel', parallel_workers=12, event_handlers=None, ignore_user_meta=False, metas=['./colcon.meta'], base_paths=['.'], packages_ignore=None, packages_ignore_regex=None, paths=None, packages_up_to=None, packages_up_to_regex=None, packages_above=None, packages_above_and_dependencies=None, packages_above_depth=None, packages_select_by_dep=None, packages_skip_by_dep=None, packages_skip_up_to=None, packages_select_build_failed=False, packages_skip_build_finished=False, packages_select_test_failures=False, packages_skip_test_passed=False, packages_select=None, packages_skip=None, packages_select_regex=None, packages_skip_regex=None, packages_start=None, packages_end=None, allow_overriding=[], cmake_args=None, cmake_target=None, cmake_target_skip_unavailable=False, cmake_clean_cache=False, cmake_clean_first=False, cmake_force_configure=False, ament_cmake_args=None, catkin_cmake_args=None, catkin_skip_building_tests=False, mixin_files=None, mixin=None, verb_parser=<colcon_mixin.mixin.mixin_argument.MixinArgumentDecorator object at 0x7ea291398460>, verb_extension=<colcon_core.verb.build.BuildVerb object at 0x7ea2914ad360>, main=<bound method BuildVerb.main of <colcon_core.verb.build.BuildVerb object at 0x7ea2914ad360>>, mixin_verb=('build',))
[0.273s] Level 1:colcon.colcon_core.package_discovery:discover_packages(colcon_meta) check parameters
[0.273s] Level 1:colcon.colcon_core.package_discovery:discover_packages(recursive) check parameters
[0.273s] Level 1:colcon.colcon_core.package_discovery:discover_packages(ignore) check parameters
[0.273s] Level 1:colcon.colcon_core.package_discovery:discover_packages(path) check parameters
[0.273s] Level 1:colcon.colcon_core.package_discovery:discover_packages(colcon_meta) discover
[0.273s] Level 1:colcon.colcon_core.package_discovery:discover_packages(recursive) discover
[0.273s] INFO:colcon.colcon_core.package_discovery:Crawling recursively for packages in '/mnt/nvme1n1p6/PLCT/NAV2/nav2_sim'
[0.274s] Level 1:colcon.colcon_core.package_identification:_identify(.) by extensions ['ignore', 'ignore_ament_install']
[0.274s] Level 1:colcon.colcon_core.package_identification:_identify(.) by extension 'ignore'
[0.274s] Level 1:colcon.colcon_core.package_identification:_identify(.) by extension 'ignore_ament_install'
[0.274s] Level 1:colcon.colcon_core.package_identification:_identify(.) by extensions ['colcon_pkg']
[0.274s] Level 1:colcon.colcon_core.package_identification:_identify(.) by extension 'colcon_pkg'
[0.274s] Level 1:colcon.colcon_core.package_identification:_identify(.) by extensions ['colcon_meta']
[0.274s] Level 1:colcon.colcon_core.package_identification:_identify(.) by extension 'colcon_meta'
[0.274s] Level 1:colcon.colcon_core.package_identification:_identify(.) by extensions ['ros']
[0.274s] Level 1:colcon.colcon_core.package_identification:_identify(.) by extension 'ros'
[0.293s] Level 1:colcon.colcon_core.package_identification:_identify(.) by extensions ['cmake', 'python']
[0.294s] Level 1:colcon.colcon_core.package_identification:_identify(.) by extension 'cmake'
[0.294s] Level 1:colcon.colcon_core.package_identification:_identify(.) by extension 'python'
[0.294s] Level 1:colcon.colcon_core.package_identification:_identify(.) by extensions ['python_setup_py']
[0.294s] Level 1:colcon.colcon_core.package_identification:_identify(.) by extension 'python_setup_py'
[0.294s] Level 1:colcon.colcon_core.package_identification:_identify(build) by extensions ['ignore', 'ignore_ament_install']
[0.294s] Level 1:colcon.colcon_core.package_identification:_identify(build) by extension 'ignore'
[0.294s] Level 1:colcon.colcon_core.package_identification:_identify(build) ignored
[0.294s] Level 1:colcon.colcon_core.package_identification:_identify(install) by extensions ['ignore', 'ignore_ament_install']
[0.294s] Level 1:colcon.colcon_core.package_identification:_identify(install) by extension 'ignore'
[0.294s] Level 1:colcon.colcon_core.package_identification:_identify(install) ignored
[0.294s] Level 1:colcon.colcon_core.package_identification:_identify(log) by extensions ['ignore', 'ignore_ament_install']
[0.294s] Level 1:colcon.colcon_core.package_identification:_identify(log) by extension 'ignore'
[0.294s] Level 1:colcon.colcon_core.package_identification:_identify(log) ignored
[0.294s] Level 1:colcon.colcon_core.package_identification:_identify(src) by extensions ['ignore', 'ignore_ament_install']
[0.294s] Level 1:colcon.colcon_core.package_identification:_identify(src) by extension 'ignore'
[0.294s] Level 1:colcon.colcon_core.package_identification:_identify(src) by extension 'ignore_ament_install'
[0.294s] Level 1:colcon.colcon_core.package_identification:_identify(src) by extensions ['colcon_pkg']
[0.295s] Level 1:colcon.colcon_core.package_identification:_identify(src) by extension 'colcon_pkg'
[0.295s] Level 1:colcon.colcon_core.package_identification:_identify(src) by extensions ['colcon_meta']
[0.295s] Level 1:colcon.colcon_core.package_identification:_identify(src) by extension 'colcon_meta'
[0.295s] Level 1:colcon.colcon_core.package_identification:_identify(src) by extensions ['ros']
[0.295s] Level 1:colcon.colcon_core.package_identification:_identify(src) by extension 'ros'
[0.295s] Level 1:colcon.colcon_core.package_identification:_identify(src) by extensions ['cmake', 'python']
[0.295s] Level 1:colcon.colcon_core.package_identification:_identify(src) by extension 'cmake'
[0.295s] Level 1:colcon.colcon_core.package_identification:_identify(src) by extension 'python'
[0.295s] Level 1:colcon.colcon_core.package_identification:_identify(src) by extensions ['python_setup_py']
[0.295s] Level 1:colcon.colcon_core.package_identification:_identify(src) by extension 'python_setup_py'
[0.295s] Level 1:colcon.colcon_core.package_identification:_identify(src/ISCAS_ENV) by extensions ['ignore', 'ignore_ament_install']
[0.295s] Level 1:colcon.colcon_core.package_identification:_identify(src/ISCAS_ENV) by extension 'ignore'
[0.295s] Level 1:colcon.colcon_core.package_identification:_identify(src/ISCAS_ENV) by extension 'ignore_ament_install'
[0.295s] Level 1:colcon.colcon_core.package_identification:_identify(src/ISCAS_ENV) by extensions ['colcon_pkg']
[0.295s] Level 1:colcon.colcon_core.package_identification:_identify(src/ISCAS_ENV) by extension 'colcon_pkg'
[0.295s] Level 1:colcon.colcon_core.package_identification:_identify(src/ISCAS_ENV) by extensions ['colcon_meta']
[0.295s] Level 1:colcon.colcon_core.package_identification:_identify(src/ISCAS_ENV) by extension 'colcon_meta'
[0.295s] Level 1:colcon.colcon_core.package_identification:_identify(src/ISCAS_ENV) by extensions ['ros']
[0.295s] Level 1:colcon.colcon_core.package_identification:_identify(src/ISCAS_ENV) by extension 'ros'
[0.295s] Level 1:colcon.colcon_core.package_identification:_identify(src/ISCAS_ENV) by extensions ['cmake', 'python']
[0.295s] Level 1:colcon.colcon_core.package_identification:_identify(src/ISCAS_ENV) by extension 'cmake'
[0.295s] Level 1:colcon.colcon_core.package_identification:_identify(src/ISCAS_ENV) by extension 'python'
[0.295s] Level 1:colcon.colcon_core.package_identification:_identify(src/ISCAS_ENV) by extensions ['python_setup_py']
[0.295s] Level 1:colcon.colcon_core.package_identification:_identify(src/ISCAS_ENV) by extension 'python_setup_py'
[0.295s] Level 1:colcon.colcon_core.package_identification:_identify(src/ISCAS_ENV/models) by extensions ['ignore', 'ignore_ament_install']
[0.295s] Level 1:colcon.colcon_core.package_identification:_identify(src/ISCAS_ENV/models) by extension 'ignore'
[0.296s] Level 1:colcon.colcon_core.package_identification:_identify(src/ISCAS_ENV/models) by extension 'ignore_ament_install'
[0.296s] Level 1:colcon.colcon_core.package_identification:_identify(src/ISCAS_ENV/models) by extensions ['colcon_pkg']
[0.296s] Level 1:colcon.colcon_core.package_identification:_identify(src/ISCAS_ENV/models) by extension 'colcon_pkg'
[0.296s] Level 1:colcon.colcon_core.package_identification:_identify(src/ISCAS_ENV/models) by extensions ['colcon_meta']
[0.296s] Level 1:colcon.colcon_core.package_identification:_identify(src/ISCAS_ENV/models) by extension 'colcon_meta'
[0.296s] Level 1:colcon.colcon_core.package_identification:_identify(src/ISCAS_ENV/models) by extensions ['ros']
[0.296s] Level 1:colcon.colcon_core.package_identification:_identify(src/ISCAS_ENV/models) by extension 'ros'
[0.296s] Level 1:colcon.colcon_core.package_identification:_identify(src/ISCAS_ENV/models) by extensions ['cmake', 'python']
[0.296s] Level 1:colcon.colcon_core.package_identification:_identify(src/ISCAS_ENV/models) by extension 'cmake'
[0.296s] Level 1:colcon.colcon_core.package_identification:_identify(src/ISCAS_ENV/models) by extension 'python'
[0.296s] Level 1:colcon.colcon_core.package_identification:_identify(src/ISCAS_ENV/models) by extensions ['python_setup_py']
[0.296s] Level 1:colcon.colcon_core.package_identification:_identify(src/ISCAS_ENV/models) by extension 'python_setup_py'
[0.296s] Level 1:colcon.colcon_core.package_identification:_identify(src/ISCAS_ENV/models/ISCAS_Museum) by extensions ['ignore', 'ignore_ament_install']
[0.296s] Level 1:colcon.colcon_core.package_identification:_identify(src/ISCAS_ENV/models/ISCAS_Museum) by extension 'ignore'
[0.296s] Level 1:colcon.colcon_core.package_identification:_identify(src/ISCAS_ENV/models/ISCAS_Museum) by extension 'ignore_ament_install'
[0.296s] Level 1:colcon.colcon_core.package_identification:_identify(src/ISCAS_ENV/models/ISCAS_Museum) by extensions ['colcon_pkg']
[0.296s] Level 1:colcon.colcon_core.package_identification:_identify(src/ISCAS_ENV/models/ISCAS_Museum) by extension 'colcon_pkg'
[0.296s] Level 1:colcon.colcon_core.package_identification:_identify(src/ISCAS_ENV/models/ISCAS_Museum) by extensions ['colcon_meta']
[0.296s] Level 1:colcon.colcon_core.package_identification:_identify(src/ISCAS_ENV/models/ISCAS_Museum) by extension 'colcon_meta'
[0.296s] Level 1:colcon.colcon_core.package_identification:_identify(src/ISCAS_ENV/models/ISCAS_Museum) by extensions ['ros']
[0.296s] Level 1:colcon.colcon_core.package_identification:_identify(src/ISCAS_ENV/models/ISCAS_Museum) by extension 'ros'
[0.296s] Level 1:colcon.colcon_core.package_identification:_identify(src/ISCAS_ENV/models/ISCAS_Museum) by extensions ['cmake', 'python']
[0.296s] Level 1:colcon.colcon_core.package_identification:_identify(src/ISCAS_ENV/models/ISCAS_Museum) by extension 'cmake'
[0.296s] Level 1:colcon.colcon_core.package_identification:_identify(src/ISCAS_ENV/models/ISCAS_Museum) by extension 'python'
[0.296s] Level 1:colcon.colcon_core.package_identification:_identify(src/ISCAS_ENV/models/ISCAS_Museum) by extensions ['python_setup_py']
[0.296s] Level 1:colcon.colcon_core.package_identification:_identify(src/ISCAS_ENV/models/ISCAS_Museum) by extension 'python_setup_py'
[0.297s] Level 1:colcon.colcon_core.package_identification:_identify(src/ISCAS_ENV/models/ISCAS_Museum/meshes) by extensions ['ignore', 'ignore_ament_install']
[0.297s] Level 1:colcon.colcon_core.package_identification:_identify(src/ISCAS_ENV/models/ISCAS_Museum/meshes) by extension 'ignore'
[0.297s] Level 1:colcon.colcon_core.package_identification:_identify(src/ISCAS_ENV/models/ISCAS_Museum/meshes) by extension 'ignore_ament_install'
[0.297s] Level 1:colcon.colcon_core.package_identification:_identify(src/ISCAS_ENV/models/ISCAS_Museum/meshes) by extensions ['colcon_pkg']
[0.297s] Level 1:colcon.colcon_core.package_identification:_identify(src/ISCAS_ENV/models/ISCAS_Museum/meshes) by extension 'colcon_pkg'
[0.297s] Level 1:colcon.colcon_core.package_identification:_identify(src/ISCAS_ENV/models/ISCAS_Museum/meshes) by extensions ['colcon_meta']
[0.297s] Level 1:colcon.colcon_core.package_identification:_identify(src/ISCAS_ENV/models/ISCAS_Museum/meshes) by extension 'colcon_meta'
[0.297s] Level 1:colcon.colcon_core.package_identification:_identify(src/ISCAS_ENV/models/ISCAS_Museum/meshes) by extensions ['ros']
[0.297s] Level 1:colcon.colcon_core.package_identification:_identify(src/ISCAS_ENV/models/ISCAS_Museum/meshes) by extension 'ros'
[0.297s] Level 1:colcon.colcon_core.package_identification:_identify(src/ISCAS_ENV/models/ISCAS_Museum/meshes) by extensions ['cmake', 'python']
[0.297s] Level 1:colcon.colcon_core.package_identification:_identify(src/ISCAS_ENV/models/ISCAS_Museum/meshes) by extension 'cmake'
[0.297s] Level 1:colcon.colcon_core.package_identification:_identify(src/ISCAS_ENV/models/ISCAS_Museum/meshes) by extension 'python'
[0.297s] Level 1:colcon.colcon_core.package_identification:_identify(src/ISCAS_ENV/models/ISCAS_Museum/meshes) by extensions ['python_setup_py']
[0.297s] Level 1:colcon.colcon_core.package_identification:_identify(src/ISCAS_ENV/models/ISCAS_Museum/meshes) by extension 'python_setup_py'
[0.297s] Level 1:colcon.colcon_core.package_identification:_identify(src/ISCAS_ENV/models/ISCAS_groundplane) by extensions ['ignore', 'ignore_ament_install']
[0.297s] Level 1:colcon.colcon_core.package_identification:_identify(src/ISCAS_ENV/models/ISCAS_groundplane) by extension 'ignore'
[0.297s] Level 1:colcon.colcon_core.package_identification:_identify(src/ISCAS_ENV/models/ISCAS_groundplane) by extension 'ignore_ament_install'
[0.297s] Level 1:colcon.colcon_core.package_identification:_identify(src/ISCAS_ENV/models/ISCAS_groundplane) by extensions ['colcon_pkg']
[0.297s] Level 1:colcon.colcon_core.package_identification:_identify(src/ISCAS_ENV/models/ISCAS_groundplane) by extension 'colcon_pkg'
[0.297s] Level 1:colcon.colcon_core.package_identification:_identify(src/ISCAS_ENV/models/ISCAS_groundplane) by extensions ['colcon_meta']
[0.297s] Level 1:colcon.colcon_core.package_identification:_identify(src/ISCAS_ENV/models/ISCAS_groundplane) by extension 'colcon_meta'
[0.297s] Level 1:colcon.colcon_core.package_identification:_identify(src/ISCAS_ENV/models/ISCAS_groundplane) by extensions ['ros']
[0.297s] Level 1:colcon.colcon_core.package_identification:_identify(src/ISCAS_ENV/models/ISCAS_groundplane) by extension 'ros'
[0.297s] Level 1:colcon.colcon_core.package_identification:_identify(src/ISCAS_ENV/models/ISCAS_groundplane) by extensions ['cmake', 'python']
[0.297s] Level 1:colcon.colcon_core.package_identification:_identify(src/ISCAS_ENV/models/ISCAS_groundplane) by extension 'cmake'
[0.297s] Level 1:colcon.colcon_core.package_identification:_identify(src/ISCAS_ENV/models/ISCAS_groundplane) by extension 'python'
[0.298s] Level 1:colcon.colcon_core.package_identification:_identify(src/ISCAS_ENV/models/ISCAS_groundplane) by extensions ['python_setup_py']
[0.298s] Level 1:colcon.colcon_core.package_identification:_identify(src/ISCAS_ENV/models/ISCAS_groundplane) by extension 'python_setup_py'
[0.298s] Level 1:colcon.colcon_core.package_identification:_identify(src/ISCAS_ENV/models/ISCAS_groundplane/materials) by extensions ['ignore', 'ignore_ament_install']
[0.298s] Level 1:colcon.colcon_core.package_identification:_identify(src/ISCAS_ENV/models/ISCAS_groundplane/materials) by extension 'ignore'
[0.298s] Level 1:colcon.colcon_core.package_identification:_identify(src/ISCAS_ENV/models/ISCAS_groundplane/materials) by extension 'ignore_ament_install'
[0.298s] Level 1:colcon.colcon_core.package_identification:_identify(src/ISCAS_ENV/models/ISCAS_groundplane/materials) by extensions ['colcon_pkg']
[0.298s] Level 1:colcon.colcon_core.package_identification:_identify(src/ISCAS_ENV/models/ISCAS_groundplane/materials) by extension 'colcon_pkg'
[0.298s] Level 1:colcon.colcon_core.package_identification:_identify(src/ISCAS_ENV/models/ISCAS_groundplane/materials) by extensions ['colcon_meta']
[0.298s] Level 1:colcon.colcon_core.package_identification:_identify(src/ISCAS_ENV/models/ISCAS_groundplane/materials) by extension 'colcon_meta'
[0.298s] Level 1:colcon.colcon_core.package_identification:_identify(src/ISCAS_ENV/models/ISCAS_groundplane/materials) by extensions ['ros']
[0.298s] Level 1:colcon.colcon_core.package_identification:_identify(src/ISCAS_ENV/models/ISCAS_groundplane/materials) by extension 'ros'
[0.298s] Level 1:colcon.colcon_core.package_identification:_identify(src/ISCAS_ENV/models/ISCAS_groundplane/materials) by extensions ['cmake', 'python']
[0.298s] Level 1:colcon.colcon_core.package_identification:_identify(src/ISCAS_ENV/models/ISCAS_groundplane/materials) by extension 'cmake'
[0.298s] Level 1:colcon.colcon_core.package_identification:_identify(src/ISCAS_ENV/models/ISCAS_groundplane/materials) by extension 'python'
[0.298s] Level 1:colcon.colcon_core.package_identification:_identify(src/ISCAS_ENV/models/ISCAS_groundplane/materials) by extensions ['python_setup_py']
[0.298s] Level 1:colcon.colcon_core.package_identification:_identify(src/ISCAS_ENV/models/ISCAS_groundplane/materials) by extension 'python_setup_py'
[0.298s] Level 1:colcon.colcon_core.package_identification:_identify(src/ISCAS_ENV/models/ISCAS_groundplane/materials/scripts) by extensions ['ignore', 'ignore_ament_install']
[0.298s] Level 1:colcon.colcon_core.package_identification:_identify(src/ISCAS_ENV/models/ISCAS_groundplane/materials/scripts) by extension 'ignore'
[0.298s] Level 1:colcon.colcon_core.package_identification:_identify(src/ISCAS_ENV/models/ISCAS_groundplane/materials/scripts) by extension 'ignore_ament_install'
[0.298s] Level 1:colcon.colcon_core.package_identification:_identify(src/ISCAS_ENV/models/ISCAS_groundplane/materials/scripts) by extensions ['colcon_pkg']
[0.298s] Level 1:colcon.colcon_core.package_identification:_identify(src/ISCAS_ENV/models/ISCAS_groundplane/materials/scripts) by extension 'colcon_pkg'
[0.298s] Level 1:colcon.colcon_core.package_identification:_identify(src/ISCAS_ENV/models/ISCAS_groundplane/materials/scripts) by extensions ['colcon_meta']
[0.298s] Level 1:colcon.colcon_core.package_identification:_identify(src/ISCAS_ENV/models/ISCAS_groundplane/materials/scripts) by extension 'colcon_meta'
[0.298s] Level 1:colcon.colcon_core.package_identification:_identify(src/ISCAS_ENV/models/ISCAS_groundplane/materials/scripts) by extensions ['ros']
[0.299s] Level 1:colcon.colcon_core.package_identification:_identify(src/ISCAS_ENV/models/ISCAS_groundplane/materials/scripts) by extension 'ros'
[0.299s] Level 1:colcon.colcon_core.package_identification:_identify(src/ISCAS_ENV/models/ISCAS_groundplane/materials/scripts) by extensions ['cmake', 'python']
[0.299s] Level 1:colcon.colcon_core.package_identification:_identify(src/ISCAS_ENV/models/ISCAS_groundplane/materials/scripts) by extension 'cmake'
[0.299s] Level 1:colcon.colcon_core.package_identification:_identify(src/ISCAS_ENV/models/ISCAS_groundplane/materials/scripts) by extension 'python'
[0.299s] Level 1:colcon.colcon_core.package_identification:_identify(src/ISCAS_ENV/models/ISCAS_groundplane/materials/scripts) by extensions ['python_setup_py']
[0.299s] Level 1:colcon.colcon_core.package_identification:_identify(src/ISCAS_ENV/models/ISCAS_groundplane/materials/scripts) by extension 'python_setup_py'
[0.299s] Level 1:colcon.colcon_core.package_identification:_identify(src/ISCAS_ENV/models/ISCAS_groundplane/materials/textures) by extensions ['ignore', 'ignore_ament_install']
[0.299s] Level 1:colcon.colcon_core.package_identification:_identify(src/ISCAS_ENV/models/ISCAS_groundplane/materials/textures) by extension 'ignore'
[0.299s] Level 1:colcon.colcon_core.package_identification:_identify(src/ISCAS_ENV/models/ISCAS_groundplane/materials/textures) by extension 'ignore_ament_install'
[0.299s] Level 1:colcon.colcon_core.package_identification:_identify(src/ISCAS_ENV/models/ISCAS_groundplane/materials/textures) by extensions ['colcon_pkg']
[0.299s] Level 1:colcon.colcon_core.package_identification:_identify(src/ISCAS_ENV/models/ISCAS_groundplane/materials/textures) by extension 'colcon_pkg'
[0.299s] Level 1:colcon.colcon_core.package_identification:_identify(src/ISCAS_ENV/models/ISCAS_groundplane/materials/textures) by extensions ['colcon_meta']
[0.299s] Level 1:colcon.colcon_core.package_identification:_identify(src/ISCAS_ENV/models/ISCAS_groundplane/materials/textures) by extension 'colcon_meta'
[0.299s] Level 1:colcon.colcon_core.package_identification:_identify(src/ISCAS_ENV/models/ISCAS_groundplane/materials/textures) by extensions ['ros']
[0.299s] Level 1:colcon.colcon_core.package_identification:_identify(src/ISCAS_ENV/models/ISCAS_groundplane/materials/textures) by extension 'ros'
[0.299s] Level 1:colcon.colcon_core.package_identification:_identify(src/ISCAS_ENV/models/ISCAS_groundplane/materials/textures) by extensions ['cmake', 'python']
[0.299s] Level 1:colcon.colcon_core.package_identification:_identify(src/ISCAS_ENV/models/ISCAS_groundplane/materials/textures) by extension 'cmake'
[0.299s] Level 1:colcon.colcon_core.package_identification:_identify(src/ISCAS_ENV/models/ISCAS_groundplane/materials/textures) by extension 'python'
[0.299s] Level 1:colcon.colcon_core.package_identification:_identify(src/ISCAS_ENV/models/ISCAS_groundplane/materials/textures) by extensions ['python_setup_py']
[0.299s] Level 1:colcon.colcon_core.package_identification:_identify(src/ISCAS_ENV/models/ISCAS_groundplane/materials/textures) by extension 'python_setup_py'
[0.299s] Level 1:colcon.colcon_core.package_identification:_identify(src/ISCAS_ENV/models/ISCAS_post) by extensions ['ignore', 'ignore_ament_install']
[0.299s] Level 1:colcon.colcon_core.package_identification:_identify(src/ISCAS_ENV/models/ISCAS_post) by extension 'ignore'
[0.299s] Level 1:colcon.colcon_core.package_identification:_identify(src/ISCAS_ENV/models/ISCAS_post) by extension 'ignore_ament_install'
[0.299s] Level 1:colcon.colcon_core.package_identification:_identify(src/ISCAS_ENV/models/ISCAS_post) by extensions ['colcon_pkg']
[0.299s] Level 1:colcon.colcon_core.package_identification:_identify(src/ISCAS_ENV/models/ISCAS_post) by extension 'colcon_pkg'
[0.300s] Level 1:colcon.colcon_core.package_identification:_identify(src/ISCAS_ENV/models/ISCAS_post) by extensions ['colcon_meta']
[0.300s] Level 1:colcon.colcon_core.package_identification:_identify(src/ISCAS_ENV/models/ISCAS_post) by extension 'colcon_meta'
[0.300s] Level 1:colcon.colcon_core.package_identification:_identify(src/ISCAS_ENV/models/ISCAS_post) by extensions ['ros']
[0.300s] Level 1:colcon.colcon_core.package_identification:_identify(src/ISCAS_ENV/models/ISCAS_post) by extension 'ros'
[0.300s] Level 1:colcon.colcon_core.package_identification:_identify(src/ISCAS_ENV/models/ISCAS_post) by extensions ['cmake', 'python']
[0.300s] Level 1:colcon.colcon_core.package_identification:_identify(src/ISCAS_ENV/models/ISCAS_post) by extension 'cmake'
[0.300s] Level 1:colcon.colcon_core.package_identification:_identify(src/ISCAS_ENV/models/ISCAS_post) by extension 'python'
[0.300s] Level 1:colcon.colcon_core.package_identification:_identify(src/ISCAS_ENV/models/ISCAS_post) by extensions ['python_setup_py']
[0.300s] Level 1:colcon.colcon_core.package_identification:_identify(src/ISCAS_ENV/models/ISCAS_post) by extension 'python_setup_py'
[0.300s] Level 1:colcon.colcon_core.package_identification:_identify(src/ISCAS_ENV/models/ISCAS_post/meshes) by extensions ['ignore', 'ignore_ament_install']
[0.300s] Level 1:colcon.colcon_core.package_identification:_identify(src/ISCAS_ENV/models/ISCAS_post/meshes) by extension 'ignore'
[0.300s] Level 1:colcon.colcon_core.package_identification:_identify(src/ISCAS_ENV/models/ISCAS_post/meshes) by extension 'ignore_ament_install'
[0.300s] Level 1:colcon.colcon_core.package_identification:_identify(src/ISCAS_ENV/models/ISCAS_post/meshes) by extensions ['colcon_pkg']
[0.300s] Level 1:colcon.colcon_core.package_identification:_identify(src/ISCAS_ENV/models/ISCAS_post/meshes) by extension 'colcon_pkg'
[0.300s] Level 1:colcon.colcon_core.package_identification:_identify(src/ISCAS_ENV/models/ISCAS_post/meshes) by extensions ['colcon_meta']
[0.300s] Level 1:colcon.colcon_core.package_identification:_identify(src/ISCAS_ENV/models/ISCAS_post/meshes) by extension 'colcon_meta'
[0.300s] Level 1:colcon.colcon_core.package_identification:_identify(src/ISCAS_ENV/models/ISCAS_post/meshes) by extensions ['ros']
[0.300s] Level 1:colcon.colcon_core.package_identification:_identify(src/ISCAS_ENV/models/ISCAS_post/meshes) by extension 'ros'
[0.300s] Level 1:colcon.colcon_core.package_identification:_identify(src/ISCAS_ENV/models/ISCAS_post/meshes) by extensions ['cmake', 'python']
[0.300s] Level 1:colcon.colcon_core.package_identification:_identify(src/ISCAS_ENV/models/ISCAS_post/meshes) by extension 'cmake'
[0.300s] Level 1:colcon.colcon_core.package_identification:_identify(src/ISCAS_ENV/models/ISCAS_post/meshes) by extension 'python'
[0.300s] Level 1:colcon.colcon_core.package_identification:_identify(src/ISCAS_ENV/models/ISCAS_post/meshes) by extensions ['python_setup_py']
[0.300s] Level 1:colcon.colcon_core.package_identification:_identify(src/ISCAS_ENV/models/ISCAS_post/meshes) by extension 'python_setup_py'
[0.300s] Level 1:colcon.colcon_core.package_identification:_identify(src/custom_command) by extensions ['ignore', 'ignore_ament_install']
[0.300s] Level 1:colcon.colcon_core.package_identification:_identify(src/custom_command) by extension 'ignore'
[0.301s] Level 1:colcon.colcon_core.package_identification:_identify(src/custom_command) by extension 'ignore_ament_install'
[0.301s] Level 1:colcon.colcon_core.package_identification:_identify(src/custom_command) by extensions ['colcon_pkg']
[0.301s] Level 1:colcon.colcon_core.package_identification:_identify(src/custom_command) by extension 'colcon_pkg'
[0.301s] Level 1:colcon.colcon_core.package_identification:_identify(src/custom_command) by extensions ['colcon_meta']
[0.301s] Level 1:colcon.colcon_core.package_identification:_identify(src/custom_command) by extension 'colcon_meta'
[0.301s] Level 1:colcon.colcon_core.package_identification:_identify(src/custom_command) by extensions ['ros']
[0.301s] Level 1:colcon.colcon_core.package_identification:_identify(src/custom_command) by extension 'ros'
[0.303s] DEBUG:colcon.colcon_core.package_identification:Package 'src/custom_command' with type 'ros.ament_cmake' and name 'custom_command'
[0.303s] Level 1:colcon.colcon_core.package_identification:_identify(src/robot_await) by extensions ['ignore', 'ignore_ament_install']
[0.303s] Level 1:colcon.colcon_core.package_identification:_identify(src/robot_await) by extension 'ignore'
[0.303s] Level 1:colcon.colcon_core.package_identification:_identify(src/robot_await) by extension 'ignore_ament_install'
[0.303s] Level 1:colcon.colcon_core.package_identification:_identify(src/robot_await) by extensions ['colcon_pkg']
[0.303s] Level 1:colcon.colcon_core.package_identification:_identify(src/robot_await) by extension 'colcon_pkg'
[0.303s] Level 1:colcon.colcon_core.package_identification:_identify(src/robot_await) by extensions ['colcon_meta']
[0.303s] Level 1:colcon.colcon_core.package_identification:_identify(src/robot_await) by extension 'colcon_meta'
[0.303s] Level 1:colcon.colcon_core.package_identification:_identify(src/robot_await) by extensions ['ros']
[0.303s] Level 1:colcon.colcon_core.package_identification:_identify(src/robot_await) by extension 'ros'
[0.304s] DEBUG:colcon.colcon_core.package_identification:Package 'src/robot_await' with type 'ros.ament_cmake' and name 'robot_await'
[0.304s] Level 1:colcon.colcon_core.package_identification:_identify(src/robot_control) by extensions ['ignore', 'ignore_ament_install']
[0.304s] Level 1:colcon.colcon_core.package_identification:_identify(src/robot_control) by extension 'ignore'
[0.304s] Level 1:colcon.colcon_core.package_identification:_identify(src/robot_control) by extension 'ignore_ament_install'
[0.304s] Level 1:colcon.colcon_core.package_identification:_identify(src/robot_control) by extensions ['colcon_pkg']
[0.304s] Level 1:colcon.colcon_core.package_identification:_identify(src/robot_control) by extension 'colcon_pkg'
[0.304s] Level 1:colcon.colcon_core.package_identification:_identify(src/robot_control) by extensions ['colcon_meta']
[0.304s] Level 1:colcon.colcon_core.package_identification:_identify(src/robot_control) by extension 'colcon_meta'
[0.304s] Level 1:colcon.colcon_core.package_identification:_identify(src/robot_control) by extensions ['ros']
[0.304s] Level 1:colcon.colcon_core.package_identification:_identify(src/robot_control) by extension 'ros'
[0.305s] DEBUG:colcon.colcon_core.package_identification:Package 'src/robot_control' with type 'ros.ament_cmake' and name 'robot_control'
[0.305s] Level 1:colcon.colcon_core.package_identification:_identify(src/robot_description) by extensions ['ignore', 'ignore_ament_install']
[0.305s] Level 1:colcon.colcon_core.package_identification:_identify(src/robot_description) by extension 'ignore'
[0.305s] Level 1:colcon.colcon_core.package_identification:_identify(src/robot_description) by extension 'ignore_ament_install'
[0.305s] Level 1:colcon.colcon_core.package_identification:_identify(src/robot_description) by extensions ['colcon_pkg']
[0.305s] Level 1:colcon.colcon_core.package_identification:_identify(src/robot_description) by extension 'colcon_pkg'
[0.305s] Level 1:colcon.colcon_core.package_identification:_identify(src/robot_description) by extensions ['colcon_meta']
[0.305s] Level 1:colcon.colcon_core.package_identification:_identify(src/robot_description) by extension 'colcon_meta'
[0.305s] Level 1:colcon.colcon_core.package_identification:_identify(src/robot_description) by extensions ['ros']
[0.305s] Level 1:colcon.colcon_core.package_identification:_identify(src/robot_description) by extension 'ros'
[0.306s] DEBUG:colcon.colcon_core.package_identification:Package 'src/robot_description' with type 'ros.ament_cmake' and name 'robot_description'
[0.306s] Level 1:colcon.colcon_core.package_identification:_identify(src/robot_environment) by extensions ['ignore', 'ignore_ament_install']
[0.306s] Level 1:colcon.colcon_core.package_identification:_identify(src/robot_environment) by extension 'ignore'
[0.306s] Level 1:colcon.colcon_core.package_identification:_identify(src/robot_environment) by extension 'ignore_ament_install'
[0.306s] Level 1:colcon.colcon_core.package_identification:_identify(src/robot_environment) by extensions ['colcon_pkg']
[0.306s] Level 1:colcon.colcon_core.package_identification:_identify(src/robot_environment) by extension 'colcon_pkg'
[0.306s] Level 1:colcon.colcon_core.package_identification:_identify(src/robot_environment) by extensions ['colcon_meta']
[0.306s] Level 1:colcon.colcon_core.package_identification:_identify(src/robot_environment) by extension 'colcon_meta'
[0.306s] Level 1:colcon.colcon_core.package_identification:_identify(src/robot_environment) by extensions ['ros']
[0.306s] Level 1:colcon.colcon_core.package_identification:_identify(src/robot_environment) by extension 'ros'
[0.306s] DEBUG:colcon.colcon_core.package_identification:Package 'src/robot_environment' with type 'ros.ament_cmake' and name 'robot_environment'
[0.306s] Level 1:colcon.colcon_core.package_identification:_identify(src/robot_navigation) by extensions ['ignore', 'ignore_ament_install']
[0.307s] Level 1:colcon.colcon_core.package_identification:_identify(src/robot_navigation) by extension 'ignore'
[0.307s] Level 1:colcon.colcon_core.package_identification:_identify(src/robot_navigation) by extension 'ignore_ament_install'
[0.307s] Level 1:colcon.colcon_core.package_identification:_identify(src/robot_navigation) by extensions ['colcon_pkg']
[0.307s] Level 1:colcon.colcon_core.package_identification:_identify(src/robot_navigation) by extension 'colcon_pkg'
[0.307s] Level 1:colcon.colcon_core.package_identification:_identify(src/robot_navigation) by extensions ['colcon_meta']
[0.307s] Level 1:colcon.colcon_core.package_identification:_identify(src/robot_navigation) by extension 'colcon_meta'
[0.307s] Level 1:colcon.colcon_core.package_identification:_identify(src/robot_navigation) by extensions ['ros']
[0.307s] Level 1:colcon.colcon_core.package_identification:_identify(src/robot_navigation) by extension 'ros'
[0.307s] DEBUG:colcon.colcon_core.package_identification:Package 'src/robot_navigation' with type 'ros.ament_cmake' and name 'robot_navigation'
[0.307s] Level 1:colcon.colcon_core.package_identification:_identify(src/robot_slam) by extensions ['ignore', 'ignore_ament_install']
[0.308s] Level 1:colcon.colcon_core.package_identification:_identify(src/robot_slam) by extension 'ignore'
[0.308s] Level 1:colcon.colcon_core.package_identification:_identify(src/robot_slam) by extension 'ignore_ament_install'
[0.308s] Level 1:colcon.colcon_core.package_identification:_identify(src/robot_slam) by extensions ['colcon_pkg']
[0.308s] Level 1:colcon.colcon_core.package_identification:_identify(src/robot_slam) by extension 'colcon_pkg'
[0.308s] Level 1:colcon.colcon_core.package_identification:_identify(src/robot_slam) by extensions ['colcon_meta']
[0.308s] Level 1:colcon.colcon_core.package_identification:_identify(src/robot_slam) by extension 'colcon_meta'
[0.308s] Level 1:colcon.colcon_core.package_identification:_identify(src/robot_slam) by extensions ['ros']
[0.308s] Level 1:colcon.colcon_core.package_identification:_identify(src/robot_slam) by extension 'ros'
[0.308s] DEBUG:colcon.colcon_core.package_identification:Package 'src/robot_slam' with type 'ros.ament_cmake' and name 'robot_slam'
[0.309s] Level 1:colcon.colcon_core.package_discovery:discover_packages(recursive) using defaults
[0.309s] Level 1:colcon.colcon_core.package_discovery:discover_packages(ignore) discover
[0.309s] Level 1:colcon.colcon_core.package_discovery:discover_packages(ignore) using defaults
[0.309s] Level 1:colcon.colcon_core.package_discovery:discover_packages(path) discover
[0.309s] Level 1:colcon.colcon_core.package_discovery:discover_packages(path) using defaults
[0.326s] Level 1:colcon.colcon_core.package_discovery:discover_packages(prefix_path) check parameters
[0.326s] Level 1:colcon.colcon_core.package_discovery:discover_packages(prefix_path) discover
[0.328s] DEBUG:colcon.colcon_installed_package_information.package_discovery:Found 2 installed packages in /mnt/nvme1n1p6/PLCT/NAV2/nav2_sim/install
[0.329s] DEBUG:colcon.colcon_installed_package_information.package_discovery:Found 15 installed packages in /home/kunama/PLCT/NAV2/yahboom_src_code/slam_ws_src/install
[0.330s] DEBUG:colcon.colcon_installed_package_information.package_discovery:Found 420 installed packages in /opt/ros/humble
[0.333s] Level 1:colcon.colcon_core.package_discovery:discover_packages(prefix_path) using defaults
[0.377s] Level 5:colcon.colcon_core.verb:set package 'custom_command' build argument 'cmake_args' from command line to 'None'
[0.377s] Level 5:colcon.colcon_core.verb:set package 'custom_command' build argument 'cmake_target' from command line to 'None'
[0.377s] Level 5:colcon.colcon_core.verb:set package 'custom_command' build argument 'cmake_target_skip_unavailable' from command line to 'False'
[0.377s] Level 5:colcon.colcon_core.verb:set package 'custom_command' build argument 'cmake_clean_cache' from command line to 'False'
[0.377s] Level 5:colcon.colcon_core.verb:set package 'custom_command' build argument 'cmake_clean_first' from command line to 'False'
[0.377s] Level 5:colcon.colcon_core.verb:set package 'custom_command' build argument 'cmake_force_configure' from command line to 'False'
[0.377s] Level 5:colcon.colcon_core.verb:set package 'custom_command' build argument 'ament_cmake_args' from command line to 'None'
[0.377s] Level 5:colcon.colcon_core.verb:set package 'custom_command' build argument 'catkin_cmake_args' from command line to 'None'
[0.377s] Level 5:colcon.colcon_core.verb:set package 'custom_command' build argument 'catkin_skip_building_tests' from command line to 'False'
[0.377s] DEBUG:colcon.colcon_core.verb:Building package 'custom_command' with the following arguments: {'ament_cmake_args': None, 'build_base': '/mnt/nvme1n1p6/PLCT/NAV2/nav2_sim/build/custom_command', 'catkin_cmake_args': None, 'catkin_skip_building_tests': False, 'cmake_args': None, 'cmake_clean_cache': False, 'cmake_clean_first': False, 'cmake_force_configure': False, 'cmake_target': None, 'cmake_target_skip_unavailable': False, 'install_base': '/mnt/nvme1n1p6/PLCT/NAV2/nav2_sim/install/custom_command', 'merge_install': False, 'path': '/mnt/nvme1n1p6/PLCT/NAV2/nav2_sim/src/custom_command', 'symlink_install': True, 'test_result_base': None}
[0.377s] Level 5:colcon.colcon_core.verb:set package 'robot_await' build argument 'cmake_args' from command line to 'None'
[0.377s] Level 5:colcon.colcon_core.verb:set package 'robot_await' build argument 'cmake_target' from command line to 'None'
[0.377s] Level 5:colcon.colcon_core.verb:set package 'robot_await' build argument 'cmake_target_skip_unavailable' from command line to 'False'
[0.377s] Level 5:colcon.colcon_core.verb:set package 'robot_await' build argument 'cmake_clean_cache' from command line to 'False'
[0.377s] Level 5:colcon.colcon_core.verb:set package 'robot_await' build argument 'cmake_clean_first' from command line to 'False'
[0.377s] Level 5:colcon.colcon_core.verb:set package 'robot_await' build argument 'cmake_force_configure' from command line to 'False'
[0.377s] Level 5:colcon.colcon_core.verb:set package 'robot_await' build argument 'ament_cmake_args' from command line to 'None'
[0.377s] Level 5:colcon.colcon_core.verb:set package 'robot_await' build argument 'catkin_cmake_args' from command line to 'None'
[0.377s] Level 5:colcon.colcon_core.verb:set package 'robot_await' build argument 'catkin_skip_building_tests' from command line to 'False'
[0.377s] DEBUG:colcon.colcon_core.verb:Building package 'robot_await' with the following arguments: {'ament_cmake_args': None, 'build_base': '/mnt/nvme1n1p6/PLCT/NAV2/nav2_sim/build/robot_await', 'catkin_cmake_args': None, 'catkin_skip_building_tests': False, 'cmake_args': None, 'cmake_clean_cache': False, 'cmake_clean_first': False, 'cmake_force_configure': False, 'cmake_target': None, 'cmake_target_skip_unavailable': False, 'install_base': '/mnt/nvme1n1p6/PLCT/NAV2/nav2_sim/install/robot_await', 'merge_install': False, 'path': '/mnt/nvme1n1p6/PLCT/NAV2/nav2_sim/src/robot_await', 'symlink_install': True, 'test_result_base': None}
[0.378s] Level 5:colcon.colcon_core.verb:set package 'robot_control' build argument 'cmake_args' from command line to 'None'
[0.378s] Level 5:colcon.colcon_core.verb:set package 'robot_control' build argument 'cmake_target' from command line to 'None'
[0.378s] Level 5:colcon.colcon_core.verb:set package 'robot_control' build argument 'cmake_target_skip_unavailable' from command line to 'False'
[0.378s] Level 5:colcon.colcon_core.verb:set package 'robot_control' build argument 'cmake_clean_cache' from command line to 'False'
[0.378s] Level 5:colcon.colcon_core.verb:set package 'robot_control' build argument 'cmake_clean_first' from command line to 'False'
[0.378s] Level 5:colcon.colcon_core.verb:set package 'robot_control' build argument 'cmake_force_configure' from command line to 'False'
[0.378s] Level 5:colcon.colcon_core.verb:set package 'robot_control' build argument 'ament_cmake_args' from command line to 'None'
[0.378s] Level 5:colcon.colcon_core.verb:set package 'robot_control' build argument 'catkin_cmake_args' from command line to 'None'
[0.378s] Level 5:colcon.colcon_core.verb:set package 'robot_control' build argument 'catkin_skip_building_tests' from command line to 'False'
[0.378s] DEBUG:colcon.colcon_core.verb:Building package 'robot_control' with the following arguments: {'ament_cmake_args': None, 'build_base': '/mnt/nvme1n1p6/PLCT/NAV2/nav2_sim/build/robot_control', 'catkin_cmake_args': None, 'catkin_skip_building_tests': False, 'cmake_args': None, 'cmake_clean_cache': False, 'cmake_clean_first': False, 'cmake_force_configure': False, 'cmake_target': None, 'cmake_target_skip_unavailable': False, 'install_base': '/mnt/nvme1n1p6/PLCT/NAV2/nav2_sim/install/robot_control', 'merge_install': False, 'path': '/mnt/nvme1n1p6/PLCT/NAV2/nav2_sim/src/robot_control', 'symlink_install': True, 'test_result_base': None}
[0.378s] Level 5:colcon.colcon_core.verb:set package 'robot_description' build argument 'cmake_args' from command line to 'None'
[0.378s] Level 5:colcon.colcon_core.verb:set package 'robot_description' build argument 'cmake_target' from command line to 'None'
[0.378s] Level 5:colcon.colcon_core.verb:set package 'robot_description' build argument 'cmake_target_skip_unavailable' from command line to 'False'
[0.378s] Level 5:colcon.colcon_core.verb:set package 'robot_description' build argument 'cmake_clean_cache' from command line to 'False'
[0.378s] Level 5:colcon.colcon_core.verb:set package 'robot_description' build argument 'cmake_clean_first' from command line to 'False'
[0.378s] Level 5:colcon.colcon_core.verb:set package 'robot_description' build argument 'cmake_force_configure' from command line to 'False'
[0.378s] Level 5:colcon.colcon_core.verb:set package 'robot_description' build argument 'ament_cmake_args' from command line to 'None'
[0.378s] Level 5:colcon.colcon_core.verb:set package 'robot_description' build argument 'catkin_cmake_args' from command line to 'None'
[0.378s] Level 5:colcon.colcon_core.verb:set package 'robot_description' build argument 'catkin_skip_building_tests' from command line to 'False'
[0.378s] DEBUG:colcon.colcon_core.verb:Building package 'robot_description' with the following arguments: {'ament_cmake_args': None, 'build_base': '/mnt/nvme1n1p6/PLCT/NAV2/nav2_sim/build/robot_description', 'catkin_cmake_args': None, 'catkin_skip_building_tests': False, 'cmake_args': None, 'cmake_clean_cache': False, 'cmake_clean_first': False, 'cmake_force_configure': False, 'cmake_target': None, 'cmake_target_skip_unavailable': False, 'install_base': '/mnt/nvme1n1p6/PLCT/NAV2/nav2_sim/install/robot_description', 'merge_install': False, 'path': '/mnt/nvme1n1p6/PLCT/NAV2/nav2_sim/src/robot_description', 'symlink_install': True, 'test_result_base': None}
[0.379s] Level 5:colcon.colcon_core.verb:set package 'robot_environment' build argument 'cmake_args' from command line to 'None'
[0.379s] Level 5:colcon.colcon_core.verb:set package 'robot_environment' build argument 'cmake_target' from command line to 'None'
[0.379s] Level 5:colcon.colcon_core.verb:set package 'robot_environment' build argument 'cmake_target_skip_unavailable' from command line to 'False'
[0.379s] Level 5:colcon.colcon_core.verb:set package 'robot_environment' build argument 'cmake_clean_cache' from command line to 'False'
[0.379s] Level 5:colcon.colcon_core.verb:set package 'robot_environment' build argument 'cmake_clean_first' from command line to 'False'
[0.379s] Level 5:colcon.colcon_core.verb:set package 'robot_environment' build argument 'cmake_force_configure' from command line to 'False'
[0.379s] Level 5:colcon.colcon_core.verb:set package 'robot_environment' build argument 'ament_cmake_args' from command line to 'None'
[0.379s] Level 5:colcon.colcon_core.verb:set package 'robot_environment' build argument 'catkin_cmake_args' from command line to 'None'
[0.379s] Level 5:colcon.colcon_core.verb:set package 'robot_environment' build argument 'catkin_skip_building_tests' from command line to 'False'
[0.379s] DEBUG:colcon.colcon_core.verb:Building package 'robot_environment' with the following arguments: {'ament_cmake_args': None, 'build_base': '/mnt/nvme1n1p6/PLCT/NAV2/nav2_sim/build/robot_environment', 'catkin_cmake_args': None, 'catkin_skip_building_tests': False, 'cmake_args': None, 'cmake_clean_cache': False, 'cmake_clean_first': False, 'cmake_force_configure': False, 'cmake_target': None, 'cmake_target_skip_unavailable': False, 'install_base': '/mnt/nvme1n1p6/PLCT/NAV2/nav2_sim/install/robot_environment', 'merge_install': False, 'path': '/mnt/nvme1n1p6/PLCT/NAV2/nav2_sim/src/robot_environment', 'symlink_install': True, 'test_result_base': None}
[0.379s] Level 5:colcon.colcon_core.verb:set package 'robot_navigation' build argument 'cmake_args' from command line to 'None'
[0.379s] Level 5:colcon.colcon_core.verb:set package 'robot_navigation' build argument 'cmake_target' from command line to 'None'
[0.379s] Level 5:colcon.colcon_core.verb:set package 'robot_navigation' build argument 'cmake_target_skip_unavailable' from command line to 'False'
[0.379s] Level 5:colcon.colcon_core.verb:set package 'robot_navigation' build argument 'cmake_clean_cache' from command line to 'False'
[0.379s] Level 5:colcon.colcon_core.verb:set package 'robot_navigation' build argument 'cmake_clean_first' from command line to 'False'
[0.379s] Level 5:colcon.colcon_core.verb:set package 'robot_navigation' build argument 'cmake_force_configure' from command line to 'False'
[0.379s] Level 5:colcon.colcon_core.verb:set package 'robot_navigation' build argument 'ament_cmake_args' from command line to 'None'
[0.379s] Level 5:colcon.colcon_core.verb:set package 'robot_navigation' build argument 'catkin_cmake_args' from command line to 'None'
[0.379s] Level 5:colcon.colcon_core.verb:set package 'robot_navigation' build argument 'catkin_skip_building_tests' from command line to 'False'
[0.379s] DEBUG:colcon.colcon_core.verb:Building package 'robot_navigation' with the following arguments: {'ament_cmake_args': None, 'build_base': '/mnt/nvme1n1p6/PLCT/NAV2/nav2_sim/build/robot_navigation', 'catkin_cmake_args': None, 'catkin_skip_building_tests': False, 'cmake_args': None, 'cmake_clean_cache': False, 'cmake_clean_first': False, 'cmake_force_configure': False, 'cmake_target': None, 'cmake_target_skip_unavailable': False, 'install_base': '/mnt/nvme1n1p6/PLCT/NAV2/nav2_sim/install/robot_navigation', 'merge_install': False, 'path': '/mnt/nvme1n1p6/PLCT/NAV2/nav2_sim/src/robot_navigation', 'symlink_install': True, 'test_result_base': None}
[0.379s] Level 5:colcon.colcon_core.verb:set package 'robot_slam' build argument 'cmake_args' from command line to 'None'
[0.379s] Level 5:colcon.colcon_core.verb:set package 'robot_slam' build argument 'cmake_target' from command line to 'None'
[0.379s] Level 5:colcon.colcon_core.verb:set package 'robot_slam' build argument 'cmake_target_skip_unavailable' from command line to 'False'
[0.380s] Level 5:colcon.colcon_core.verb:set package 'robot_slam' build argument 'cmake_clean_cache' from command line to 'False'
[0.380s] Level 5:colcon.colcon_core.verb:set package 'robot_slam' build argument 'cmake_clean_first' from command line to 'False'
[0.380s] Level 5:colcon.colcon_core.verb:set package 'robot_slam' build argument 'cmake_force_configure' from command line to 'False'
[0.380s] Level 5:colcon.colcon_core.verb:set package 'robot_slam' build argument 'ament_cmake_args' from command line to 'None'
[0.380s] Level 5:colcon.colcon_core.verb:set package 'robot_slam' build argument 'catkin_cmake_args' from command line to 'None'
[0.380s] Level 5:colcon.colcon_core.verb:set package 'robot_slam' build argument 'catkin_skip_building_tests' from command line to 'False'
[0.380s] DEBUG:colcon.colcon_core.verb:Building package 'robot_slam' with the following arguments: {'ament_cmake_args': None, 'build_base': '/mnt/nvme1n1p6/PLCT/NAV2/nav2_sim/build/robot_slam', 'catkin_cmake_args': None, 'catkin_skip_building_tests': False, 'cmake_args': None, 'cmake_clean_cache': False, 'cmake_clean_first': False, 'cmake_force_configure': False, 'cmake_target': None, 'cmake_target_skip_unavailable': False, 'install_base': '/mnt/nvme1n1p6/PLCT/NAV2/nav2_sim/install/robot_slam', 'merge_install': False, 'path': '/mnt/nvme1n1p6/PLCT/NAV2/nav2_sim/src/robot_slam', 'symlink_install': True, 'test_result_base': None}
[0.380s] INFO:colcon.colcon_core.executor:Executing jobs using 'parallel' executor
[0.381s] DEBUG:colcon.colcon_parallel_executor.executor.parallel:run_until_complete
[0.381s] INFO:colcon.colcon_ros.task.ament_cmake.build:Building ROS package in '/mnt/nvme1n1p6/PLCT/NAV2/nav2_sim/src/custom_command' with build type 'ament_cmake'
[0.381s] INFO:colcon.colcon_cmake.task.cmake.build:Building CMake package in '/mnt/nvme1n1p6/PLCT/NAV2/nav2_sim/src/custom_command'
[0.383s] INFO:colcon.colcon_core.plugin_system:Skipping extension 'colcon_core.shell.bat': Not used on non-Windows systems
[0.384s] INFO:colcon.colcon_core.shell:Skip shell extension 'powershell' for command environment: Not usable outside of PowerShell
[0.384s] DEBUG:colcon.colcon_core.shell:Skip shell extension 'dsv' for command environment
[0.389s] INFO:colcon.colcon_ros.task.ament_cmake.build:Building ROS package in '/mnt/nvme1n1p6/PLCT/NAV2/nav2_sim/src/robot_await' with build type 'ament_cmake'
[0.389s] INFO:colcon.colcon_cmake.task.cmake.build:Building CMake package in '/mnt/nvme1n1p6/PLCT/NAV2/nav2_sim/src/robot_await'
[0.390s] INFO:colcon.colcon_core.shell:Skip shell extension 'powershell' for command environment: Not usable outside of PowerShell
[0.390s] DEBUG:colcon.colcon_core.shell:Skip shell extension 'dsv' for command environment
[0.395s] INFO:colcon.colcon_ros.task.ament_cmake.build:Building ROS package in '/mnt/nvme1n1p6/PLCT/NAV2/nav2_sim/src/robot_control' with build type 'ament_cmake'
[0.395s] INFO:colcon.colcon_cmake.task.cmake.build:Building CMake package in '/mnt/nvme1n1p6/PLCT/NAV2/nav2_sim/src/robot_control'
[0.395s] INFO:colcon.colcon_core.shell:Skip shell extension 'powershell' for command environment: Not usable outside of PowerShell
[0.395s] DEBUG:colcon.colcon_core.shell:Skip shell extension 'dsv' for command environment
[0.400s] INFO:colcon.colcon_ros.task.ament_cmake.build:Building ROS package in '/mnt/nvme1n1p6/PLCT/NAV2/nav2_sim/src/robot_description' with build type 'ament_cmake'
[0.400s] INFO:colcon.colcon_cmake.task.cmake.build:Building CMake package in '/mnt/nvme1n1p6/PLCT/NAV2/nav2_sim/src/robot_description'
[0.400s] INFO:colcon.colcon_core.shell:Skip shell extension 'powershell' for command environment: Not usable outside of PowerShell
[0.400s] DEBUG:colcon.colcon_core.shell:Skip shell extension 'dsv' for command environment
[0.405s] INFO:colcon.colcon_ros.task.ament_cmake.build:Building ROS package in '/mnt/nvme1n1p6/PLCT/NAV2/nav2_sim/src/robot_environment' with build type 'ament_cmake'
[0.405s] INFO:colcon.colcon_cmake.task.cmake.build:Building CMake package in '/mnt/nvme1n1p6/PLCT/NAV2/nav2_sim/src/robot_environment'
[0.406s] INFO:colcon.colcon_core.shell:Skip shell extension 'powershell' for command environment: Not usable outside of PowerShell
[0.406s] DEBUG:colcon.colcon_core.shell:Skip shell extension 'dsv' for command environment
[0.410s] INFO:colcon.colcon_ros.task.ament_cmake.build:Building ROS package in '/mnt/nvme1n1p6/PLCT/NAV2/nav2_sim/src/robot_navigation' with build type 'ament_cmake'
[0.410s] INFO:colcon.colcon_cmake.task.cmake.build:Building CMake package in '/mnt/nvme1n1p6/PLCT/NAV2/nav2_sim/src/robot_navigation'
[0.411s] INFO:colcon.colcon_core.shell:Skip shell extension 'powershell' for command environment: Not usable outside of PowerShell
[0.411s] DEBUG:colcon.colcon_core.shell:Skip shell extension 'dsv' for command environment
[0.415s] INFO:colcon.colcon_ros.task.ament_cmake.build:Building ROS package in '/mnt/nvme1n1p6/PLCT/NAV2/nav2_sim/src/robot_slam' with build type 'ament_cmake'
[0.415s] INFO:colcon.colcon_cmake.task.cmake.build:Building CMake package in '/mnt/nvme1n1p6/PLCT/NAV2/nav2_sim/src/robot_slam'
[0.416s] INFO:colcon.colcon_core.shell:Skip shell extension 'powershell' for command environment: Not usable outside of PowerShell
[0.416s] DEBUG:colcon.colcon_core.shell:Skip shell extension 'dsv' for command environment
[0.427s] DEBUG:colcon.colcon_core.event_handler.log_command:Invoking command in '/mnt/nvme1n1p6/PLCT/NAV2/nav2_sim/build/custom_command': CMAKE_PREFIX_PATH=${CMAKE_PREFIX_PATH}:/home/kunama/PLCT/NAV2/yahboom_src_code/slam_ws_src/install/yahboomcar_nav:/home/kunama/PLCT/NAV2/yahboom_src_code/slam_ws_src/install/yahboomcar_description:/home/kunama/PLCT/NAV2/yahboom_src_code/slam_ws_src/install/yahboomcar_ctrl:/home/kunama/PLCT/NAV2/yahboom_src_code/slam_ws_src/install/yahboomcar_bringup:/home/kunama/PLCT/NAV2/yahboom_src_code/slam_ws_src/install/yahboom_app_save_map:/home/kunama/PLCT/NAV2/yahboom_src_code/slam_ws_src/install/laserscan_to_point_publisher:/opt/ros/humble /usr/bin/cmake --build /mnt/nvme1n1p6/PLCT/NAV2/nav2_sim/build/custom_command -- -j12 -l12
[0.430s] DEBUG:colcon.colcon_core.event_handler.log_command:Invoking command in '/mnt/nvme1n1p6/PLCT/NAV2/nav2_sim/build/robot_await': CMAKE_PREFIX_PATH=${CMAKE_PREFIX_PATH}:/home/kunama/PLCT/NAV2/yahboom_src_code/slam_ws_src/install/yahboomcar_nav:/home/kunama/PLCT/NAV2/yahboom_src_code/slam_ws_src/install/yahboomcar_description:/home/kunama/PLCT/NAV2/yahboom_src_code/slam_ws_src/install/yahboomcar_ctrl:/home/kunama/PLCT/NAV2/yahboom_src_code/slam_ws_src/install/yahboomcar_bringup:/home/kunama/PLCT/NAV2/yahboom_src_code/slam_ws_src/install/yahboom_app_save_map:/home/kunama/PLCT/NAV2/yahboom_src_code/slam_ws_src/install/laserscan_to_point_publisher:/opt/ros/humble /usr/bin/cmake --build /mnt/nvme1n1p6/PLCT/NAV2/nav2_sim/build/robot_await -- -j12 -l12
[0.433s] DEBUG:colcon.colcon_core.event_handler.log_command:Invoking command in '/mnt/nvme1n1p6/PLCT/NAV2/nav2_sim/build/robot_control': CMAKE_PREFIX_PATH=${CMAKE_PREFIX_PATH}:/home/kunama/PLCT/NAV2/yahboom_src_code/slam_ws_src/install/yahboomcar_nav:/home/kunama/PLCT/NAV2/yahboom_src_code/slam_ws_src/install/yahboomcar_description:/home/kunama/PLCT/NAV2/yahboom_src_code/slam_ws_src/install/yahboomcar_ctrl:/home/kunama/PLCT/NAV2/yahboom_src_code/slam_ws_src/install/yahboomcar_bringup:/home/kunama/PLCT/NAV2/yahboom_src_code/slam_ws_src/install/yahboom_app_save_map:/home/kunama/PLCT/NAV2/yahboom_src_code/slam_ws_src/install/laserscan_to_point_publisher:/opt/ros/humble /usr/bin/cmake /mnt/nvme1n1p6/PLCT/NAV2/nav2_sim/src/robot_control -DAMENT_CMAKE_SYMLINK_INSTALL=1 -DCMAKE_INSTALL_PREFIX=/mnt/nvme1n1p6/PLCT/NAV2/nav2_sim/install/robot_control
[0.436s] DEBUG:colcon.colcon_core.event_handler.log_command:Invoking command in '/mnt/nvme1n1p6/PLCT/NAV2/nav2_sim/build/robot_description': CMAKE_PREFIX_PATH=${CMAKE_PREFIX_PATH}:/home/kunama/PLCT/NAV2/yahboom_src_code/slam_ws_src/install/yahboomcar_nav:/home/kunama/PLCT/NAV2/yahboom_src_code/slam_ws_src/install/yahboomcar_description:/home/kunama/PLCT/NAV2/yahboom_src_code/slam_ws_src/install/yahboomcar_ctrl:/home/kunama/PLCT/NAV2/yahboom_src_code/slam_ws_src/install/yahboomcar_bringup:/home/kunama/PLCT/NAV2/yahboom_src_code/slam_ws_src/install/yahboom_app_save_map:/home/kunama/PLCT/NAV2/yahboom_src_code/slam_ws_src/install/laserscan_to_point_publisher:/opt/ros/humble /usr/bin/cmake /mnt/nvme1n1p6/PLCT/NAV2/nav2_sim/src/robot_description -DAMENT_CMAKE_SYMLINK_INSTALL=1 -DCMAKE_INSTALL_PREFIX=/mnt/nvme1n1p6/PLCT/NAV2/nav2_sim/install/robot_description
[0.439s] DEBUG:colcon.colcon_core.event_handler.log_command:Invoking command in '/mnt/nvme1n1p6/PLCT/NAV2/nav2_sim/build/robot_environment': CMAKE_PREFIX_PATH=${CMAKE_PREFIX_PATH}:/home/kunama/PLCT/NAV2/yahboom_src_code/slam_ws_src/install/yahboomcar_nav:/home/kunama/PLCT/NAV2/yahboom_src_code/slam_ws_src/install/yahboomcar_description:/home/kunama/PLCT/NAV2/yahboom_src_code/slam_ws_src/install/yahboomcar_ctrl:/home/kunama/PLCT/NAV2/yahboom_src_code/slam_ws_src/install/yahboomcar_bringup:/home/kunama/PLCT/NAV2/yahboom_src_code/slam_ws_src/install/yahboom_app_save_map:/home/kunama/PLCT/NAV2/yahboom_src_code/slam_ws_src/install/laserscan_to_point_publisher:/opt/ros/humble /usr/bin/cmake /mnt/nvme1n1p6/PLCT/NAV2/nav2_sim/src/robot_environment -DAMENT_CMAKE_SYMLINK_INSTALL=1 -DCMAKE_INSTALL_PREFIX=/mnt/nvme1n1p6/PLCT/NAV2/nav2_sim/install/robot_environment
[0.441s] DEBUG:colcon.colcon_core.event_handler.log_command:Invoking command in '/mnt/nvme1n1p6/PLCT/NAV2/nav2_sim/build/robot_navigation': CMAKE_PREFIX_PATH=${CMAKE_PREFIX_PATH}:/home/kunama/PLCT/NAV2/yahboom_src_code/slam_ws_src/install/yahboomcar_nav:/home/kunama/PLCT/NAV2/yahboom_src_code/slam_ws_src/install/yahboomcar_description:/home/kunama/PLCT/NAV2/yahboom_src_code/slam_ws_src/install/yahboomcar_ctrl:/home/kunama/PLCT/NAV2/yahboom_src_code/slam_ws_src/install/yahboomcar_bringup:/home/kunama/PLCT/NAV2/yahboom_src_code/slam_ws_src/install/yahboom_app_save_map:/home/kunama/PLCT/NAV2/yahboom_src_code/slam_ws_src/install/laserscan_to_point_publisher:/opt/ros/humble /usr/bin/cmake /mnt/nvme1n1p6/PLCT/NAV2/nav2_sim/src/robot_navigation -DAMENT_CMAKE_SYMLINK_INSTALL=1 -DCMAKE_INSTALL_PREFIX=/mnt/nvme1n1p6/PLCT/NAV2/nav2_sim/install/robot_navigation
[0.449s] DEBUG:colcon.colcon_core.event_handler.log_command:Invoking command in '/mnt/nvme1n1p6/PLCT/NAV2/nav2_sim/build/robot_slam': CMAKE_PREFIX_PATH=${CMAKE_PREFIX_PATH}:/home/kunama/PLCT/NAV2/yahboom_src_code/slam_ws_src/install/yahboomcar_nav:/home/kunama/PLCT/NAV2/yahboom_src_code/slam_ws_src/install/yahboomcar_description:/home/kunama/PLCT/NAV2/yahboom_src_code/slam_ws_src/install/yahboomcar_ctrl:/home/kunama/PLCT/NAV2/yahboom_src_code/slam_ws_src/install/yahboomcar_bringup:/home/kunama/PLCT/NAV2/yahboom_src_code/slam_ws_src/install/yahboom_app_save_map:/home/kunama/PLCT/NAV2/yahboom_src_code/slam_ws_src/install/laserscan_to_point_publisher:/opt/ros/humble /usr/bin/cmake /mnt/nvme1n1p6/PLCT/NAV2/nav2_sim/src/robot_slam -DAMENT_CMAKE_SYMLINK_INSTALL=1 -DCMAKE_INSTALL_PREFIX=/mnt/nvme1n1p6/PLCT/NAV2/nav2_sim/install/robot_slam
[0.546s] DEBUG:colcon.colcon_core.event_handler.log_command:Invoked command in '/mnt/nvme1n1p6/PLCT/NAV2/nav2_sim/build/robot_await' returned '0': CMAKE_PREFIX_PATH=${CMAKE_PREFIX_PATH}:/home/kunama/PLCT/NAV2/yahboom_src_code/slam_ws_src/install/yahboomcar_nav:/home/kunama/PLCT/NAV2/yahboom_src_code/slam_ws_src/install/yahboomcar_description:/home/kunama/PLCT/NAV2/yahboom_src_code/slam_ws_src/install/yahboomcar_ctrl:/home/kunama/PLCT/NAV2/yahboom_src_code/slam_ws_src/install/yahboomcar_bringup:/home/kunama/PLCT/NAV2/yahboom_src_code/slam_ws_src/install/yahboom_app_save_map:/home/kunama/PLCT/NAV2/yahboom_src_code/slam_ws_src/install/laserscan_to_point_publisher:/opt/ros/humble /usr/bin/cmake --build /mnt/nvme1n1p6/PLCT/NAV2/nav2_sim/build/robot_await -- -j12 -l12
[0.560s] DEBUG:colcon.colcon_core.event_handler.log_command:Invoking command in '/mnt/nvme1n1p6/PLCT/NAV2/nav2_sim/build/robot_await': CMAKE_PREFIX_PATH=${CMAKE_PREFIX_PATH}:/home/kunama/PLCT/NAV2/yahboom_src_code/slam_ws_src/install/yahboomcar_nav:/home/kunama/PLCT/NAV2/yahboom_src_code/slam_ws_src/install/yahboomcar_description:/home/kunama/PLCT/NAV2/yahboom_src_code/slam_ws_src/install/yahboomcar_ctrl:/home/kunama/PLCT/NAV2/yahboom_src_code/slam_ws_src/install/yahboomcar_bringup:/home/kunama/PLCT/NAV2/yahboom_src_code/slam_ws_src/install/yahboom_app_save_map:/home/kunama/PLCT/NAV2/yahboom_src_code/slam_ws_src/install/laserscan_to_point_publisher:/opt/ros/humble /usr/bin/cmake --install /mnt/nvme1n1p6/PLCT/NAV2/nav2_sim/build/robot_await
[0.588s] Level 1:colcon.colcon_core.environment:create_environment_scripts_only(robot_await)
[0.589s] DEBUG:colcon.colcon_core.event_handler.log_command:Invoked command in '/mnt/nvme1n1p6/PLCT/NAV2/nav2_sim/build/robot_await' returned '0': CMAKE_PREFIX_PATH=${CMAKE_PREFIX_PATH}:/home/kunama/PLCT/NAV2/yahboom_src_code/slam_ws_src/install/yahboomcar_nav:/home/kunama/PLCT/NAV2/yahboom_src_code/slam_ws_src/install/yahboomcar_description:/home/kunama/PLCT/NAV2/yahboom_src_code/slam_ws_src/install/yahboomcar_ctrl:/home/kunama/PLCT/NAV2/yahboom_src_code/slam_ws_src/install/yahboomcar_bringup:/home/kunama/PLCT/NAV2/yahboom_src_code/slam_ws_src/install/yahboom_app_save_map:/home/kunama/PLCT/NAV2/yahboom_src_code/slam_ws_src/install/laserscan_to_point_publisher:/opt/ros/humble /usr/bin/cmake --install /mnt/nvme1n1p6/PLCT/NAV2/nav2_sim/build/robot_await
[0.592s] Level 1:colcon.colcon_core.environment:checking '/mnt/nvme1n1p6/PLCT/NAV2/nav2_sim/install/robot_await' for CMake module files
[0.592s] Level 1:colcon.colcon_core.environment:checking '/mnt/nvme1n1p6/PLCT/NAV2/nav2_sim/install/robot_await' for CMake config files
[0.593s] Level 1:colcon.colcon_core.shell:create_environment_hook('robot_await', 'cmake_prefix_path')
[0.593s] INFO:colcon.colcon_core.shell:Creating environment hook '/mnt/nvme1n1p6/PLCT/NAV2/nav2_sim/install/robot_await/share/robot_await/hook/cmake_prefix_path.ps1'
[0.594s] INFO:colcon.colcon_core.shell:Creating environment descriptor '/mnt/nvme1n1p6/PLCT/NAV2/nav2_sim/install/robot_await/share/robot_await/hook/cmake_prefix_path.dsv'
[0.594s] INFO:colcon.colcon_core.shell:Creating environment hook '/mnt/nvme1n1p6/PLCT/NAV2/nav2_sim/install/robot_await/share/robot_await/hook/cmake_prefix_path.sh'
[0.595s] Level 1:colcon.colcon_core.environment:checking '/mnt/nvme1n1p6/PLCT/NAV2/nav2_sim/install/robot_await/lib'
[0.595s] Level 1:colcon.colcon_core.environment:checking '/mnt/nvme1n1p6/PLCT/NAV2/nav2_sim/install/robot_await/bin'
[0.595s] Level 1:colcon.colcon_core.environment:checking '/mnt/nvme1n1p6/PLCT/NAV2/nav2_sim/install/robot_await/lib/pkgconfig/robot_await.pc'
[0.596s] Level 1:colcon.colcon_core.environment:checking '/mnt/nvme1n1p6/PLCT/NAV2/nav2_sim/install/robot_await/lib/python3.10/site-packages'
[0.596s] Level 1:colcon.colcon_core.environment:checking '/mnt/nvme1n1p6/PLCT/NAV2/nav2_sim/install/robot_await/bin'
[0.596s] INFO:colcon.colcon_core.shell:Creating package script '/mnt/nvme1n1p6/PLCT/NAV2/nav2_sim/install/robot_await/share/robot_await/package.ps1'
[0.597s] INFO:colcon.colcon_core.shell:Creating package descriptor '/mnt/nvme1n1p6/PLCT/NAV2/nav2_sim/install/robot_await/share/robot_await/package.dsv'
[0.598s] INFO:colcon.colcon_core.shell:Creating package script '/mnt/nvme1n1p6/PLCT/NAV2/nav2_sim/install/robot_await/share/robot_await/package.sh'
[0.598s] INFO:colcon.colcon_core.shell:Creating package script '/mnt/nvme1n1p6/PLCT/NAV2/nav2_sim/install/robot_await/share/robot_await/package.bash'
[0.599s] INFO:colcon.colcon_core.shell:Creating package script '/mnt/nvme1n1p6/PLCT/NAV2/nav2_sim/install/robot_await/share/robot_await/package.zsh'
[0.600s] Level 1:colcon.colcon_core.environment:create_file_with_runtime_dependencies(/mnt/nvme1n1p6/PLCT/NAV2/nav2_sim/install/robot_await/share/colcon-core/packages/robot_await)
[0.601s] Level 1:colcon.colcon_core.environment:create_environment_scripts_only(robot_await)
[0.601s] Level 1:colcon.colcon_core.environment:checking '/mnt/nvme1n1p6/PLCT/NAV2/nav2_sim/install/robot_await' for CMake module files
[0.602s] Level 1:colcon.colcon_core.environment:checking '/mnt/nvme1n1p6/PLCT/NAV2/nav2_sim/install/robot_await' for CMake config files
[0.603s] Level 1:colcon.colcon_core.shell:create_environment_hook('robot_await', 'cmake_prefix_path')
[0.603s] INFO:colcon.colcon_core.shell:Creating environment hook '/mnt/nvme1n1p6/PLCT/NAV2/nav2_sim/install/robot_await/share/robot_await/hook/cmake_prefix_path.ps1'
[0.604s] INFO:colcon.colcon_core.shell:Creating environment descriptor '/mnt/nvme1n1p6/PLCT/NAV2/nav2_sim/install/robot_await/share/robot_await/hook/cmake_prefix_path.dsv'
[0.604s] INFO:colcon.colcon_core.shell:Creating environment hook '/mnt/nvme1n1p6/PLCT/NAV2/nav2_sim/install/robot_await/share/robot_await/hook/cmake_prefix_path.sh'
[0.605s] Level 1:colcon.colcon_core.environment:checking '/mnt/nvme1n1p6/PLCT/NAV2/nav2_sim/install/robot_await/lib'
[0.605s] Level 1:colcon.colcon_core.environment:checking '/mnt/nvme1n1p6/PLCT/NAV2/nav2_sim/install/robot_await/bin'
[0.606s] Level 1:colcon.colcon_core.environment:checking '/mnt/nvme1n1p6/PLCT/NAV2/nav2_sim/install/robot_await/lib/pkgconfig/robot_await.pc'
[0.606s] Level 1:colcon.colcon_core.environment:checking '/mnt/nvme1n1p6/PLCT/NAV2/nav2_sim/install/robot_await/lib/python3.10/site-packages'
[0.606s] Level 1:colcon.colcon_core.environment:checking '/mnt/nvme1n1p6/PLCT/NAV2/nav2_sim/install/robot_await/bin'
[0.606s] INFO:colcon.colcon_core.shell:Creating package script '/mnt/nvme1n1p6/PLCT/NAV2/nav2_sim/install/robot_await/share/robot_await/package.ps1'
[0.607s] INFO:colcon.colcon_core.shell:Creating package descriptor '/mnt/nvme1n1p6/PLCT/NAV2/nav2_sim/install/robot_await/share/robot_await/package.dsv'
[0.608s] INFO:colcon.colcon_core.shell:Creating package script '/mnt/nvme1n1p6/PLCT/NAV2/nav2_sim/install/robot_await/share/robot_await/package.sh'
[0.609s] INFO:colcon.colcon_core.shell:Creating package script '/mnt/nvme1n1p6/PLCT/NAV2/nav2_sim/install/robot_await/share/robot_await/package.bash'
[0.609s] INFO:colcon.colcon_core.shell:Creating package script '/mnt/nvme1n1p6/PLCT/NAV2/nav2_sim/install/robot_await/share/robot_await/package.zsh'
[0.609s] Level 1:colcon.colcon_core.environment:create_file_with_runtime_dependencies(/mnt/nvme1n1p6/PLCT/NAV2/nav2_sim/install/robot_await/share/colcon-core/packages/robot_await)
[0.923s] DEBUG:colcon.colcon_core.event_handler.log_command:Invoked command in '/mnt/nvme1n1p6/PLCT/NAV2/nav2_sim/build/custom_command' returned '0': CMAKE_PREFIX_PATH=${CMAKE_PREFIX_PATH}:/home/kunama/PLCT/NAV2/yahboom_src_code/slam_ws_src/install/yahboomcar_nav:/home/kunama/PLCT/NAV2/yahboom_src_code/slam_ws_src/install/yahboomcar_description:/home/kunama/PLCT/NAV2/yahboom_src_code/slam_ws_src/install/yahboomcar_ctrl:/home/kunama/PLCT/NAV2/yahboom_src_code/slam_ws_src/install/yahboomcar_bringup:/home/kunama/PLCT/NAV2/yahboom_src_code/slam_ws_src/install/yahboom_app_save_map:/home/kunama/PLCT/NAV2/yahboom_src_code/slam_ws_src/install/laserscan_to_point_publisher:/opt/ros/humble /usr/bin/cmake --build /mnt/nvme1n1p6/PLCT/NAV2/nav2_sim/build/custom_command -- -j12 -l12
[0.925s] DEBUG:colcon.colcon_core.event_handler.log_command:Invoking command in '/mnt/nvme1n1p6/PLCT/NAV2/nav2_sim/build/custom_command': CMAKE_PREFIX_PATH=${CMAKE_PREFIX_PATH}:/home/kunama/PLCT/NAV2/yahboom_src_code/slam_ws_src/install/yahboomcar_nav:/home/kunama/PLCT/NAV2/yahboom_src_code/slam_ws_src/install/yahboomcar_description:/home/kunama/PLCT/NAV2/yahboom_src_code/slam_ws_src/install/yahboomcar_ctrl:/home/kunama/PLCT/NAV2/yahboom_src_code/slam_ws_src/install/yahboomcar_bringup:/home/kunama/PLCT/NAV2/yahboom_src_code/slam_ws_src/install/yahboom_app_save_map:/home/kunama/PLCT/NAV2/yahboom_src_code/slam_ws_src/install/laserscan_to_point_publisher:/opt/ros/humble /usr/bin/cmake --install /mnt/nvme1n1p6/PLCT/NAV2/nav2_sim/build/custom_command
[1.015s] Level 1:colcon.colcon_core.environment:create_environment_scripts_only(custom_command)
[1.016s] Level 1:colcon.colcon_core.environment:checking '/mnt/nvme1n1p6/PLCT/NAV2/nav2_sim/install/custom_command' for CMake module files
[1.016s] DEBUG:colcon.colcon_core.event_handler.log_command:Invoked command in '/mnt/nvme1n1p6/PLCT/NAV2/nav2_sim/build/custom_command' returned '0': CMAKE_PREFIX_PATH=${CMAKE_PREFIX_PATH}:/home/kunama/PLCT/NAV2/yahboom_src_code/slam_ws_src/install/yahboomcar_nav:/home/kunama/PLCT/NAV2/yahboom_src_code/slam_ws_src/install/yahboomcar_description:/home/kunama/PLCT/NAV2/yahboom_src_code/slam_ws_src/install/yahboomcar_ctrl:/home/kunama/PLCT/NAV2/yahboom_src_code/slam_ws_src/install/yahboomcar_bringup:/home/kunama/PLCT/NAV2/yahboom_src_code/slam_ws_src/install/yahboom_app_save_map:/home/kunama/PLCT/NAV2/yahboom_src_code/slam_ws_src/install/laserscan_to_point_publisher:/opt/ros/humble /usr/bin/cmake --install /mnt/nvme1n1p6/PLCT/NAV2/nav2_sim/build/custom_command
[1.017s] Level 1:colcon.colcon_core.environment:checking '/mnt/nvme1n1p6/PLCT/NAV2/nav2_sim/install/custom_command' for CMake config files
[1.018s] Level 1:colcon.colcon_core.shell:create_environment_hook('custom_command', 'cmake_prefix_path')
[1.019s] INFO:colcon.colcon_core.shell:Creating environment hook '/mnt/nvme1n1p6/PLCT/NAV2/nav2_sim/install/custom_command/share/custom_command/hook/cmake_prefix_path.ps1'
[1.019s] INFO:colcon.colcon_core.shell:Creating environment descriptor '/mnt/nvme1n1p6/PLCT/NAV2/nav2_sim/install/custom_command/share/custom_command/hook/cmake_prefix_path.dsv'
[1.020s] INFO:colcon.colcon_core.shell:Creating environment hook '/mnt/nvme1n1p6/PLCT/NAV2/nav2_sim/install/custom_command/share/custom_command/hook/cmake_prefix_path.sh'
[1.021s] Level 1:colcon.colcon_core.environment:checking '/mnt/nvme1n1p6/PLCT/NAV2/nav2_sim/install/custom_command/lib'
[1.021s] Level 1:colcon.colcon_core.shell:create_environment_hook('custom_command', 'ld_library_path_lib')
[1.022s] INFO:colcon.colcon_core.shell:Creating environment hook '/mnt/nvme1n1p6/PLCT/NAV2/nav2_sim/install/custom_command/share/custom_command/hook/ld_library_path_lib.ps1'
[1.022s] INFO:colcon.colcon_core.shell:Creating environment descriptor '/mnt/nvme1n1p6/PLCT/NAV2/nav2_sim/install/custom_command/share/custom_command/hook/ld_library_path_lib.dsv'
[1.023s] INFO:colcon.colcon_core.shell:Creating environment hook '/mnt/nvme1n1p6/PLCT/NAV2/nav2_sim/install/custom_command/share/custom_command/hook/ld_library_path_lib.sh'
[1.023s] Level 1:colcon.colcon_core.environment:checking '/mnt/nvme1n1p6/PLCT/NAV2/nav2_sim/install/custom_command/bin'
[1.023s] Level 1:colcon.colcon_core.environment:checking '/mnt/nvme1n1p6/PLCT/NAV2/nav2_sim/install/custom_command/lib/pkgconfig/custom_command.pc'
[1.024s] Level 1:colcon.colcon_core.environment:checking '/mnt/nvme1n1p6/PLCT/NAV2/nav2_sim/install/custom_command/lib/python3.10/site-packages'
[1.024s] Level 1:colcon.colcon_core.environment:checking '/mnt/nvme1n1p6/PLCT/NAV2/nav2_sim/install/custom_command/bin'
[1.024s] INFO:colcon.colcon_core.shell:Creating package script '/mnt/nvme1n1p6/PLCT/NAV2/nav2_sim/install/custom_command/share/custom_command/package.ps1'
[1.025s] INFO:colcon.colcon_core.shell:Creating package descriptor '/mnt/nvme1n1p6/PLCT/NAV2/nav2_sim/install/custom_command/share/custom_command/package.dsv'
[1.026s] INFO:colcon.colcon_core.shell:Creating package script '/mnt/nvme1n1p6/PLCT/NAV2/nav2_sim/install/custom_command/share/custom_command/package.sh'
[1.026s] INFO:colcon.colcon_core.shell:Creating package script '/mnt/nvme1n1p6/PLCT/NAV2/nav2_sim/install/custom_command/share/custom_command/package.bash'
[1.027s] INFO:colcon.colcon_core.shell:Creating package script '/mnt/nvme1n1p6/PLCT/NAV2/nav2_sim/install/custom_command/share/custom_command/package.zsh'
[1.027s] Level 1:colcon.colcon_core.environment:create_file_with_runtime_dependencies(/mnt/nvme1n1p6/PLCT/NAV2/nav2_sim/install/custom_command/share/colcon-core/packages/custom_command)
[1.028s] Level 1:colcon.colcon_core.environment:create_environment_scripts_only(custom_command)
[1.029s] Level 1:colcon.colcon_core.environment:checking '/mnt/nvme1n1p6/PLCT/NAV2/nav2_sim/install/custom_command' for CMake module files
[1.029s] Level 1:colcon.colcon_core.environment:checking '/mnt/nvme1n1p6/PLCT/NAV2/nav2_sim/install/custom_command' for CMake config files
[1.030s] Level 1:colcon.colcon_core.shell:create_environment_hook('custom_command', 'cmake_prefix_path')
[1.031s] INFO:colcon.colcon_core.shell:Creating environment hook '/mnt/nvme1n1p6/PLCT/NAV2/nav2_sim/install/custom_command/share/custom_command/hook/cmake_prefix_path.ps1'
[1.031s] INFO:colcon.colcon_core.shell:Creating environment descriptor '/mnt/nvme1n1p6/PLCT/NAV2/nav2_sim/install/custom_command/share/custom_command/hook/cmake_prefix_path.dsv'
[1.032s] INFO:colcon.colcon_core.shell:Creating environment hook '/mnt/nvme1n1p6/PLCT/NAV2/nav2_sim/install/custom_command/share/custom_command/hook/cmake_prefix_path.sh'
[1.033s] Level 1:colcon.colcon_core.environment:checking '/mnt/nvme1n1p6/PLCT/NAV2/nav2_sim/install/custom_command/lib'
[1.033s] Level 1:colcon.colcon_core.shell:create_environment_hook('custom_command', 'ld_library_path_lib')
[1.033s] INFO:colcon.colcon_core.shell:Creating environment hook '/mnt/nvme1n1p6/PLCT/NAV2/nav2_sim/install/custom_command/share/custom_command/hook/ld_library_path_lib.ps1'
[1.034s] INFO:colcon.colcon_core.shell:Creating environment descriptor '/mnt/nvme1n1p6/PLCT/NAV2/nav2_sim/install/custom_command/share/custom_command/hook/ld_library_path_lib.dsv'
[1.034s] INFO:colcon.colcon_core.shell:Creating environment hook '/mnt/nvme1n1p6/PLCT/NAV2/nav2_sim/install/custom_command/share/custom_command/hook/ld_library_path_lib.sh'
[1.035s] Level 1:colcon.colcon_core.environment:checking '/mnt/nvme1n1p6/PLCT/NAV2/nav2_sim/install/custom_command/bin'
[1.035s] Level 1:colcon.colcon_core.environment:checking '/mnt/nvme1n1p6/PLCT/NAV2/nav2_sim/install/custom_command/lib/pkgconfig/custom_command.pc'
[1.035s] Level 1:colcon.colcon_core.environment:checking '/mnt/nvme1n1p6/PLCT/NAV2/nav2_sim/install/custom_command/lib/python3.10/site-packages'
[1.035s] Level 1:colcon.colcon_core.environment:checking '/mnt/nvme1n1p6/PLCT/NAV2/nav2_sim/install/custom_command/bin'
[1.036s] INFO:colcon.colcon_core.shell:Creating package script '/mnt/nvme1n1p6/PLCT/NAV2/nav2_sim/install/custom_command/share/custom_command/package.ps1'
[1.037s] INFO:colcon.colcon_core.shell:Creating package descriptor '/mnt/nvme1n1p6/PLCT/NAV2/nav2_sim/install/custom_command/share/custom_command/package.dsv'
[1.037s] INFO:colcon.colcon_core.shell:Creating package script '/mnt/nvme1n1p6/PLCT/NAV2/nav2_sim/install/custom_command/share/custom_command/package.sh'
[1.038s] INFO:colcon.colcon_core.shell:Creating package script '/mnt/nvme1n1p6/PLCT/NAV2/nav2_sim/install/custom_command/share/custom_command/package.bash'
[1.039s] INFO:colcon.colcon_core.shell:Creating package script '/mnt/nvme1n1p6/PLCT/NAV2/nav2_sim/install/custom_command/share/custom_command/package.zsh'
[1.039s] Level 1:colcon.colcon_core.environment:create_file_with_runtime_dependencies(/mnt/nvme1n1p6/PLCT/NAV2/nav2_sim/install/custom_command/share/colcon-core/packages/custom_command)
[1.333s] DEBUG:colcon.colcon_core.event_handler.log_command:Invoked command in '/mnt/nvme1n1p6/PLCT/NAV2/nav2_sim/build/robot_environment' returned '0': CMAKE_PREFIX_PATH=${CMAKE_PREFIX_PATH}:/home/kunama/PLCT/NAV2/yahboom_src_code/slam_ws_src/install/yahboomcar_nav:/home/kunama/PLCT/NAV2/yahboom_src_code/slam_ws_src/install/yahboomcar_description:/home/kunama/PLCT/NAV2/yahboom_src_code/slam_ws_src/install/yahboomcar_ctrl:/home/kunama/PLCT/NAV2/yahboom_src_code/slam_ws_src/install/yahboomcar_bringup:/home/kunama/PLCT/NAV2/yahboom_src_code/slam_ws_src/install/yahboom_app_save_map:/home/kunama/PLCT/NAV2/yahboom_src_code/slam_ws_src/install/laserscan_to_point_publisher:/opt/ros/humble /usr/bin/cmake /mnt/nvme1n1p6/PLCT/NAV2/nav2_sim/src/robot_environment -DAMENT_CMAKE_SYMLINK_INSTALL=1 -DCMAKE_INSTALL_PREFIX=/mnt/nvme1n1p6/PLCT/NAV2/nav2_sim/install/robot_environment
[1.335s] DEBUG:colcon.colcon_core.event_handler.log_command:Invoking command in '/mnt/nvme1n1p6/PLCT/NAV2/nav2_sim/build/robot_environment': CMAKE_PREFIX_PATH=${CMAKE_PREFIX_PATH}:/home/kunama/PLCT/NAV2/yahboom_src_code/slam_ws_src/install/yahboomcar_nav:/home/kunama/PLCT/NAV2/yahboom_src_code/slam_ws_src/install/yahboomcar_description:/home/kunama/PLCT/NAV2/yahboom_src_code/slam_ws_src/install/yahboomcar_ctrl:/home/kunama/PLCT/NAV2/yahboom_src_code/slam_ws_src/install/yahboomcar_bringup:/home/kunama/PLCT/NAV2/yahboom_src_code/slam_ws_src/install/yahboom_app_save_map:/home/kunama/PLCT/NAV2/yahboom_src_code/slam_ws_src/install/laserscan_to_point_publisher:/opt/ros/humble /usr/bin/cmake --build /mnt/nvme1n1p6/PLCT/NAV2/nav2_sim/build/robot_environment -- -j12 -l12
[1.342s] DEBUG:colcon.colcon_core.event_handler.log_command:Invoked command in '/mnt/nvme1n1p6/PLCT/NAV2/nav2_sim/build/robot_control' returned '0': CMAKE_PREFIX_PATH=${CMAKE_PREFIX_PATH}:/home/kunama/PLCT/NAV2/yahboom_src_code/slam_ws_src/install/yahboomcar_nav:/home/kunama/PLCT/NAV2/yahboom_src_code/slam_ws_src/install/yahboomcar_description:/home/kunama/PLCT/NAV2/yahboom_src_code/slam_ws_src/install/yahboomcar_ctrl:/home/kunama/PLCT/NAV2/yahboom_src_code/slam_ws_src/install/yahboomcar_bringup:/home/kunama/PLCT/NAV2/yahboom_src_code/slam_ws_src/install/yahboom_app_save_map:/home/kunama/PLCT/NAV2/yahboom_src_code/slam_ws_src/install/laserscan_to_point_publisher:/opt/ros/humble /usr/bin/cmake /mnt/nvme1n1p6/PLCT/NAV2/nav2_sim/src/robot_control -DAMENT_CMAKE_SYMLINK_INSTALL=1 -DCMAKE_INSTALL_PREFIX=/mnt/nvme1n1p6/PLCT/NAV2/nav2_sim/install/robot_control
[1.344s] DEBUG:colcon.colcon_core.event_handler.log_command:Invoking command in '/mnt/nvme1n1p6/PLCT/NAV2/nav2_sim/build/robot_control': CMAKE_PREFIX_PATH=${CMAKE_PREFIX_PATH}:/home/kunama/PLCT/NAV2/yahboom_src_code/slam_ws_src/install/yahboomcar_nav:/home/kunama/PLCT/NAV2/yahboom_src_code/slam_ws_src/install/yahboomcar_description:/home/kunama/PLCT/NAV2/yahboom_src_code/slam_ws_src/install/yahboomcar_ctrl:/home/kunama/PLCT/NAV2/yahboom_src_code/slam_ws_src/install/yahboomcar_bringup:/home/kunama/PLCT/NAV2/yahboom_src_code/slam_ws_src/install/yahboom_app_save_map:/home/kunama/PLCT/NAV2/yahboom_src_code/slam_ws_src/install/laserscan_to_point_publisher:/opt/ros/humble /usr/bin/cmake --build /mnt/nvme1n1p6/PLCT/NAV2/nav2_sim/build/robot_control -- -j12 -l12
[1.376s] DEBUG:colcon.colcon_core.event_handler.log_command:Invoked command in '/mnt/nvme1n1p6/PLCT/NAV2/nav2_sim/build/robot_navigation' returned '0': CMAKE_PREFIX_PATH=${CMAKE_PREFIX_PATH}:/home/kunama/PLCT/NAV2/yahboom_src_code/slam_ws_src/install/yahboomcar_nav:/home/kunama/PLCT/NAV2/yahboom_src_code/slam_ws_src/install/yahboomcar_description:/home/kunama/PLCT/NAV2/yahboom_src_code/slam_ws_src/install/yahboomcar_ctrl:/home/kunama/PLCT/NAV2/yahboom_src_code/slam_ws_src/install/yahboomcar_bringup:/home/kunama/PLCT/NAV2/yahboom_src_code/slam_ws_src/install/yahboom_app_save_map:/home/kunama/PLCT/NAV2/yahboom_src_code/slam_ws_src/install/laserscan_to_point_publisher:/opt/ros/humble /usr/bin/cmake /mnt/nvme1n1p6/PLCT/NAV2/nav2_sim/src/robot_navigation -DAMENT_CMAKE_SYMLINK_INSTALL=1 -DCMAKE_INSTALL_PREFIX=/mnt/nvme1n1p6/PLCT/NAV2/nav2_sim/install/robot_navigation
[1.378s] DEBUG:colcon.colcon_core.event_handler.log_command:Invoking command in '/mnt/nvme1n1p6/PLCT/NAV2/nav2_sim/build/robot_navigation': CMAKE_PREFIX_PATH=${CMAKE_PREFIX_PATH}:/home/kunama/PLCT/NAV2/yahboom_src_code/slam_ws_src/install/yahboomcar_nav:/home/kunama/PLCT/NAV2/yahboom_src_code/slam_ws_src/install/yahboomcar_description:/home/kunama/PLCT/NAV2/yahboom_src_code/slam_ws_src/install/yahboomcar_ctrl:/home/kunama/PLCT/NAV2/yahboom_src_code/slam_ws_src/install/yahboomcar_bringup:/home/kunama/PLCT/NAV2/yahboom_src_code/slam_ws_src/install/yahboom_app_save_map:/home/kunama/PLCT/NAV2/yahboom_src_code/slam_ws_src/install/laserscan_to_point_publisher:/opt/ros/humble /usr/bin/cmake --build /mnt/nvme1n1p6/PLCT/NAV2/nav2_sim/build/robot_navigation -- -j12 -l12
[1.388s] DEBUG:colcon.colcon_core.event_handler.log_command:Invoked command in '/mnt/nvme1n1p6/PLCT/NAV2/nav2_sim/build/robot_control' returned '0': CMAKE_PREFIX_PATH=${CMAKE_PREFIX_PATH}:/home/kunama/PLCT/NAV2/yahboom_src_code/slam_ws_src/install/yahboomcar_nav:/home/kunama/PLCT/NAV2/yahboom_src_code/slam_ws_src/install/yahboomcar_description:/home/kunama/PLCT/NAV2/yahboom_src_code/slam_ws_src/install/yahboomcar_ctrl:/home/kunama/PLCT/NAV2/yahboom_src_code/slam_ws_src/install/yahboomcar_bringup:/home/kunama/PLCT/NAV2/yahboom_src_code/slam_ws_src/install/yahboom_app_save_map:/home/kunama/PLCT/NAV2/yahboom_src_code/slam_ws_src/install/laserscan_to_point_publisher:/opt/ros/humble /usr/bin/cmake --build /mnt/nvme1n1p6/PLCT/NAV2/nav2_sim/build/robot_control -- -j12 -l12
[1.390s] DEBUG:colcon.colcon_core.event_handler.log_command:Invoking command in '/mnt/nvme1n1p6/PLCT/NAV2/nav2_sim/build/robot_control': CMAKE_PREFIX_PATH=${CMAKE_PREFIX_PATH}:/home/kunama/PLCT/NAV2/yahboom_src_code/slam_ws_src/install/yahboomcar_nav:/home/kunama/PLCT/NAV2/yahboom_src_code/slam_ws_src/install/yahboomcar_description:/home/kunama/PLCT/NAV2/yahboom_src_code/slam_ws_src/install/yahboomcar_ctrl:/home/kunama/PLCT/NAV2/yahboom_src_code/slam_ws_src/install/yahboomcar_bringup:/home/kunama/PLCT/NAV2/yahboom_src_code/slam_ws_src/install/yahboom_app_save_map:/home/kunama/PLCT/NAV2/yahboom_src_code/slam_ws_src/install/laserscan_to_point_publisher:/opt/ros/humble /usr/bin/cmake --install /mnt/nvme1n1p6/PLCT/NAV2/nav2_sim/build/robot_control
[1.393s] DEBUG:colcon.colcon_core.event_handler.log_command:Invoked command in '/mnt/nvme1n1p6/PLCT/NAV2/nav2_sim/build/robot_environment' returned '0': CMAKE_PREFIX_PATH=${CMAKE_PREFIX_PATH}:/home/kunama/PLCT/NAV2/yahboom_src_code/slam_ws_src/install/yahboomcar_nav:/home/kunama/PLCT/NAV2/yahboom_src_code/slam_ws_src/install/yahboomcar_description:/home/kunama/PLCT/NAV2/yahboom_src_code/slam_ws_src/install/yahboomcar_ctrl:/home/kunama/PLCT/NAV2/yahboom_src_code/slam_ws_src/install/yahboomcar_bringup:/home/kunama/PLCT/NAV2/yahboom_src_code/slam_ws_src/install/yahboom_app_save_map:/home/kunama/PLCT/NAV2/yahboom_src_code/slam_ws_src/install/laserscan_to_point_publisher:/opt/ros/humble /usr/bin/cmake --build /mnt/nvme1n1p6/PLCT/NAV2/nav2_sim/build/robot_environment -- -j12 -l12
[1.395s] DEBUG:colcon.colcon_core.event_handler.log_command:Invoking command in '/mnt/nvme1n1p6/PLCT/NAV2/nav2_sim/build/robot_environment': CMAKE_PREFIX_PATH=${CMAKE_PREFIX_PATH}:/home/kunama/PLCT/NAV2/yahboom_src_code/slam_ws_src/install/yahboomcar_nav:/home/kunama/PLCT/NAV2/yahboom_src_code/slam_ws_src/install/yahboomcar_description:/home/kunama/PLCT/NAV2/yahboom_src_code/slam_ws_src/install/yahboomcar_ctrl:/home/kunama/PLCT/NAV2/yahboom_src_code/slam_ws_src/install/yahboomcar_bringup:/home/kunama/PLCT/NAV2/yahboom_src_code/slam_ws_src/install/yahboom_app_save_map:/home/kunama/PLCT/NAV2/yahboom_src_code/slam_ws_src/install/laserscan_to_point_publisher:/opt/ros/humble /usr/bin/cmake --install /mnt/nvme1n1p6/PLCT/NAV2/nav2_sim/build/robot_environment
[1.424s] DEBUG:colcon.colcon_core.event_handler.log_command:Invoked command in '/mnt/nvme1n1p6/PLCT/NAV2/nav2_sim/build/robot_navigation' returned '0': CMAKE_PREFIX_PATH=${CMAKE_PREFIX_PATH}:/home/kunama/PLCT/NAV2/yahboom_src_code/slam_ws_src/install/yahboomcar_nav:/home/kunama/PLCT/NAV2/yahboom_src_code/slam_ws_src/install/yahboomcar_description:/home/kunama/PLCT/NAV2/yahboom_src_code/slam_ws_src/install/yahboomcar_ctrl:/home/kunama/PLCT/NAV2/yahboom_src_code/slam_ws_src/install/yahboomcar_bringup:/home/kunama/PLCT/NAV2/yahboom_src_code/slam_ws_src/install/yahboom_app_save_map:/home/kunama/PLCT/NAV2/yahboom_src_code/slam_ws_src/install/laserscan_to_point_publisher:/opt/ros/humble /usr/bin/cmake --build /mnt/nvme1n1p6/PLCT/NAV2/nav2_sim/build/robot_navigation -- -j12 -l12
[1.426s] DEBUG:colcon.colcon_core.event_handler.log_command:Invoking command in '/mnt/nvme1n1p6/PLCT/NAV2/nav2_sim/build/robot_navigation': CMAKE_PREFIX_PATH=${CMAKE_PREFIX_PATH}:/home/kunama/PLCT/NAV2/yahboom_src_code/slam_ws_src/install/yahboomcar_nav:/home/kunama/PLCT/NAV2/yahboom_src_code/slam_ws_src/install/yahboomcar_description:/home/kunama/PLCT/NAV2/yahboom_src_code/slam_ws_src/install/yahboomcar_ctrl:/home/kunama/PLCT/NAV2/yahboom_src_code/slam_ws_src/install/yahboomcar_bringup:/home/kunama/PLCT/NAV2/yahboom_src_code/slam_ws_src/install/yahboom_app_save_map:/home/kunama/PLCT/NAV2/yahboom_src_code/slam_ws_src/install/laserscan_to_point_publisher:/opt/ros/humble /usr/bin/cmake --install /mnt/nvme1n1p6/PLCT/NAV2/nav2_sim/build/robot_navigation
[1.563s] Level 1:colcon.colcon_core.environment:create_environment_scripts_only(robot_control)
[1.564s] Level 1:colcon.colcon_core.environment:checking '/mnt/nvme1n1p6/PLCT/NAV2/nav2_sim/install/robot_control' for CMake module files
[1.565s] DEBUG:colcon.colcon_core.event_handler.log_command:Invoked command in '/mnt/nvme1n1p6/PLCT/NAV2/nav2_sim/build/robot_control' returned '0': CMAKE_PREFIX_PATH=${CMAKE_PREFIX_PATH}:/home/kunama/PLCT/NAV2/yahboom_src_code/slam_ws_src/install/yahboomcar_nav:/home/kunama/PLCT/NAV2/yahboom_src_code/slam_ws_src/install/yahboomcar_description:/home/kunama/PLCT/NAV2/yahboom_src_code/slam_ws_src/install/yahboomcar_ctrl:/home/kunama/PLCT/NAV2/yahboom_src_code/slam_ws_src/install/yahboomcar_bringup:/home/kunama/PLCT/NAV2/yahboom_src_code/slam_ws_src/install/yahboom_app_save_map:/home/kunama/PLCT/NAV2/yahboom_src_code/slam_ws_src/install/laserscan_to_point_publisher:/opt/ros/humble /usr/bin/cmake --install /mnt/nvme1n1p6/PLCT/NAV2/nav2_sim/build/robot_control
[1.565s] Level 1:colcon.colcon_core.environment:checking '/mnt/nvme1n1p6/PLCT/NAV2/nav2_sim/install/robot_control' for CMake config files
[1.565s] Level 1:colcon.colcon_core.shell:create_environment_hook('robot_control', 'cmake_prefix_path')
[1.565s] INFO:colcon.colcon_core.shell:Creating environment hook '/mnt/nvme1n1p6/PLCT/NAV2/nav2_sim/install/robot_control/share/robot_control/hook/cmake_prefix_path.ps1'
[1.566s] INFO:colcon.colcon_core.shell:Creating environment descriptor '/mnt/nvme1n1p6/PLCT/NAV2/nav2_sim/install/robot_control/share/robot_control/hook/cmake_prefix_path.dsv'
[1.566s] INFO:colcon.colcon_core.shell:Creating environment hook '/mnt/nvme1n1p6/PLCT/NAV2/nav2_sim/install/robot_control/share/robot_control/hook/cmake_prefix_path.sh'
[1.567s] Level 1:colcon.colcon_core.environment:checking '/mnt/nvme1n1p6/PLCT/NAV2/nav2_sim/install/robot_control/bin'
[1.567s] Level 1:colcon.colcon_core.environment:checking '/mnt/nvme1n1p6/PLCT/NAV2/nav2_sim/install/robot_control/lib/pkgconfig/robot_control.pc'
[1.567s] Level 1:colcon.colcon_core.environment:checking '/mnt/nvme1n1p6/PLCT/NAV2/nav2_sim/install/robot_control/lib/python3.10/site-packages'
[1.567s] Level 1:colcon.colcon_core.environment:checking '/mnt/nvme1n1p6/PLCT/NAV2/nav2_sim/install/robot_control/bin'
[1.567s] INFO:colcon.colcon_core.shell:Creating package script '/mnt/nvme1n1p6/PLCT/NAV2/nav2_sim/install/robot_control/share/robot_control/package.ps1'
[1.568s] INFO:colcon.colcon_core.shell:Creating package descriptor '/mnt/nvme1n1p6/PLCT/NAV2/nav2_sim/install/robot_control/share/robot_control/package.dsv'
[1.568s] INFO:colcon.colcon_core.shell:Creating package script '/mnt/nvme1n1p6/PLCT/NAV2/nav2_sim/install/robot_control/share/robot_control/package.sh'
[1.569s] INFO:colcon.colcon_core.shell:Creating package script '/mnt/nvme1n1p6/PLCT/NAV2/nav2_sim/install/robot_control/share/robot_control/package.bash'
[1.569s] INFO:colcon.colcon_core.shell:Creating package script '/mnt/nvme1n1p6/PLCT/NAV2/nav2_sim/install/robot_control/share/robot_control/package.zsh'
[1.569s] Level 1:colcon.colcon_core.environment:create_file_with_runtime_dependencies(/mnt/nvme1n1p6/PLCT/NAV2/nav2_sim/install/robot_control/share/colcon-core/packages/robot_control)
[1.570s] Level 1:colcon.colcon_core.environment:create_environment_scripts_only(robot_control)
[1.570s] Level 1:colcon.colcon_core.environment:checking '/mnt/nvme1n1p6/PLCT/NAV2/nav2_sim/install/robot_control' for CMake module files
[1.571s] Level 1:colcon.colcon_core.environment:checking '/mnt/nvme1n1p6/PLCT/NAV2/nav2_sim/install/robot_control' for CMake config files
[1.571s] Level 1:colcon.colcon_core.shell:create_environment_hook('robot_control', 'cmake_prefix_path')
[1.571s] INFO:colcon.colcon_core.shell:Creating environment hook '/mnt/nvme1n1p6/PLCT/NAV2/nav2_sim/install/robot_control/share/robot_control/hook/cmake_prefix_path.ps1'
[1.572s] INFO:colcon.colcon_core.shell:Creating environment descriptor '/mnt/nvme1n1p6/PLCT/NAV2/nav2_sim/install/robot_control/share/robot_control/hook/cmake_prefix_path.dsv'
[1.572s] INFO:colcon.colcon_core.shell:Creating environment hook '/mnt/nvme1n1p6/PLCT/NAV2/nav2_sim/install/robot_control/share/robot_control/hook/cmake_prefix_path.sh'
[1.573s] Level 1:colcon.colcon_core.environment:checking '/mnt/nvme1n1p6/PLCT/NAV2/nav2_sim/install/robot_control/bin'
[1.573s] Level 1:colcon.colcon_core.environment:checking '/mnt/nvme1n1p6/PLCT/NAV2/nav2_sim/install/robot_control/lib/pkgconfig/robot_control.pc'
[1.573s] Level 1:colcon.colcon_core.environment:checking '/mnt/nvme1n1p6/PLCT/NAV2/nav2_sim/install/robot_control/lib/python3.10/site-packages'
[1.573s] Level 1:colcon.colcon_core.environment:checking '/mnt/nvme1n1p6/PLCT/NAV2/nav2_sim/install/robot_control/bin'
[1.574s] INFO:colcon.colcon_core.shell:Creating package script '/mnt/nvme1n1p6/PLCT/NAV2/nav2_sim/install/robot_control/share/robot_control/package.ps1'
[1.574s] INFO:colcon.colcon_core.shell:Creating package descriptor '/mnt/nvme1n1p6/PLCT/NAV2/nav2_sim/install/robot_control/share/robot_control/package.dsv'
[1.575s] INFO:colcon.colcon_core.shell:Creating package script '/mnt/nvme1n1p6/PLCT/NAV2/nav2_sim/install/robot_control/share/robot_control/package.sh'
[1.575s] INFO:colcon.colcon_core.shell:Creating package script '/mnt/nvme1n1p6/PLCT/NAV2/nav2_sim/install/robot_control/share/robot_control/package.bash'
[1.575s] INFO:colcon.colcon_core.shell:Creating package script '/mnt/nvme1n1p6/PLCT/NAV2/nav2_sim/install/robot_control/share/robot_control/package.zsh'
[1.576s] Level 1:colcon.colcon_core.environment:create_file_with_runtime_dependencies(/mnt/nvme1n1p6/PLCT/NAV2/nav2_sim/install/robot_control/share/colcon-core/packages/robot_control)
[1.608s] Level 1:colcon.colcon_core.environment:create_environment_scripts_only(robot_environment)
[1.608s] Level 1:colcon.colcon_core.environment:checking '/mnt/nvme1n1p6/PLCT/NAV2/nav2_sim/install/robot_environment' for CMake module files
[1.609s] DEBUG:colcon.colcon_core.event_handler.log_command:Invoked command in '/mnt/nvme1n1p6/PLCT/NAV2/nav2_sim/build/robot_environment' returned '0': CMAKE_PREFIX_PATH=${CMAKE_PREFIX_PATH}:/home/kunama/PLCT/NAV2/yahboom_src_code/slam_ws_src/install/yahboomcar_nav:/home/kunama/PLCT/NAV2/yahboom_src_code/slam_ws_src/install/yahboomcar_description:/home/kunama/PLCT/NAV2/yahboom_src_code/slam_ws_src/install/yahboomcar_ctrl:/home/kunama/PLCT/NAV2/yahboom_src_code/slam_ws_src/install/yahboomcar_bringup:/home/kunama/PLCT/NAV2/yahboom_src_code/slam_ws_src/install/yahboom_app_save_map:/home/kunama/PLCT/NAV2/yahboom_src_code/slam_ws_src/install/laserscan_to_point_publisher:/opt/ros/humble /usr/bin/cmake --install /mnt/nvme1n1p6/PLCT/NAV2/nav2_sim/build/robot_environment
[1.609s] Level 1:colcon.colcon_core.environment:checking '/mnt/nvme1n1p6/PLCT/NAV2/nav2_sim/install/robot_environment' for CMake config files
[1.610s] Level 1:colcon.colcon_core.shell:create_environment_hook('robot_environment', 'cmake_prefix_path')
[1.610s] INFO:colcon.colcon_core.shell:Creating environment hook '/mnt/nvme1n1p6/PLCT/NAV2/nav2_sim/install/robot_environment/share/robot_environment/hook/cmake_prefix_path.ps1'
[1.610s] INFO:colcon.colcon_core.shell:Creating environment descriptor '/mnt/nvme1n1p6/PLCT/NAV2/nav2_sim/install/robot_environment/share/robot_environment/hook/cmake_prefix_path.dsv'
[1.610s] INFO:colcon.colcon_core.shell:Creating environment hook '/mnt/nvme1n1p6/PLCT/NAV2/nav2_sim/install/robot_environment/share/robot_environment/hook/cmake_prefix_path.sh'
[1.611s] Level 1:colcon.colcon_core.environment:checking '/mnt/nvme1n1p6/PLCT/NAV2/nav2_sim/install/robot_environment/bin'
[1.611s] Level 1:colcon.colcon_core.environment:checking '/mnt/nvme1n1p6/PLCT/NAV2/nav2_sim/install/robot_environment/lib/pkgconfig/robot_environment.pc'
[1.611s] Level 1:colcon.colcon_core.environment:checking '/mnt/nvme1n1p6/PLCT/NAV2/nav2_sim/install/robot_environment/lib/python3.10/site-packages'
[1.611s] Level 1:colcon.colcon_core.environment:checking '/mnt/nvme1n1p6/PLCT/NAV2/nav2_sim/install/robot_environment/bin'
[1.612s] INFO:colcon.colcon_core.shell:Creating package script '/mnt/nvme1n1p6/PLCT/NAV2/nav2_sim/install/robot_environment/share/robot_environment/package.ps1'
[1.612s] INFO:colcon.colcon_core.shell:Creating package descriptor '/mnt/nvme1n1p6/PLCT/NAV2/nav2_sim/install/robot_environment/share/robot_environment/package.dsv'
[1.612s] INFO:colcon.colcon_core.shell:Creating package script '/mnt/nvme1n1p6/PLCT/NAV2/nav2_sim/install/robot_environment/share/robot_environment/package.sh'
[1.613s] INFO:colcon.colcon_core.shell:Creating package script '/mnt/nvme1n1p6/PLCT/NAV2/nav2_sim/install/robot_environment/share/robot_environment/package.bash'
[1.613s] INFO:colcon.colcon_core.shell:Creating package script '/mnt/nvme1n1p6/PLCT/NAV2/nav2_sim/install/robot_environment/share/robot_environment/package.zsh'
[1.613s] Level 1:colcon.colcon_core.environment:create_file_with_runtime_dependencies(/mnt/nvme1n1p6/PLCT/NAV2/nav2_sim/install/robot_environment/share/colcon-core/packages/robot_environment)
[1.614s] Level 1:colcon.colcon_core.environment:create_environment_scripts_only(robot_environment)
[1.614s] Level 1:colcon.colcon_core.environment:checking '/mnt/nvme1n1p6/PLCT/NAV2/nav2_sim/install/robot_environment' for CMake module files
[1.614s] Level 1:colcon.colcon_core.environment:checking '/mnt/nvme1n1p6/PLCT/NAV2/nav2_sim/install/robot_environment' for CMake config files
[1.615s] Level 1:colcon.colcon_core.shell:create_environment_hook('robot_environment', 'cmake_prefix_path')
[1.615s] INFO:colcon.colcon_core.shell:Creating environment hook '/mnt/nvme1n1p6/PLCT/NAV2/nav2_sim/install/robot_environment/share/robot_environment/hook/cmake_prefix_path.ps1'
[1.615s] INFO:colcon.colcon_core.shell:Creating environment descriptor '/mnt/nvme1n1p6/PLCT/NAV2/nav2_sim/install/robot_environment/share/robot_environment/hook/cmake_prefix_path.dsv'
[1.616s] INFO:colcon.colcon_core.shell:Creating environment hook '/mnt/nvme1n1p6/PLCT/NAV2/nav2_sim/install/robot_environment/share/robot_environment/hook/cmake_prefix_path.sh'
[1.616s] Level 1:colcon.colcon_core.environment:checking '/mnt/nvme1n1p6/PLCT/NAV2/nav2_sim/install/robot_environment/bin'
[1.616s] Level 1:colcon.colcon_core.environment:checking '/mnt/nvme1n1p6/PLCT/NAV2/nav2_sim/install/robot_environment/lib/pkgconfig/robot_environment.pc'
[1.616s] Level 1:colcon.colcon_core.environment:checking '/mnt/nvme1n1p6/PLCT/NAV2/nav2_sim/install/robot_environment/lib/python3.10/site-packages'
[1.616s] Level 1:colcon.colcon_core.environment:checking '/mnt/nvme1n1p6/PLCT/NAV2/nav2_sim/install/robot_environment/bin'
[1.617s] INFO:colcon.colcon_core.shell:Creating package script '/mnt/nvme1n1p6/PLCT/NAV2/nav2_sim/install/robot_environment/share/robot_environment/package.ps1'
[1.617s] INFO:colcon.colcon_core.shell:Creating package descriptor '/mnt/nvme1n1p6/PLCT/NAV2/nav2_sim/install/robot_environment/share/robot_environment/package.dsv'
[1.618s] INFO:colcon.colcon_core.shell:Creating package script '/mnt/nvme1n1p6/PLCT/NAV2/nav2_sim/install/robot_environment/share/robot_environment/package.sh'
[1.619s] INFO:colcon.colcon_core.shell:Creating package script '/mnt/nvme1n1p6/PLCT/NAV2/nav2_sim/install/robot_environment/share/robot_environment/package.bash'
[1.619s] INFO:colcon.colcon_core.shell:Creating package script '/mnt/nvme1n1p6/PLCT/NAV2/nav2_sim/install/robot_environment/share/robot_environment/package.zsh'
[1.620s] Level 1:colcon.colcon_core.environment:create_file_with_runtime_dependencies(/mnt/nvme1n1p6/PLCT/NAV2/nav2_sim/install/robot_environment/share/colcon-core/packages/robot_environment)
[1.630s] Level 1:colcon.colcon_core.environment:create_environment_scripts_only(robot_navigation)
[1.631s] Level 1:colcon.colcon_core.environment:checking '/mnt/nvme1n1p6/PLCT/NAV2/nav2_sim/install/robot_navigation' for CMake module files
[1.632s] DEBUG:colcon.colcon_core.event_handler.log_command:Invoked command in '/mnt/nvme1n1p6/PLCT/NAV2/nav2_sim/build/robot_navigation' returned '0': CMAKE_PREFIX_PATH=${CMAKE_PREFIX_PATH}:/home/kunama/PLCT/NAV2/yahboom_src_code/slam_ws_src/install/yahboomcar_nav:/home/kunama/PLCT/NAV2/yahboom_src_code/slam_ws_src/install/yahboomcar_description:/home/kunama/PLCT/NAV2/yahboom_src_code/slam_ws_src/install/yahboomcar_ctrl:/home/kunama/PLCT/NAV2/yahboom_src_code/slam_ws_src/install/yahboomcar_bringup:/home/kunama/PLCT/NAV2/yahboom_src_code/slam_ws_src/install/yahboom_app_save_map:/home/kunama/PLCT/NAV2/yahboom_src_code/slam_ws_src/install/laserscan_to_point_publisher:/opt/ros/humble /usr/bin/cmake --install /mnt/nvme1n1p6/PLCT/NAV2/nav2_sim/build/robot_navigation
[1.633s] Level 1:colcon.colcon_core.environment:checking '/mnt/nvme1n1p6/PLCT/NAV2/nav2_sim/install/robot_navigation' for CMake config files
[1.633s] Level 1:colcon.colcon_core.shell:create_environment_hook('robot_navigation', 'cmake_prefix_path')
[1.634s] INFO:colcon.colcon_core.shell:Creating environment hook '/mnt/nvme1n1p6/PLCT/NAV2/nav2_sim/install/robot_navigation/share/robot_navigation/hook/cmake_prefix_path.ps1'
[1.635s] INFO:colcon.colcon_core.shell:Creating environment descriptor '/mnt/nvme1n1p6/PLCT/NAV2/nav2_sim/install/robot_navigation/share/robot_navigation/hook/cmake_prefix_path.dsv'
[1.635s] INFO:colcon.colcon_core.shell:Creating environment hook '/mnt/nvme1n1p6/PLCT/NAV2/nav2_sim/install/robot_navigation/share/robot_navigation/hook/cmake_prefix_path.sh'
[1.636s] Level 1:colcon.colcon_core.environment:checking '/mnt/nvme1n1p6/PLCT/NAV2/nav2_sim/install/robot_navigation/bin'
[1.636s] Level 1:colcon.colcon_core.environment:checking '/mnt/nvme1n1p6/PLCT/NAV2/nav2_sim/install/robot_navigation/lib/pkgconfig/robot_navigation.pc'
[1.637s] Level 1:colcon.colcon_core.environment:checking '/mnt/nvme1n1p6/PLCT/NAV2/nav2_sim/install/robot_navigation/lib/python3.10/site-packages'
[1.637s] Level 1:colcon.colcon_core.environment:checking '/mnt/nvme1n1p6/PLCT/NAV2/nav2_sim/install/robot_navigation/bin'
[1.637s] INFO:colcon.colcon_core.shell:Creating package script '/mnt/nvme1n1p6/PLCT/NAV2/nav2_sim/install/robot_navigation/share/robot_navigation/package.ps1'
[1.638s] INFO:colcon.colcon_core.shell:Creating package descriptor '/mnt/nvme1n1p6/PLCT/NAV2/nav2_sim/install/robot_navigation/share/robot_navigation/package.dsv'
[1.639s] INFO:colcon.colcon_core.shell:Creating package script '/mnt/nvme1n1p6/PLCT/NAV2/nav2_sim/install/robot_navigation/share/robot_navigation/package.sh'
[1.639s] INFO:colcon.colcon_core.shell:Creating package script '/mnt/nvme1n1p6/PLCT/NAV2/nav2_sim/install/robot_navigation/share/robot_navigation/package.bash'
[1.640s] INFO:colcon.colcon_core.shell:Creating package script '/mnt/nvme1n1p6/PLCT/NAV2/nav2_sim/install/robot_navigation/share/robot_navigation/package.zsh'
[1.641s] Level 1:colcon.colcon_core.environment:create_file_with_runtime_dependencies(/mnt/nvme1n1p6/PLCT/NAV2/nav2_sim/install/robot_navigation/share/colcon-core/packages/robot_navigation)
[1.642s] Level 1:colcon.colcon_core.environment:create_environment_scripts_only(robot_navigation)
[1.642s] Level 1:colcon.colcon_core.environment:checking '/mnt/nvme1n1p6/PLCT/NAV2/nav2_sim/install/robot_navigation' for CMake module files
[1.643s] Level 1:colcon.colcon_core.environment:checking '/mnt/nvme1n1p6/PLCT/NAV2/nav2_sim/install/robot_navigation' for CMake config files
[1.644s] Level 1:colcon.colcon_core.shell:create_environment_hook('robot_navigation', 'cmake_prefix_path')
[1.644s] INFO:colcon.colcon_core.shell:Creating environment hook '/mnt/nvme1n1p6/PLCT/NAV2/nav2_sim/install/robot_navigation/share/robot_navigation/hook/cmake_prefix_path.ps1'
[1.645s] INFO:colcon.colcon_core.shell:Creating environment descriptor '/mnt/nvme1n1p6/PLCT/NAV2/nav2_sim/install/robot_navigation/share/robot_navigation/hook/cmake_prefix_path.dsv'
[1.645s] INFO:colcon.colcon_core.shell:Creating environment hook '/mnt/nvme1n1p6/PLCT/NAV2/nav2_sim/install/robot_navigation/share/robot_navigation/hook/cmake_prefix_path.sh'
[1.646s] Level 1:colcon.colcon_core.environment:checking '/mnt/nvme1n1p6/PLCT/NAV2/nav2_sim/install/robot_navigation/bin'
[1.646s] Level 1:colcon.colcon_core.environment:checking '/mnt/nvme1n1p6/PLCT/NAV2/nav2_sim/install/robot_navigation/lib/pkgconfig/robot_navigation.pc'
[1.647s] Level 1:colcon.colcon_core.environment:checking '/mnt/nvme1n1p6/PLCT/NAV2/nav2_sim/install/robot_navigation/lib/python3.10/site-packages'
[1.647s] Level 1:colcon.colcon_core.environment:checking '/mnt/nvme1n1p6/PLCT/NAV2/nav2_sim/install/robot_navigation/bin'
[1.647s] INFO:colcon.colcon_core.shell:Creating package script '/mnt/nvme1n1p6/PLCT/NAV2/nav2_sim/install/robot_navigation/share/robot_navigation/package.ps1'
[1.649s] INFO:colcon.colcon_core.shell:Creating package descriptor '/mnt/nvme1n1p6/PLCT/NAV2/nav2_sim/install/robot_navigation/share/robot_navigation/package.dsv'
[1.649s] INFO:colcon.colcon_core.shell:Creating package script '/mnt/nvme1n1p6/PLCT/NAV2/nav2_sim/install/robot_navigation/share/robot_navigation/package.sh'
[1.650s] INFO:colcon.colcon_core.shell:Creating package script '/mnt/nvme1n1p6/PLCT/NAV2/nav2_sim/install/robot_navigation/share/robot_navigation/package.bash'
[1.651s] INFO:colcon.colcon_core.shell:Creating package script '/mnt/nvme1n1p6/PLCT/NAV2/nav2_sim/install/robot_navigation/share/robot_navigation/package.zsh'
[1.652s] Level 1:colcon.colcon_core.environment:create_file_with_runtime_dependencies(/mnt/nvme1n1p6/PLCT/NAV2/nav2_sim/install/robot_navigation/share/colcon-core/packages/robot_navigation)
[2.292s] DEBUG:colcon.colcon_core.event_handler.log_command:Invoked command in '/mnt/nvme1n1p6/PLCT/NAV2/nav2_sim/build/robot_description' returned '0': CMAKE_PREFIX_PATH=${CMAKE_PREFIX_PATH}:/home/kunama/PLCT/NAV2/yahboom_src_code/slam_ws_src/install/yahboomcar_nav:/home/kunama/PLCT/NAV2/yahboom_src_code/slam_ws_src/install/yahboomcar_description:/home/kunama/PLCT/NAV2/yahboom_src_code/slam_ws_src/install/yahboomcar_ctrl:/home/kunama/PLCT/NAV2/yahboom_src_code/slam_ws_src/install/yahboomcar_bringup:/home/kunama/PLCT/NAV2/yahboom_src_code/slam_ws_src/install/yahboom_app_save_map:/home/kunama/PLCT/NAV2/yahboom_src_code/slam_ws_src/install/laserscan_to_point_publisher:/opt/ros/humble /usr/bin/cmake /mnt/nvme1n1p6/PLCT/NAV2/nav2_sim/src/robot_description -DAMENT_CMAKE_SYMLINK_INSTALL=1 -DCMAKE_INSTALL_PREFIX=/mnt/nvme1n1p6/PLCT/NAV2/nav2_sim/install/robot_description
[2.295s] DEBUG:colcon.colcon_core.event_handler.log_command:Invoking command in '/mnt/nvme1n1p6/PLCT/NAV2/nav2_sim/build/robot_description': CMAKE_PREFIX_PATH=${CMAKE_PREFIX_PATH}:/home/kunama/PLCT/NAV2/yahboom_src_code/slam_ws_src/install/yahboomcar_nav:/home/kunama/PLCT/NAV2/yahboom_src_code/slam_ws_src/install/yahboomcar_description:/home/kunama/PLCT/NAV2/yahboom_src_code/slam_ws_src/install/yahboomcar_ctrl:/home/kunama/PLCT/NAV2/yahboom_src_code/slam_ws_src/install/yahboomcar_bringup:/home/kunama/PLCT/NAV2/yahboom_src_code/slam_ws_src/install/yahboom_app_save_map:/home/kunama/PLCT/NAV2/yahboom_src_code/slam_ws_src/install/laserscan_to_point_publisher:/opt/ros/humble /usr/bin/cmake --build /mnt/nvme1n1p6/PLCT/NAV2/nav2_sim/build/robot_description -- -j12 -l12
[2.366s] DEBUG:colcon.colcon_core.event_handler.log_command:Invoked command in '/mnt/nvme1n1p6/PLCT/NAV2/nav2_sim/build/robot_description' returned '0': CMAKE_PREFIX_PATH=${CMAKE_PREFIX_PATH}:/home/kunama/PLCT/NAV2/yahboom_src_code/slam_ws_src/install/yahboomcar_nav:/home/kunama/PLCT/NAV2/yahboom_src_code/slam_ws_src/install/yahboomcar_description:/home/kunama/PLCT/NAV2/yahboom_src_code/slam_ws_src/install/yahboomcar_ctrl:/home/kunama/PLCT/NAV2/yahboom_src_code/slam_ws_src/install/yahboomcar_bringup:/home/kunama/PLCT/NAV2/yahboom_src_code/slam_ws_src/install/yahboom_app_save_map:/home/kunama/PLCT/NAV2/yahboom_src_code/slam_ws_src/install/laserscan_to_point_publisher:/opt/ros/humble /usr/bin/cmake --build /mnt/nvme1n1p6/PLCT/NAV2/nav2_sim/build/robot_description -- -j12 -l12
[2.368s] DEBUG:colcon.colcon_core.event_handler.log_command:Invoking command in '/mnt/nvme1n1p6/PLCT/NAV2/nav2_sim/build/robot_description': CMAKE_PREFIX_PATH=${CMAKE_PREFIX_PATH}:/home/kunama/PLCT/NAV2/yahboom_src_code/slam_ws_src/install/yahboomcar_nav:/home/kunama/PLCT/NAV2/yahboom_src_code/slam_ws_src/install/yahboomcar_description:/home/kunama/PLCT/NAV2/yahboom_src_code/slam_ws_src/install/yahboomcar_ctrl:/home/kunama/PLCT/NAV2/yahboom_src_code/slam_ws_src/install/yahboomcar_bringup:/home/kunama/PLCT/NAV2/yahboom_src_code/slam_ws_src/install/yahboom_app_save_map:/home/kunama/PLCT/NAV2/yahboom_src_code/slam_ws_src/install/laserscan_to_point_publisher:/opt/ros/humble /usr/bin/cmake --install /mnt/nvme1n1p6/PLCT/NAV2/nav2_sim/build/robot_description
[2.758s] Level 1:colcon.colcon_core.environment:create_environment_scripts_only(robot_description)
[2.759s] Level 1:colcon.colcon_core.environment:checking '/mnt/nvme1n1p6/PLCT/NAV2/nav2_sim/install/robot_description' for CMake module files
[2.760s] DEBUG:colcon.colcon_core.event_handler.log_command:Invoked command in '/mnt/nvme1n1p6/PLCT/NAV2/nav2_sim/build/robot_description' returned '0': CMAKE_PREFIX_PATH=${CMAKE_PREFIX_PATH}:/home/kunama/PLCT/NAV2/yahboom_src_code/slam_ws_src/install/yahboomcar_nav:/home/kunama/PLCT/NAV2/yahboom_src_code/slam_ws_src/install/yahboomcar_description:/home/kunama/PLCT/NAV2/yahboom_src_code/slam_ws_src/install/yahboomcar_ctrl:/home/kunama/PLCT/NAV2/yahboom_src_code/slam_ws_src/install/yahboomcar_bringup:/home/kunama/PLCT/NAV2/yahboom_src_code/slam_ws_src/install/yahboom_app_save_map:/home/kunama/PLCT/NAV2/yahboom_src_code/slam_ws_src/install/laserscan_to_point_publisher:/opt/ros/humble /usr/bin/cmake --install /mnt/nvme1n1p6/PLCT/NAV2/nav2_sim/build/robot_description
[2.760s] Level 1:colcon.colcon_core.environment:checking '/mnt/nvme1n1p6/PLCT/NAV2/nav2_sim/install/robot_description' for CMake config files
[2.761s] Level 1:colcon.colcon_core.shell:create_environment_hook('robot_description', 'cmake_prefix_path')
[2.762s] INFO:colcon.colcon_core.shell:Creating environment hook '/mnt/nvme1n1p6/PLCT/NAV2/nav2_sim/install/robot_description/share/robot_description/hook/cmake_prefix_path.ps1'
[2.763s] INFO:colcon.colcon_core.shell:Creating environment descriptor '/mnt/nvme1n1p6/PLCT/NAV2/nav2_sim/install/robot_description/share/robot_description/hook/cmake_prefix_path.dsv'
[2.764s] INFO:colcon.colcon_core.shell:Creating environment hook '/mnt/nvme1n1p6/PLCT/NAV2/nav2_sim/install/robot_description/share/robot_description/hook/cmake_prefix_path.sh'
[2.764s] Level 1:colcon.colcon_core.environment:checking '/mnt/nvme1n1p6/PLCT/NAV2/nav2_sim/install/robot_description/bin'
[2.765s] Level 1:colcon.colcon_core.environment:checking '/mnt/nvme1n1p6/PLCT/NAV2/nav2_sim/install/robot_description/lib/pkgconfig/robot_description.pc'
[2.765s] Level 1:colcon.colcon_core.environment:checking '/mnt/nvme1n1p6/PLCT/NAV2/nav2_sim/install/robot_description/lib/python3.10/site-packages'
[2.765s] Level 1:colcon.colcon_core.environment:checking '/mnt/nvme1n1p6/PLCT/NAV2/nav2_sim/install/robot_description/bin'
[2.766s] INFO:colcon.colcon_core.shell:Creating package script '/mnt/nvme1n1p6/PLCT/NAV2/nav2_sim/install/robot_description/share/robot_description/package.ps1'
[2.767s] INFO:colcon.colcon_core.shell:Creating package descriptor '/mnt/nvme1n1p6/PLCT/NAV2/nav2_sim/install/robot_description/share/robot_description/package.dsv'
[2.768s] INFO:colcon.colcon_core.shell:Creating package script '/mnt/nvme1n1p6/PLCT/NAV2/nav2_sim/install/robot_description/share/robot_description/package.sh'
[2.768s] INFO:colcon.colcon_core.shell:Creating package script '/mnt/nvme1n1p6/PLCT/NAV2/nav2_sim/install/robot_description/share/robot_description/package.bash'
[2.769s] INFO:colcon.colcon_core.shell:Creating package script '/mnt/nvme1n1p6/PLCT/NAV2/nav2_sim/install/robot_description/share/robot_description/package.zsh'
[2.769s] Level 1:colcon.colcon_core.environment:create_file_with_runtime_dependencies(/mnt/nvme1n1p6/PLCT/NAV2/nav2_sim/install/robot_description/share/colcon-core/packages/robot_description)
[2.771s] Level 1:colcon.colcon_core.environment:create_environment_scripts_only(robot_description)
[2.771s] Level 1:colcon.colcon_core.environment:checking '/mnt/nvme1n1p6/PLCT/NAV2/nav2_sim/install/robot_description' for CMake module files
[2.772s] Level 1:colcon.colcon_core.environment:checking '/mnt/nvme1n1p6/PLCT/NAV2/nav2_sim/install/robot_description' for CMake config files
[2.773s] Level 1:colcon.colcon_core.shell:create_environment_hook('robot_description', 'cmake_prefix_path')
[2.774s] INFO:colcon.colcon_core.shell:Creating environment hook '/mnt/nvme1n1p6/PLCT/NAV2/nav2_sim/install/robot_description/share/robot_description/hook/cmake_prefix_path.ps1'
[2.775s] INFO:colcon.colcon_core.shell:Creating environment descriptor '/mnt/nvme1n1p6/PLCT/NAV2/nav2_sim/install/robot_description/share/robot_description/hook/cmake_prefix_path.dsv'
[2.776s] INFO:colcon.colcon_core.shell:Creating environment hook '/mnt/nvme1n1p6/PLCT/NAV2/nav2_sim/install/robot_description/share/robot_description/hook/cmake_prefix_path.sh'
[2.777s] Level 1:colcon.colcon_core.environment:checking '/mnt/nvme1n1p6/PLCT/NAV2/nav2_sim/install/robot_description/bin'
[2.777s] Level 1:colcon.colcon_core.environment:checking '/mnt/nvme1n1p6/PLCT/NAV2/nav2_sim/install/robot_description/lib/pkgconfig/robot_description.pc'
[2.777s] Level 1:colcon.colcon_core.environment:checking '/mnt/nvme1n1p6/PLCT/NAV2/nav2_sim/install/robot_description/lib/python3.10/site-packages'
[2.778s] Level 1:colcon.colcon_core.environment:checking '/mnt/nvme1n1p6/PLCT/NAV2/nav2_sim/install/robot_description/bin'
[2.778s] INFO:colcon.colcon_core.shell:Creating package script '/mnt/nvme1n1p6/PLCT/NAV2/nav2_sim/install/robot_description/share/robot_description/package.ps1'
[2.781s] INFO:colcon.colcon_core.shell:Creating package descriptor '/mnt/nvme1n1p6/PLCT/NAV2/nav2_sim/install/robot_description/share/robot_description/package.dsv'
[2.782s] INFO:colcon.colcon_core.shell:Creating package script '/mnt/nvme1n1p6/PLCT/NAV2/nav2_sim/install/robot_description/share/robot_description/package.sh'
[2.783s] INFO:colcon.colcon_core.shell:Creating package script '/mnt/nvme1n1p6/PLCT/NAV2/nav2_sim/install/robot_description/share/robot_description/package.bash'
[2.784s] INFO:colcon.colcon_core.shell:Creating package script '/mnt/nvme1n1p6/PLCT/NAV2/nav2_sim/install/robot_description/share/robot_description/package.zsh'
[2.785s] Level 1:colcon.colcon_core.environment:create_file_with_runtime_dependencies(/mnt/nvme1n1p6/PLCT/NAV2/nav2_sim/install/robot_description/share/colcon-core/packages/robot_description)
[3.994s] DEBUG:colcon.colcon_core.event_handler.log_command:Invoked command in '/mnt/nvme1n1p6/PLCT/NAV2/nav2_sim/build/robot_slam' returned '0': CMAKE_PREFIX_PATH=${CMAKE_PREFIX_PATH}:/home/kunama/PLCT/NAV2/yahboom_src_code/slam_ws_src/install/yahboomcar_nav:/home/kunama/PLCT/NAV2/yahboom_src_code/slam_ws_src/install/yahboomcar_description:/home/kunama/PLCT/NAV2/yahboom_src_code/slam_ws_src/install/yahboomcar_ctrl:/home/kunama/PLCT/NAV2/yahboom_src_code/slam_ws_src/install/yahboomcar_bringup:/home/kunama/PLCT/NAV2/yahboom_src_code/slam_ws_src/install/yahboom_app_save_map:/home/kunama/PLCT/NAV2/yahboom_src_code/slam_ws_src/install/laserscan_to_point_publisher:/opt/ros/humble /usr/bin/cmake /mnt/nvme1n1p6/PLCT/NAV2/nav2_sim/src/robot_slam -DAMENT_CMAKE_SYMLINK_INSTALL=1 -DCMAKE_INSTALL_PREFIX=/mnt/nvme1n1p6/PLCT/NAV2/nav2_sim/install/robot_slam
[3.998s] DEBUG:colcon.colcon_core.event_handler.log_command:Invoking command in '/mnt/nvme1n1p6/PLCT/NAV2/nav2_sim/build/robot_slam': CMAKE_PREFIX_PATH=${CMAKE_PREFIX_PATH}:/home/kunama/PLCT/NAV2/yahboom_src_code/slam_ws_src/install/yahboomcar_nav:/home/kunama/PLCT/NAV2/yahboom_src_code/slam_ws_src/install/yahboomcar_description:/home/kunama/PLCT/NAV2/yahboom_src_code/slam_ws_src/install/yahboomcar_ctrl:/home/kunama/PLCT/NAV2/yahboom_src_code/slam_ws_src/install/yahboomcar_bringup:/home/kunama/PLCT/NAV2/yahboom_src_code/slam_ws_src/install/yahboom_app_save_map:/home/kunama/PLCT/NAV2/yahboom_src_code/slam_ws_src/install/laserscan_to_point_publisher:/opt/ros/humble /usr/bin/cmake --build /mnt/nvme1n1p6/PLCT/NAV2/nav2_sim/build/robot_slam -- -j12 -l12
[4.052s] DEBUG:colcon.colcon_core.event_handler.log_command:Invoked command in '/mnt/nvme1n1p6/PLCT/NAV2/nav2_sim/build/robot_slam' returned '0': CMAKE_PREFIX_PATH=${CMAKE_PREFIX_PATH}:/home/kunama/PLCT/NAV2/yahboom_src_code/slam_ws_src/install/yahboomcar_nav:/home/kunama/PLCT/NAV2/yahboom_src_code/slam_ws_src/install/yahboomcar_description:/home/kunama/PLCT/NAV2/yahboom_src_code/slam_ws_src/install/yahboomcar_ctrl:/home/kunama/PLCT/NAV2/yahboom_src_code/slam_ws_src/install/yahboomcar_bringup:/home/kunama/PLCT/NAV2/yahboom_src_code/slam_ws_src/install/yahboom_app_save_map:/home/kunama/PLCT/NAV2/yahboom_src_code/slam_ws_src/install/laserscan_to_point_publisher:/opt/ros/humble /usr/bin/cmake --build /mnt/nvme1n1p6/PLCT/NAV2/nav2_sim/build/robot_slam -- -j12 -l12
[4.056s] DEBUG:colcon.colcon_core.event_handler.log_command:Invoking command in '/mnt/nvme1n1p6/PLCT/NAV2/nav2_sim/build/robot_slam': CMAKE_PREFIX_PATH=${CMAKE_PREFIX_PATH}:/home/kunama/PLCT/NAV2/yahboom_src_code/slam_ws_src/install/yahboomcar_nav:/home/kunama/PLCT/NAV2/yahboom_src_code/slam_ws_src/install/yahboomcar_description:/home/kunama/PLCT/NAV2/yahboom_src_code/slam_ws_src/install/yahboomcar_ctrl:/home/kunama/PLCT/NAV2/yahboom_src_code/slam_ws_src/install/yahboomcar_bringup:/home/kunama/PLCT/NAV2/yahboom_src_code/slam_ws_src/install/yahboom_app_save_map:/home/kunama/PLCT/NAV2/yahboom_src_code/slam_ws_src/install/laserscan_to_point_publisher:/opt/ros/humble /usr/bin/cmake --install /mnt/nvme1n1p6/PLCT/NAV2/nav2_sim/build/robot_slam
[4.465s] Level 1:colcon.colcon_core.environment:create_environment_scripts_only(robot_slam)
[4.465s] Level 1:colcon.colcon_core.environment:checking '/mnt/nvme1n1p6/PLCT/NAV2/nav2_sim/install/robot_slam' for CMake module files
[4.466s] DEBUG:colcon.colcon_core.event_handler.log_command:Invoked command in '/mnt/nvme1n1p6/PLCT/NAV2/nav2_sim/build/robot_slam' returned '0': CMAKE_PREFIX_PATH=${CMAKE_PREFIX_PATH}:/home/kunama/PLCT/NAV2/yahboom_src_code/slam_ws_src/install/yahboomcar_nav:/home/kunama/PLCT/NAV2/yahboom_src_code/slam_ws_src/install/yahboomcar_description:/home/kunama/PLCT/NAV2/yahboom_src_code/slam_ws_src/install/yahboomcar_ctrl:/home/kunama/PLCT/NAV2/yahboom_src_code/slam_ws_src/install/yahboomcar_bringup:/home/kunama/PLCT/NAV2/yahboom_src_code/slam_ws_src/install/yahboom_app_save_map:/home/kunama/PLCT/NAV2/yahboom_src_code/slam_ws_src/install/laserscan_to_point_publisher:/opt/ros/humble /usr/bin/cmake --install /mnt/nvme1n1p6/PLCT/NAV2/nav2_sim/build/robot_slam
[4.467s] Level 1:colcon.colcon_core.environment:checking '/mnt/nvme1n1p6/PLCT/NAV2/nav2_sim/install/robot_slam' for CMake config files
[4.468s] Level 1:colcon.colcon_core.shell:create_environment_hook('robot_slam', 'cmake_prefix_path')
[4.469s] INFO:colcon.colcon_core.shell:Creating environment hook '/mnt/nvme1n1p6/PLCT/NAV2/nav2_sim/install/robot_slam/share/robot_slam/hook/cmake_prefix_path.ps1'
[4.470s] INFO:colcon.colcon_core.shell:Creating environment descriptor '/mnt/nvme1n1p6/PLCT/NAV2/nav2_sim/install/robot_slam/share/robot_slam/hook/cmake_prefix_path.dsv'
[4.471s] INFO:colcon.colcon_core.shell:Creating environment hook '/mnt/nvme1n1p6/PLCT/NAV2/nav2_sim/install/robot_slam/share/robot_slam/hook/cmake_prefix_path.sh'
[4.472s] Level 1:colcon.colcon_core.environment:checking '/mnt/nvme1n1p6/PLCT/NAV2/nav2_sim/install/robot_slam/bin'
[4.472s] Level 1:colcon.colcon_core.environment:checking '/mnt/nvme1n1p6/PLCT/NAV2/nav2_sim/install/robot_slam/lib/pkgconfig/robot_slam.pc'
[4.472s] Level 1:colcon.colcon_core.environment:checking '/mnt/nvme1n1p6/PLCT/NAV2/nav2_sim/install/robot_slam/lib/python3.10/site-packages'
[4.473s] Level 1:colcon.colcon_core.environment:checking '/mnt/nvme1n1p6/PLCT/NAV2/nav2_sim/install/robot_slam/bin'
[4.473s] INFO:colcon.colcon_core.shell:Creating package script '/mnt/nvme1n1p6/PLCT/NAV2/nav2_sim/install/robot_slam/share/robot_slam/package.ps1'
[4.474s] INFO:colcon.colcon_core.shell:Creating package descriptor '/mnt/nvme1n1p6/PLCT/NAV2/nav2_sim/install/robot_slam/share/robot_slam/package.dsv'
[4.475s] INFO:colcon.colcon_core.shell:Creating package script '/mnt/nvme1n1p6/PLCT/NAV2/nav2_sim/install/robot_slam/share/robot_slam/package.sh'
[4.476s] INFO:colcon.colcon_core.shell:Creating package script '/mnt/nvme1n1p6/PLCT/NAV2/nav2_sim/install/robot_slam/share/robot_slam/package.bash'
[4.476s] INFO:colcon.colcon_core.shell:Creating package script '/mnt/nvme1n1p6/PLCT/NAV2/nav2_sim/install/robot_slam/share/robot_slam/package.zsh'
[4.477s] Level 1:colcon.colcon_core.environment:create_file_with_runtime_dependencies(/mnt/nvme1n1p6/PLCT/NAV2/nav2_sim/install/robot_slam/share/colcon-core/packages/robot_slam)
[4.478s] Level 1:colcon.colcon_core.environment:create_environment_scripts_only(robot_slam)
[4.479s] Level 1:colcon.colcon_core.environment:checking '/mnt/nvme1n1p6/PLCT/NAV2/nav2_sim/install/robot_slam' for CMake module files
[4.480s] Level 1:colcon.colcon_core.environment:checking '/mnt/nvme1n1p6/PLCT/NAV2/nav2_sim/install/robot_slam' for CMake config files
[4.481s] Level 1:colcon.colcon_core.shell:create_environment_hook('robot_slam', 'cmake_prefix_path')
[4.481s] INFO:colcon.colcon_core.shell:Creating environment hook '/mnt/nvme1n1p6/PLCT/NAV2/nav2_sim/install/robot_slam/share/robot_slam/hook/cmake_prefix_path.ps1'
[4.482s] INFO:colcon.colcon_core.shell:Creating environment descriptor '/mnt/nvme1n1p6/PLCT/NAV2/nav2_sim/install/robot_slam/share/robot_slam/hook/cmake_prefix_path.dsv'
[4.483s] INFO:colcon.colcon_core.shell:Creating environment hook '/mnt/nvme1n1p6/PLCT/NAV2/nav2_sim/install/robot_slam/share/robot_slam/hook/cmake_prefix_path.sh'
[4.484s] Level 1:colcon.colcon_core.environment:checking '/mnt/nvme1n1p6/PLCT/NAV2/nav2_sim/install/robot_slam/bin'
[4.484s] Level 1:colcon.colcon_core.environment:checking '/mnt/nvme1n1p6/PLCT/NAV2/nav2_sim/install/robot_slam/lib/pkgconfig/robot_slam.pc'
[4.485s] Level 1:colcon.colcon_core.environment:checking '/mnt/nvme1n1p6/PLCT/NAV2/nav2_sim/install/robot_slam/lib/python3.10/site-packages'
[4.485s] Level 1:colcon.colcon_core.environment:checking '/mnt/nvme1n1p6/PLCT/NAV2/nav2_sim/install/robot_slam/bin'
[4.486s] INFO:colcon.colcon_core.shell:Creating package script '/mnt/nvme1n1p6/PLCT/NAV2/nav2_sim/install/robot_slam/share/robot_slam/package.ps1'
[4.487s] INFO:colcon.colcon_core.shell:Creating package descriptor '/mnt/nvme1n1p6/PLCT/NAV2/nav2_sim/install/robot_slam/share/robot_slam/package.dsv'
[4.488s] INFO:colcon.colcon_core.shell:Creating package script '/mnt/nvme1n1p6/PLCT/NAV2/nav2_sim/install/robot_slam/share/robot_slam/package.sh'
[4.489s] INFO:colcon.colcon_core.shell:Creating package script '/mnt/nvme1n1p6/PLCT/NAV2/nav2_sim/install/robot_slam/share/robot_slam/package.bash'
[4.490s] INFO:colcon.colcon_core.shell:Creating package script '/mnt/nvme1n1p6/PLCT/NAV2/nav2_sim/install/robot_slam/share/robot_slam/package.zsh'
[4.491s] Level 1:colcon.colcon_core.environment:create_file_with_runtime_dependencies(/mnt/nvme1n1p6/PLCT/NAV2/nav2_sim/install/robot_slam/share/colcon-core/packages/robot_slam)
[4.491s] DEBUG:colcon.colcon_parallel_executor.executor.parallel:closing loop
[4.492s] DEBUG:colcon.colcon_parallel_executor.executor.parallel:loop closed
[4.492s] DEBUG:colcon.colcon_parallel_executor.executor.parallel:run_until_complete finished with '0'
[4.492s] DEBUG:colcon.colcon_core.event_reactor:joining thread
[4.505s] INFO:colcon.colcon_core.plugin_system:Skipping extension 'colcon_notification.desktop_notification.terminal_notifier': Not used on non-Darwin systems
[4.505s] INFO:colcon.colcon_core.plugin_system:Skipping extension 'colcon_notification.desktop_notification.win32': Not used on non-Windows systems
[4.505s] INFO:colcon.colcon_notification.desktop_notification:Sending desktop notification using 'notify2'
[4.531s] DEBUG:colcon.colcon_core.event_reactor:joined thread
[4.532s] INFO:colcon.colcon_core.shell:Creating prefix script '/mnt/nvme1n1p6/PLCT/NAV2/nav2_sim/install/local_setup.ps1'
[4.534s] INFO:colcon.colcon_core.shell:Creating prefix util module '/mnt/nvme1n1p6/PLCT/NAV2/nav2_sim/install/_local_setup_util_ps1.py'
[4.538s] INFO:colcon.colcon_core.shell:Creating prefix chain script '/mnt/nvme1n1p6/PLCT/NAV2/nav2_sim/install/setup.ps1'
[4.542s] INFO:colcon.colcon_core.shell:Creating prefix script '/mnt/nvme1n1p6/PLCT/NAV2/nav2_sim/install/local_setup.sh'
[4.543s] INFO:colcon.colcon_core.shell:Creating prefix util module '/mnt/nvme1n1p6/PLCT/NAV2/nav2_sim/install/_local_setup_util_sh.py'
[4.544s] INFO:colcon.colcon_core.shell:Creating prefix chain script '/mnt/nvme1n1p6/PLCT/NAV2/nav2_sim/install/setup.sh'
[4.548s] INFO:colcon.colcon_core.shell:Creating prefix script '/mnt/nvme1n1p6/PLCT/NAV2/nav2_sim/install/local_setup.bash'
[4.550s] INFO:colcon.colcon_core.shell:Creating prefix chain script '/mnt/nvme1n1p6/PLCT/NAV2/nav2_sim/install/setup.bash'
[4.554s] INFO:colcon.colcon_core.shell:Creating prefix script '/mnt/nvme1n1p6/PLCT/NAV2/nav2_sim/install/local_setup.zsh'
[4.556s] INFO:colcon.colcon_core.shell:Creating prefix chain script '/mnt/nvme1n1p6/PLCT/NAV2/nav2_sim/install/setup.zsh'
