[0.177s] DEBUG:colcon:Command line arguments: ['/usr/bin/colcon', 'build', '--symlink-install']
[0.178s] DEBUG:colcon:Parsed command line arguments: Namespace(log_base=None, log_level=None, verb_name='build', build_base='build', install_base='install', merge_install=False, symlink_install=True, test_result_base=None, continue_on_error=False, executor='parallel', parallel_workers=12, event_handlers=None, ignore_user_meta=False, metas=['./colcon.meta'], base_paths=['.'], packages_ignore=None, packages_ignore_regex=None, paths=None, packages_up_to=None, packages_up_to_regex=None, packages_above=None, packages_above_and_dependencies=None, packages_above_depth=None, packages_select_by_dep=None, packages_skip_by_dep=None, packages_skip_up_to=None, packages_select_build_failed=False, packages_skip_build_finished=False, packages_select_test_failures=False, packages_skip_test_passed=False, packages_select=None, packages_skip=None, packages_select_regex=None, packages_skip_regex=None, packages_start=None, packages_end=None, allow_overriding=[], cmake_args=None, cmake_target=None, cmake_target_skip_unavailable=False, cmake_clean_cache=False, cmake_clean_first=False, cmake_force_configure=False, ament_cmake_args=None, catkin_cmake_args=None, catkin_skip_building_tests=False, mixin_files=None, mixin=None, verb_parser=<colcon_mixin.mixin.mixin_argument.MixinArgumentDecorator object at 0x7fa70d448190>, verb_extension=<colcon_core.verb.build.BuildVerb object at 0x7fa70d5b1090>, main=<bound method BuildVerb.main of <colcon_core.verb.build.BuildVerb object at 0x7fa70d5b1090>>, mixin_verb=('build',))
[0.420s] Level 1:colcon.colcon_core.package_discovery:discover_packages(colcon_meta) check parameters
[0.420s] Level 1:colcon.colcon_core.package_discovery:discover_packages(recursive) check parameters
[0.421s] Level 1:colcon.colcon_core.package_discovery:discover_packages(ignore) check parameters
[0.421s] Level 1:colcon.colcon_core.package_discovery:discover_packages(path) check parameters
[0.421s] Level 1:colcon.colcon_core.package_discovery:discover_packages(colcon_meta) discover
[0.421s] Level 1:colcon.colcon_core.package_discovery:discover_packages(recursive) discover
[0.421s] INFO:colcon.colcon_core.package_discovery:Crawling recursively for packages in '/mnt/nvme1n1p6/PLCT/NAV2/nav2_sim'
[0.421s] Level 1:colcon.colcon_core.package_identification:_identify(.) by extensions ['ignore', 'ignore_ament_install']
[0.421s] Level 1:colcon.colcon_core.package_identification:_identify(.) by extension 'ignore'
[0.421s] Level 1:colcon.colcon_core.package_identification:_identify(.) by extension 'ignore_ament_install'
[0.421s] Level 1:colcon.colcon_core.package_identification:_identify(.) by extensions ['colcon_pkg']
[0.421s] Level 1:colcon.colcon_core.package_identification:_identify(.) by extension 'colcon_pkg'
[0.421s] Level 1:colcon.colcon_core.package_identification:_identify(.) by extensions ['colcon_meta']
[0.421s] Level 1:colcon.colcon_core.package_identification:_identify(.) by extension 'colcon_meta'
[0.421s] Level 1:colcon.colcon_core.package_identification:_identify(.) by extensions ['ros']
[0.421s] Level 1:colcon.colcon_core.package_identification:_identify(.) by extension 'ros'
[0.445s] Level 1:colcon.colcon_core.package_identification:_identify(.) by extensions ['cmake', 'python']
[0.445s] Level 1:colcon.colcon_core.package_identification:_identify(.) by extension 'cmake'
[0.445s] Level 1:colcon.colcon_core.package_identification:_identify(.) by extension 'python'
[0.445s] Level 1:colcon.colcon_core.package_identification:_identify(.) by extensions ['python_setup_py']
[0.445s] Level 1:colcon.colcon_core.package_identification:_identify(.) by extension 'python_setup_py'
[0.445s] Level 1:colcon.colcon_core.package_identification:_identify(build) by extensions ['ignore', 'ignore_ament_install']
[0.445s] Level 1:colcon.colcon_core.package_identification:_identify(build) by extension 'ignore'
[0.445s] Level 1:colcon.colcon_core.package_identification:_identify(build) ignored
[0.445s] Level 1:colcon.colcon_core.package_identification:_identify(install) by extensions ['ignore', 'ignore_ament_install']
[0.445s] Level 1:colcon.colcon_core.package_identification:_identify(install) by extension 'ignore'
[0.445s] Level 1:colcon.colcon_core.package_identification:_identify(install) ignored
[0.445s] Level 1:colcon.colcon_core.package_identification:_identify(log) by extensions ['ignore', 'ignore_ament_install']
[0.445s] Level 1:colcon.colcon_core.package_identification:_identify(log) by extension 'ignore'
[0.445s] Level 1:colcon.colcon_core.package_identification:_identify(log) ignored
[0.446s] Level 1:colcon.colcon_core.package_identification:_identify(src) by extensions ['ignore', 'ignore_ament_install']
[0.446s] Level 1:colcon.colcon_core.package_identification:_identify(src) by extension 'ignore'
[0.446s] Level 1:colcon.colcon_core.package_identification:_identify(src) by extension 'ignore_ament_install'
[0.446s] Level 1:colcon.colcon_core.package_identification:_identify(src) by extensions ['colcon_pkg']
[0.446s] Level 1:colcon.colcon_core.package_identification:_identify(src) by extension 'colcon_pkg'
[0.446s] Level 1:colcon.colcon_core.package_identification:_identify(src) by extensions ['colcon_meta']
[0.446s] Level 1:colcon.colcon_core.package_identification:_identify(src) by extension 'colcon_meta'
[0.446s] Level 1:colcon.colcon_core.package_identification:_identify(src) by extensions ['ros']
[0.446s] Level 1:colcon.colcon_core.package_identification:_identify(src) by extension 'ros'
[0.446s] Level 1:colcon.colcon_core.package_identification:_identify(src) by extensions ['cmake', 'python']
[0.446s] Level 1:colcon.colcon_core.package_identification:_identify(src) by extension 'cmake'
[0.446s] Level 1:colcon.colcon_core.package_identification:_identify(src) by extension 'python'
[0.446s] Level 1:colcon.colcon_core.package_identification:_identify(src) by extensions ['python_setup_py']
[0.446s] Level 1:colcon.colcon_core.package_identification:_identify(src) by extension 'python_setup_py'
[0.446s] Level 1:colcon.colcon_core.package_identification:_identify(src/ISCAS_ENV) by extensions ['ignore', 'ignore_ament_install']
[0.446s] Level 1:colcon.colcon_core.package_identification:_identify(src/ISCAS_ENV) by extension 'ignore'
[0.446s] Level 1:colcon.colcon_core.package_identification:_identify(src/ISCAS_ENV) by extension 'ignore_ament_install'
[0.446s] Level 1:colcon.colcon_core.package_identification:_identify(src/ISCAS_ENV) by extensions ['colcon_pkg']
[0.446s] Level 1:colcon.colcon_core.package_identification:_identify(src/ISCAS_ENV) by extension 'colcon_pkg'
[0.446s] Level 1:colcon.colcon_core.package_identification:_identify(src/ISCAS_ENV) by extensions ['colcon_meta']
[0.446s] Level 1:colcon.colcon_core.package_identification:_identify(src/ISCAS_ENV) by extension 'colcon_meta'
[0.446s] Level 1:colcon.colcon_core.package_identification:_identify(src/ISCAS_ENV) by extensions ['ros']
[0.446s] Level 1:colcon.colcon_core.package_identification:_identify(src/ISCAS_ENV) by extension 'ros'
[0.447s] Level 1:colcon.colcon_core.package_identification:_identify(src/ISCAS_ENV) by extensions ['cmake', 'python']
[0.447s] Level 1:colcon.colcon_core.package_identification:_identify(src/ISCAS_ENV) by extension 'cmake'
[0.447s] Level 1:colcon.colcon_core.package_identification:_identify(src/ISCAS_ENV) by extension 'python'
[0.447s] Level 1:colcon.colcon_core.package_identification:_identify(src/ISCAS_ENV) by extensions ['python_setup_py']
[0.447s] Level 1:colcon.colcon_core.package_identification:_identify(src/ISCAS_ENV) by extension 'python_setup_py'
[0.447s] Level 1:colcon.colcon_core.package_identification:_identify(src/ISCAS_ENV/models) by extensions ['ignore', 'ignore_ament_install']
[0.447s] Level 1:colcon.colcon_core.package_identification:_identify(src/ISCAS_ENV/models) by extension 'ignore'
[0.447s] Level 1:colcon.colcon_core.package_identification:_identify(src/ISCAS_ENV/models) by extension 'ignore_ament_install'
[0.447s] Level 1:colcon.colcon_core.package_identification:_identify(src/ISCAS_ENV/models) by extensions ['colcon_pkg']
[0.447s] Level 1:colcon.colcon_core.package_identification:_identify(src/ISCAS_ENV/models) by extension 'colcon_pkg'
[0.447s] Level 1:colcon.colcon_core.package_identification:_identify(src/ISCAS_ENV/models) by extensions ['colcon_meta']
[0.447s] Level 1:colcon.colcon_core.package_identification:_identify(src/ISCAS_ENV/models) by extension 'colcon_meta'
[0.447s] Level 1:colcon.colcon_core.package_identification:_identify(src/ISCAS_ENV/models) by extensions ['ros']
[0.447s] Level 1:colcon.colcon_core.package_identification:_identify(src/ISCAS_ENV/models) by extension 'ros'
[0.447s] Level 1:colcon.colcon_core.package_identification:_identify(src/ISCAS_ENV/models) by extensions ['cmake', 'python']
[0.447s] Level 1:colcon.colcon_core.package_identification:_identify(src/ISCAS_ENV/models) by extension 'cmake'
[0.447s] Level 1:colcon.colcon_core.package_identification:_identify(src/ISCAS_ENV/models) by extension 'python'
[0.447s] Level 1:colcon.colcon_core.package_identification:_identify(src/ISCAS_ENV/models) by extensions ['python_setup_py']
[0.447s] Level 1:colcon.colcon_core.package_identification:_identify(src/ISCAS_ENV/models) by extension 'python_setup_py'
[0.447s] Level 1:colcon.colcon_core.package_identification:_identify(src/ISCAS_ENV/models/ISCAS_Museum) by extensions ['ignore', 'ignore_ament_install']
[0.447s] Level 1:colcon.colcon_core.package_identification:_identify(src/ISCAS_ENV/models/ISCAS_Museum) by extension 'ignore'
[0.448s] Level 1:colcon.colcon_core.package_identification:_identify(src/ISCAS_ENV/models/ISCAS_Museum) by extension 'ignore_ament_install'
[0.448s] Level 1:colcon.colcon_core.package_identification:_identify(src/ISCAS_ENV/models/ISCAS_Museum) by extensions ['colcon_pkg']
[0.448s] Level 1:colcon.colcon_core.package_identification:_identify(src/ISCAS_ENV/models/ISCAS_Museum) by extension 'colcon_pkg'
[0.448s] Level 1:colcon.colcon_core.package_identification:_identify(src/ISCAS_ENV/models/ISCAS_Museum) by extensions ['colcon_meta']
[0.448s] Level 1:colcon.colcon_core.package_identification:_identify(src/ISCAS_ENV/models/ISCAS_Museum) by extension 'colcon_meta'
[0.448s] Level 1:colcon.colcon_core.package_identification:_identify(src/ISCAS_ENV/models/ISCAS_Museum) by extensions ['ros']
[0.448s] Level 1:colcon.colcon_core.package_identification:_identify(src/ISCAS_ENV/models/ISCAS_Museum) by extension 'ros'
[0.448s] Level 1:colcon.colcon_core.package_identification:_identify(src/ISCAS_ENV/models/ISCAS_Museum) by extensions ['cmake', 'python']
[0.448s] Level 1:colcon.colcon_core.package_identification:_identify(src/ISCAS_ENV/models/ISCAS_Museum) by extension 'cmake'
[0.448s] Level 1:colcon.colcon_core.package_identification:_identify(src/ISCAS_ENV/models/ISCAS_Museum) by extension 'python'
[0.448s] Level 1:colcon.colcon_core.package_identification:_identify(src/ISCAS_ENV/models/ISCAS_Museum) by extensions ['python_setup_py']
[0.448s] Level 1:colcon.colcon_core.package_identification:_identify(src/ISCAS_ENV/models/ISCAS_Museum) by extension 'python_setup_py'
[0.448s] Level 1:colcon.colcon_core.package_identification:_identify(src/ISCAS_ENV/models/ISCAS_Museum/meshes) by extensions ['ignore', 'ignore_ament_install']
[0.448s] Level 1:colcon.colcon_core.package_identification:_identify(src/ISCAS_ENV/models/ISCAS_Museum/meshes) by extension 'ignore'
[0.448s] Level 1:colcon.colcon_core.package_identification:_identify(src/ISCAS_ENV/models/ISCAS_Museum/meshes) by extension 'ignore_ament_install'
[0.448s] Level 1:colcon.colcon_core.package_identification:_identify(src/ISCAS_ENV/models/ISCAS_Museum/meshes) by extensions ['colcon_pkg']
[0.448s] Level 1:colcon.colcon_core.package_identification:_identify(src/ISCAS_ENV/models/ISCAS_Museum/meshes) by extension 'colcon_pkg'
[0.448s] Level 1:colcon.colcon_core.package_identification:_identify(src/ISCAS_ENV/models/ISCAS_Museum/meshes) by extensions ['colcon_meta']
[0.448s] Level 1:colcon.colcon_core.package_identification:_identify(src/ISCAS_ENV/models/ISCAS_Museum/meshes) by extension 'colcon_meta'
[0.448s] Level 1:colcon.colcon_core.package_identification:_identify(src/ISCAS_ENV/models/ISCAS_Museum/meshes) by extensions ['ros']
[0.448s] Level 1:colcon.colcon_core.package_identification:_identify(src/ISCAS_ENV/models/ISCAS_Museum/meshes) by extension 'ros'
[0.448s] Level 1:colcon.colcon_core.package_identification:_identify(src/ISCAS_ENV/models/ISCAS_Museum/meshes) by extensions ['cmake', 'python']
[0.448s] Level 1:colcon.colcon_core.package_identification:_identify(src/ISCAS_ENV/models/ISCAS_Museum/meshes) by extension 'cmake'
[0.449s] Level 1:colcon.colcon_core.package_identification:_identify(src/ISCAS_ENV/models/ISCAS_Museum/meshes) by extension 'python'
[0.449s] Level 1:colcon.colcon_core.package_identification:_identify(src/ISCAS_ENV/models/ISCAS_Museum/meshes) by extensions ['python_setup_py']
[0.449s] Level 1:colcon.colcon_core.package_identification:_identify(src/ISCAS_ENV/models/ISCAS_Museum/meshes) by extension 'python_setup_py'
[0.449s] Level 1:colcon.colcon_core.package_identification:_identify(src/ISCAS_ENV/models/ISCAS_groundplane) by extensions ['ignore', 'ignore_ament_install']
[0.449s] Level 1:colcon.colcon_core.package_identification:_identify(src/ISCAS_ENV/models/ISCAS_groundplane) by extension 'ignore'
[0.449s] Level 1:colcon.colcon_core.package_identification:_identify(src/ISCAS_ENV/models/ISCAS_groundplane) by extension 'ignore_ament_install'
[0.449s] Level 1:colcon.colcon_core.package_identification:_identify(src/ISCAS_ENV/models/ISCAS_groundplane) by extensions ['colcon_pkg']
[0.449s] Level 1:colcon.colcon_core.package_identification:_identify(src/ISCAS_ENV/models/ISCAS_groundplane) by extension 'colcon_pkg'
[0.449s] Level 1:colcon.colcon_core.package_identification:_identify(src/ISCAS_ENV/models/ISCAS_groundplane) by extensions ['colcon_meta']
[0.449s] Level 1:colcon.colcon_core.package_identification:_identify(src/ISCAS_ENV/models/ISCAS_groundplane) by extension 'colcon_meta'
[0.449s] Level 1:colcon.colcon_core.package_identification:_identify(src/ISCAS_ENV/models/ISCAS_groundplane) by extensions ['ros']
[0.449s] Level 1:colcon.colcon_core.package_identification:_identify(src/ISCAS_ENV/models/ISCAS_groundplane) by extension 'ros'
[0.449s] Level 1:colcon.colcon_core.package_identification:_identify(src/ISCAS_ENV/models/ISCAS_groundplane) by extensions ['cmake', 'python']
[0.449s] Level 1:colcon.colcon_core.package_identification:_identify(src/ISCAS_ENV/models/ISCAS_groundplane) by extension 'cmake'
[0.449s] Level 1:colcon.colcon_core.package_identification:_identify(src/ISCAS_ENV/models/ISCAS_groundplane) by extension 'python'
[0.449s] Level 1:colcon.colcon_core.package_identification:_identify(src/ISCAS_ENV/models/ISCAS_groundplane) by extensions ['python_setup_py']
[0.449s] Level 1:colcon.colcon_core.package_identification:_identify(src/ISCAS_ENV/models/ISCAS_groundplane) by extension 'python_setup_py'
[0.449s] Level 1:colcon.colcon_core.package_identification:_identify(src/ISCAS_ENV/models/ISCAS_groundplane/materials) by extensions ['ignore', 'ignore_ament_install']
[0.449s] Level 1:colcon.colcon_core.package_identification:_identify(src/ISCAS_ENV/models/ISCAS_groundplane/materials) by extension 'ignore'
[0.449s] Level 1:colcon.colcon_core.package_identification:_identify(src/ISCAS_ENV/models/ISCAS_groundplane/materials) by extension 'ignore_ament_install'
[0.449s] Level 1:colcon.colcon_core.package_identification:_identify(src/ISCAS_ENV/models/ISCAS_groundplane/materials) by extensions ['colcon_pkg']
[0.450s] Level 1:colcon.colcon_core.package_identification:_identify(src/ISCAS_ENV/models/ISCAS_groundplane/materials) by extension 'colcon_pkg'
[0.450s] Level 1:colcon.colcon_core.package_identification:_identify(src/ISCAS_ENV/models/ISCAS_groundplane/materials) by extensions ['colcon_meta']
[0.450s] Level 1:colcon.colcon_core.package_identification:_identify(src/ISCAS_ENV/models/ISCAS_groundplane/materials) by extension 'colcon_meta'
[0.450s] Level 1:colcon.colcon_core.package_identification:_identify(src/ISCAS_ENV/models/ISCAS_groundplane/materials) by extensions ['ros']
[0.450s] Level 1:colcon.colcon_core.package_identification:_identify(src/ISCAS_ENV/models/ISCAS_groundplane/materials) by extension 'ros'
[0.450s] Level 1:colcon.colcon_core.package_identification:_identify(src/ISCAS_ENV/models/ISCAS_groundplane/materials) by extensions ['cmake', 'python']
[0.450s] Level 1:colcon.colcon_core.package_identification:_identify(src/ISCAS_ENV/models/ISCAS_groundplane/materials) by extension 'cmake'
[0.450s] Level 1:colcon.colcon_core.package_identification:_identify(src/ISCAS_ENV/models/ISCAS_groundplane/materials) by extension 'python'
[0.450s] Level 1:colcon.colcon_core.package_identification:_identify(src/ISCAS_ENV/models/ISCAS_groundplane/materials) by extensions ['python_setup_py']
[0.450s] Level 1:colcon.colcon_core.package_identification:_identify(src/ISCAS_ENV/models/ISCAS_groundplane/materials) by extension 'python_setup_py'
[0.450s] Level 1:colcon.colcon_core.package_identification:_identify(src/ISCAS_ENV/models/ISCAS_groundplane/materials/scripts) by extensions ['ignore', 'ignore_ament_install']
[0.450s] Level 1:colcon.colcon_core.package_identification:_identify(src/ISCAS_ENV/models/ISCAS_groundplane/materials/scripts) by extension 'ignore'
[0.450s] Level 1:colcon.colcon_core.package_identification:_identify(src/ISCAS_ENV/models/ISCAS_groundplane/materials/scripts) by extension 'ignore_ament_install'
[0.450s] Level 1:colcon.colcon_core.package_identification:_identify(src/ISCAS_ENV/models/ISCAS_groundplane/materials/scripts) by extensions ['colcon_pkg']
[0.450s] Level 1:colcon.colcon_core.package_identification:_identify(src/ISCAS_ENV/models/ISCAS_groundplane/materials/scripts) by extension 'colcon_pkg'
[0.450s] Level 1:colcon.colcon_core.package_identification:_identify(src/ISCAS_ENV/models/ISCAS_groundplane/materials/scripts) by extensions ['colcon_meta']
[0.450s] Level 1:colcon.colcon_core.package_identification:_identify(src/ISCAS_ENV/models/ISCAS_groundplane/materials/scripts) by extension 'colcon_meta'
[0.450s] Level 1:colcon.colcon_core.package_identification:_identify(src/ISCAS_ENV/models/ISCAS_groundplane/materials/scripts) by extensions ['ros']
[0.450s] Level 1:colcon.colcon_core.package_identification:_identify(src/ISCAS_ENV/models/ISCAS_groundplane/materials/scripts) by extension 'ros'
[0.450s] Level 1:colcon.colcon_core.package_identification:_identify(src/ISCAS_ENV/models/ISCAS_groundplane/materials/scripts) by extensions ['cmake', 'python']
[0.450s] Level 1:colcon.colcon_core.package_identification:_identify(src/ISCAS_ENV/models/ISCAS_groundplane/materials/scripts) by extension 'cmake'
[0.450s] Level 1:colcon.colcon_core.package_identification:_identify(src/ISCAS_ENV/models/ISCAS_groundplane/materials/scripts) by extension 'python'
[0.450s] Level 1:colcon.colcon_core.package_identification:_identify(src/ISCAS_ENV/models/ISCAS_groundplane/materials/scripts) by extensions ['python_setup_py']
[0.451s] Level 1:colcon.colcon_core.package_identification:_identify(src/ISCAS_ENV/models/ISCAS_groundplane/materials/scripts) by extension 'python_setup_py'
[0.451s] Level 1:colcon.colcon_core.package_identification:_identify(src/ISCAS_ENV/models/ISCAS_groundplane/materials/textures) by extensions ['ignore', 'ignore_ament_install']
[0.451s] Level 1:colcon.colcon_core.package_identification:_identify(src/ISCAS_ENV/models/ISCAS_groundplane/materials/textures) by extension 'ignore'
[0.451s] Level 1:colcon.colcon_core.package_identification:_identify(src/ISCAS_ENV/models/ISCAS_groundplane/materials/textures) by extension 'ignore_ament_install'
[0.451s] Level 1:colcon.colcon_core.package_identification:_identify(src/ISCAS_ENV/models/ISCAS_groundplane/materials/textures) by extensions ['colcon_pkg']
[0.451s] Level 1:colcon.colcon_core.package_identification:_identify(src/ISCAS_ENV/models/ISCAS_groundplane/materials/textures) by extension 'colcon_pkg'
[0.451s] Level 1:colcon.colcon_core.package_identification:_identify(src/ISCAS_ENV/models/ISCAS_groundplane/materials/textures) by extensions ['colcon_meta']
[0.451s] Level 1:colcon.colcon_core.package_identification:_identify(src/ISCAS_ENV/models/ISCAS_groundplane/materials/textures) by extension 'colcon_meta'
[0.451s] Level 1:colcon.colcon_core.package_identification:_identify(src/ISCAS_ENV/models/ISCAS_groundplane/materials/textures) by extensions ['ros']
[0.451s] Level 1:colcon.colcon_core.package_identification:_identify(src/ISCAS_ENV/models/ISCAS_groundplane/materials/textures) by extension 'ros'
[0.451s] Level 1:colcon.colcon_core.package_identification:_identify(src/ISCAS_ENV/models/ISCAS_groundplane/materials/textures) by extensions ['cmake', 'python']
[0.451s] Level 1:colcon.colcon_core.package_identification:_identify(src/ISCAS_ENV/models/ISCAS_groundplane/materials/textures) by extension 'cmake'
[0.451s] Level 1:colcon.colcon_core.package_identification:_identify(src/ISCAS_ENV/models/ISCAS_groundplane/materials/textures) by extension 'python'
[0.451s] Level 1:colcon.colcon_core.package_identification:_identify(src/ISCAS_ENV/models/ISCAS_groundplane/materials/textures) by extensions ['python_setup_py']
[0.451s] Level 1:colcon.colcon_core.package_identification:_identify(src/ISCAS_ENV/models/ISCAS_groundplane/materials/textures) by extension 'python_setup_py'
[0.451s] Level 1:colcon.colcon_core.package_identification:_identify(src/ISCAS_ENV/models/ISCAS_post) by extensions ['ignore', 'ignore_ament_install']
[0.451s] Level 1:colcon.colcon_core.package_identification:_identify(src/ISCAS_ENV/models/ISCAS_post) by extension 'ignore'
[0.451s] Level 1:colcon.colcon_core.package_identification:_identify(src/ISCAS_ENV/models/ISCAS_post) by extension 'ignore_ament_install'
[0.451s] Level 1:colcon.colcon_core.package_identification:_identify(src/ISCAS_ENV/models/ISCAS_post) by extensions ['colcon_pkg']
[0.451s] Level 1:colcon.colcon_core.package_identification:_identify(src/ISCAS_ENV/models/ISCAS_post) by extension 'colcon_pkg'
[0.451s] Level 1:colcon.colcon_core.package_identification:_identify(src/ISCAS_ENV/models/ISCAS_post) by extensions ['colcon_meta']
[0.452s] Level 1:colcon.colcon_core.package_identification:_identify(src/ISCAS_ENV/models/ISCAS_post) by extension 'colcon_meta'
[0.452s] Level 1:colcon.colcon_core.package_identification:_identify(src/ISCAS_ENV/models/ISCAS_post) by extensions ['ros']
[0.452s] Level 1:colcon.colcon_core.package_identification:_identify(src/ISCAS_ENV/models/ISCAS_post) by extension 'ros'
[0.452s] Level 1:colcon.colcon_core.package_identification:_identify(src/ISCAS_ENV/models/ISCAS_post) by extensions ['cmake', 'python']
[0.452s] Level 1:colcon.colcon_core.package_identification:_identify(src/ISCAS_ENV/models/ISCAS_post) by extension 'cmake'
[0.452s] Level 1:colcon.colcon_core.package_identification:_identify(src/ISCAS_ENV/models/ISCAS_post) by extension 'python'
[0.452s] Level 1:colcon.colcon_core.package_identification:_identify(src/ISCAS_ENV/models/ISCAS_post) by extensions ['python_setup_py']
[0.452s] Level 1:colcon.colcon_core.package_identification:_identify(src/ISCAS_ENV/models/ISCAS_post) by extension 'python_setup_py'
[0.452s] Level 1:colcon.colcon_core.package_identification:_identify(src/ISCAS_ENV/models/ISCAS_post/meshes) by extensions ['ignore', 'ignore_ament_install']
[0.452s] Level 1:colcon.colcon_core.package_identification:_identify(src/ISCAS_ENV/models/ISCAS_post/meshes) by extension 'ignore'
[0.452s] Level 1:colcon.colcon_core.package_identification:_identify(src/ISCAS_ENV/models/ISCAS_post/meshes) by extension 'ignore_ament_install'
[0.452s] Level 1:colcon.colcon_core.package_identification:_identify(src/ISCAS_ENV/models/ISCAS_post/meshes) by extensions ['colcon_pkg']
[0.452s] Level 1:colcon.colcon_core.package_identification:_identify(src/ISCAS_ENV/models/ISCAS_post/meshes) by extension 'colcon_pkg'
[0.452s] Level 1:colcon.colcon_core.package_identification:_identify(src/ISCAS_ENV/models/ISCAS_post/meshes) by extensions ['colcon_meta']
[0.452s] Level 1:colcon.colcon_core.package_identification:_identify(src/ISCAS_ENV/models/ISCAS_post/meshes) by extension 'colcon_meta'
[0.452s] Level 1:colcon.colcon_core.package_identification:_identify(src/ISCAS_ENV/models/ISCAS_post/meshes) by extensions ['ros']
[0.452s] Level 1:colcon.colcon_core.package_identification:_identify(src/ISCAS_ENV/models/ISCAS_post/meshes) by extension 'ros'
[0.452s] Level 1:colcon.colcon_core.package_identification:_identify(src/ISCAS_ENV/models/ISCAS_post/meshes) by extensions ['cmake', 'python']
[0.452s] Level 1:colcon.colcon_core.package_identification:_identify(src/ISCAS_ENV/models/ISCAS_post/meshes) by extension 'cmake'
[0.452s] Level 1:colcon.colcon_core.package_identification:_identify(src/ISCAS_ENV/models/ISCAS_post/meshes) by extension 'python'
[0.452s] Level 1:colcon.colcon_core.package_identification:_identify(src/ISCAS_ENV/models/ISCAS_post/meshes) by extensions ['python_setup_py']
[0.452s] Level 1:colcon.colcon_core.package_identification:_identify(src/ISCAS_ENV/models/ISCAS_post/meshes) by extension 'python_setup_py'
[0.453s] Level 1:colcon.colcon_core.package_identification:_identify(src/custom_command) by extensions ['ignore', 'ignore_ament_install']
[0.453s] Level 1:colcon.colcon_core.package_identification:_identify(src/custom_command) by extension 'ignore'
[0.453s] Level 1:colcon.colcon_core.package_identification:_identify(src/custom_command) by extension 'ignore_ament_install'
[0.453s] Level 1:colcon.colcon_core.package_identification:_identify(src/custom_command) by extensions ['colcon_pkg']
[0.453s] Level 1:colcon.colcon_core.package_identification:_identify(src/custom_command) by extension 'colcon_pkg'
[0.453s] Level 1:colcon.colcon_core.package_identification:_identify(src/custom_command) by extensions ['colcon_meta']
[0.453s] Level 1:colcon.colcon_core.package_identification:_identify(src/custom_command) by extension 'colcon_meta'
[0.453s] Level 1:colcon.colcon_core.package_identification:_identify(src/custom_command) by extensions ['ros']
[0.453s] Level 1:colcon.colcon_core.package_identification:_identify(src/custom_command) by extension 'ros'
[0.460s] DEBUG:colcon.colcon_core.package_identification:Package 'src/custom_command' with type 'ros.ament_cmake' and name 'custom_command'
[0.461s] Level 1:colcon.colcon_core.package_identification:_identify(src/robot_await) by extensions ['ignore', 'ignore_ament_install']
[0.461s] Level 1:colcon.colcon_core.package_identification:_identify(src/robot_await) by extension 'ignore'
[0.461s] Level 1:colcon.colcon_core.package_identification:_identify(src/robot_await) by extension 'ignore_ament_install'
[0.461s] Level 1:colcon.colcon_core.package_identification:_identify(src/robot_await) by extensions ['colcon_pkg']
[0.461s] Level 1:colcon.colcon_core.package_identification:_identify(src/robot_await) by extension 'colcon_pkg'
[0.461s] Level 1:colcon.colcon_core.package_identification:_identify(src/robot_await) by extensions ['colcon_meta']
[0.461s] Level 1:colcon.colcon_core.package_identification:_identify(src/robot_await) by extension 'colcon_meta'
[0.461s] Level 1:colcon.colcon_core.package_identification:_identify(src/robot_await) by extensions ['ros']
[0.461s] Level 1:colcon.colcon_core.package_identification:_identify(src/robot_await) by extension 'ros'
[0.462s] DEBUG:colcon.colcon_core.package_identification:Package 'src/robot_await' with type 'ros.ament_cmake' and name 'robot_await'
[0.462s] Level 1:colcon.colcon_core.package_identification:_identify(src/robot_control) by extensions ['ignore', 'ignore_ament_install']
[0.462s] Level 1:colcon.colcon_core.package_identification:_identify(src/robot_control) by extension 'ignore'
[0.462s] Level 1:colcon.colcon_core.package_identification:_identify(src/robot_control) by extension 'ignore_ament_install'
[0.462s] Level 1:colcon.colcon_core.package_identification:_identify(src/robot_control) by extensions ['colcon_pkg']
[0.462s] Level 1:colcon.colcon_core.package_identification:_identify(src/robot_control) by extension 'colcon_pkg'
[0.462s] Level 1:colcon.colcon_core.package_identification:_identify(src/robot_control) by extensions ['colcon_meta']
[0.462s] Level 1:colcon.colcon_core.package_identification:_identify(src/robot_control) by extension 'colcon_meta'
[0.462s] Level 1:colcon.colcon_core.package_identification:_identify(src/robot_control) by extensions ['ros']
[0.462s] Level 1:colcon.colcon_core.package_identification:_identify(src/robot_control) by extension 'ros'
[0.463s] DEBUG:colcon.colcon_core.package_identification:Package 'src/robot_control' with type 'ros.ament_cmake' and name 'robot_control'
[0.463s] Level 1:colcon.colcon_core.package_identification:_identify(src/robot_description) by extensions ['ignore', 'ignore_ament_install']
[0.463s] Level 1:colcon.colcon_core.package_identification:_identify(src/robot_description) by extension 'ignore'
[0.463s] Level 1:colcon.colcon_core.package_identification:_identify(src/robot_description) by extension 'ignore_ament_install'
[0.464s] Level 1:colcon.colcon_core.package_identification:_identify(src/robot_description) by extensions ['colcon_pkg']
[0.464s] Level 1:colcon.colcon_core.package_identification:_identify(src/robot_description) by extension 'colcon_pkg'
[0.464s] Level 1:colcon.colcon_core.package_identification:_identify(src/robot_description) by extensions ['colcon_meta']
[0.464s] Level 1:colcon.colcon_core.package_identification:_identify(src/robot_description) by extension 'colcon_meta'
[0.464s] Level 1:colcon.colcon_core.package_identification:_identify(src/robot_description) by extensions ['ros']
[0.464s] Level 1:colcon.colcon_core.package_identification:_identify(src/robot_description) by extension 'ros'
[0.465s] DEBUG:colcon.colcon_core.package_identification:Package 'src/robot_description' with type 'ros.ament_cmake' and name 'robot_description'
[0.465s] Level 1:colcon.colcon_core.package_identification:_identify(src/robot_environment) by extensions ['ignore', 'ignore_ament_install']
[0.465s] Level 1:colcon.colcon_core.package_identification:_identify(src/robot_environment) by extension 'ignore'
[0.465s] Level 1:colcon.colcon_core.package_identification:_identify(src/robot_environment) by extension 'ignore_ament_install'
[0.465s] Level 1:colcon.colcon_core.package_identification:_identify(src/robot_environment) by extensions ['colcon_pkg']
[0.465s] Level 1:colcon.colcon_core.package_identification:_identify(src/robot_environment) by extension 'colcon_pkg'
[0.465s] Level 1:colcon.colcon_core.package_identification:_identify(src/robot_environment) by extensions ['colcon_meta']
[0.465s] Level 1:colcon.colcon_core.package_identification:_identify(src/robot_environment) by extension 'colcon_meta'
[0.465s] Level 1:colcon.colcon_core.package_identification:_identify(src/robot_environment) by extensions ['ros']
[0.465s] Level 1:colcon.colcon_core.package_identification:_identify(src/robot_environment) by extension 'ros'
[0.466s] DEBUG:colcon.colcon_core.package_identification:Package 'src/robot_environment' with type 'ros.ament_cmake' and name 'robot_environment'
[0.466s] Level 1:colcon.colcon_core.package_identification:_identify(src/robot_navigation) by extensions ['ignore', 'ignore_ament_install']
[0.466s] Level 1:colcon.colcon_core.package_identification:_identify(src/robot_navigation) by extension 'ignore'
[0.466s] Level 1:colcon.colcon_core.package_identification:_identify(src/robot_navigation) by extension 'ignore_ament_install'
[0.466s] Level 1:colcon.colcon_core.package_identification:_identify(src/robot_navigation) by extensions ['colcon_pkg']
[0.466s] Level 1:colcon.colcon_core.package_identification:_identify(src/robot_navigation) by extension 'colcon_pkg'
[0.466s] Level 1:colcon.colcon_core.package_identification:_identify(src/robot_navigation) by extensions ['colcon_meta']
[0.466s] Level 1:colcon.colcon_core.package_identification:_identify(src/robot_navigation) by extension 'colcon_meta'
[0.466s] Level 1:colcon.colcon_core.package_identification:_identify(src/robot_navigation) by extensions ['ros']
[0.466s] Level 1:colcon.colcon_core.package_identification:_identify(src/robot_navigation) by extension 'ros'
[0.467s] DEBUG:colcon.colcon_core.package_identification:Package 'src/robot_navigation' with type 'ros.ament_cmake' and name 'robot_navigation'
[0.467s] Level 1:colcon.colcon_core.package_identification:_identify(src/robot_slam) by extensions ['ignore', 'ignore_ament_install']
[0.467s] Level 1:colcon.colcon_core.package_identification:_identify(src/robot_slam) by extension 'ignore'
[0.467s] Level 1:colcon.colcon_core.package_identification:_identify(src/robot_slam) by extension 'ignore_ament_install'
[0.467s] Level 1:colcon.colcon_core.package_identification:_identify(src/robot_slam) by extensions ['colcon_pkg']
[0.467s] Level 1:colcon.colcon_core.package_identification:_identify(src/robot_slam) by extension 'colcon_pkg'
[0.467s] Level 1:colcon.colcon_core.package_identification:_identify(src/robot_slam) by extensions ['colcon_meta']
[0.467s] Level 1:colcon.colcon_core.package_identification:_identify(src/robot_slam) by extension 'colcon_meta'
[0.468s] Level 1:colcon.colcon_core.package_identification:_identify(src/robot_slam) by extensions ['ros']
[0.468s] Level 1:colcon.colcon_core.package_identification:_identify(src/robot_slam) by extension 'ros'
[0.468s] DEBUG:colcon.colcon_core.package_identification:Package 'src/robot_slam' with type 'ros.ament_cmake' and name 'robot_slam'
[0.469s] Level 1:colcon.colcon_core.package_discovery:discover_packages(recursive) using defaults
[0.469s] Level 1:colcon.colcon_core.package_discovery:discover_packages(ignore) discover
[0.469s] Level 1:colcon.colcon_core.package_discovery:discover_packages(ignore) using defaults
[0.469s] Level 1:colcon.colcon_core.package_discovery:discover_packages(path) discover
[0.469s] Level 1:colcon.colcon_core.package_discovery:discover_packages(path) using defaults
[0.491s] Level 1:colcon.colcon_core.package_discovery:discover_packages(prefix_path) check parameters
[0.491s] Level 1:colcon.colcon_core.package_discovery:discover_packages(prefix_path) discover
[0.497s] DEBUG:colcon.colcon_installed_package_information.package_discovery:Found 15 installed packages in /home/kunama/PLCT/NAV2/yahboom_src_code/slam_ws_src/install
[0.499s] DEBUG:colcon.colcon_installed_package_information.package_discovery:Found 423 installed packages in /opt/ros/humble
[0.501s] Level 1:colcon.colcon_core.package_discovery:discover_packages(prefix_path) using defaults
[0.554s] Level 5:colcon.colcon_core.verb:set package 'custom_command' build argument 'cmake_args' from command line to 'None'
[0.554s] Level 5:colcon.colcon_core.verb:set package 'custom_command' build argument 'cmake_target' from command line to 'None'
[0.554s] Level 5:colcon.colcon_core.verb:set package 'custom_command' build argument 'cmake_target_skip_unavailable' from command line to 'False'
[0.554s] Level 5:colcon.colcon_core.verb:set package 'custom_command' build argument 'cmake_clean_cache' from command line to 'False'
[0.554s] Level 5:colcon.colcon_core.verb:set package 'custom_command' build argument 'cmake_clean_first' from command line to 'False'
[0.554s] Level 5:colcon.colcon_core.verb:set package 'custom_command' build argument 'cmake_force_configure' from command line to 'False'
[0.554s] Level 5:colcon.colcon_core.verb:set package 'custom_command' build argument 'ament_cmake_args' from command line to 'None'
[0.554s] Level 5:colcon.colcon_core.verb:set package 'custom_command' build argument 'catkin_cmake_args' from command line to 'None'
[0.554s] Level 5:colcon.colcon_core.verb:set package 'custom_command' build argument 'catkin_skip_building_tests' from command line to 'False'
[0.554s] DEBUG:colcon.colcon_core.verb:Building package 'custom_command' with the following arguments: {'ament_cmake_args': None, 'build_base': '/mnt/nvme1n1p6/PLCT/NAV2/nav2_sim/build/custom_command', 'catkin_cmake_args': None, 'catkin_skip_building_tests': False, 'cmake_args': None, 'cmake_clean_cache': False, 'cmake_clean_first': False, 'cmake_force_configure': False, 'cmake_target': None, 'cmake_target_skip_unavailable': False, 'install_base': '/mnt/nvme1n1p6/PLCT/NAV2/nav2_sim/install/custom_command', 'merge_install': False, 'path': '/mnt/nvme1n1p6/PLCT/NAV2/nav2_sim/src/custom_command', 'symlink_install': True, 'test_result_base': None}
[0.554s] Level 5:colcon.colcon_core.verb:set package 'robot_await' build argument 'cmake_args' from command line to 'None'
[0.554s] Level 5:colcon.colcon_core.verb:set package 'robot_await' build argument 'cmake_target' from command line to 'None'
[0.554s] Level 5:colcon.colcon_core.verb:set package 'robot_await' build argument 'cmake_target_skip_unavailable' from command line to 'False'
[0.554s] Level 5:colcon.colcon_core.verb:set package 'robot_await' build argument 'cmake_clean_cache' from command line to 'False'
[0.554s] Level 5:colcon.colcon_core.verb:set package 'robot_await' build argument 'cmake_clean_first' from command line to 'False'
[0.554s] Level 5:colcon.colcon_core.verb:set package 'robot_await' build argument 'cmake_force_configure' from command line to 'False'
[0.554s] Level 5:colcon.colcon_core.verb:set package 'robot_await' build argument 'ament_cmake_args' from command line to 'None'
[0.554s] Level 5:colcon.colcon_core.verb:set package 'robot_await' build argument 'catkin_cmake_args' from command line to 'None'
[0.554s] Level 5:colcon.colcon_core.verb:set package 'robot_await' build argument 'catkin_skip_building_tests' from command line to 'False'
[0.554s] DEBUG:colcon.colcon_core.verb:Building package 'robot_await' with the following arguments: {'ament_cmake_args': None, 'build_base': '/mnt/nvme1n1p6/PLCT/NAV2/nav2_sim/build/robot_await', 'catkin_cmake_args': None, 'catkin_skip_building_tests': False, 'cmake_args': None, 'cmake_clean_cache': False, 'cmake_clean_first': False, 'cmake_force_configure': False, 'cmake_target': None, 'cmake_target_skip_unavailable': False, 'install_base': '/mnt/nvme1n1p6/PLCT/NAV2/nav2_sim/install/robot_await', 'merge_install': False, 'path': '/mnt/nvme1n1p6/PLCT/NAV2/nav2_sim/src/robot_await', 'symlink_install': True, 'test_result_base': None}
[0.555s] Level 5:colcon.colcon_core.verb:set package 'robot_control' build argument 'cmake_args' from command line to 'None'
[0.555s] Level 5:colcon.colcon_core.verb:set package 'robot_control' build argument 'cmake_target' from command line to 'None'
[0.555s] Level 5:colcon.colcon_core.verb:set package 'robot_control' build argument 'cmake_target_skip_unavailable' from command line to 'False'
[0.555s] Level 5:colcon.colcon_core.verb:set package 'robot_control' build argument 'cmake_clean_cache' from command line to 'False'
[0.555s] Level 5:colcon.colcon_core.verb:set package 'robot_control' build argument 'cmake_clean_first' from command line to 'False'
[0.555s] Level 5:colcon.colcon_core.verb:set package 'robot_control' build argument 'cmake_force_configure' from command line to 'False'
[0.555s] Level 5:colcon.colcon_core.verb:set package 'robot_control' build argument 'ament_cmake_args' from command line to 'None'
[0.555s] Level 5:colcon.colcon_core.verb:set package 'robot_control' build argument 'catkin_cmake_args' from command line to 'None'
[0.555s] Level 5:colcon.colcon_core.verb:set package 'robot_control' build argument 'catkin_skip_building_tests' from command line to 'False'
[0.555s] DEBUG:colcon.colcon_core.verb:Building package 'robot_control' with the following arguments: {'ament_cmake_args': None, 'build_base': '/mnt/nvme1n1p6/PLCT/NAV2/nav2_sim/build/robot_control', 'catkin_cmake_args': None, 'catkin_skip_building_tests': False, 'cmake_args': None, 'cmake_clean_cache': False, 'cmake_clean_first': False, 'cmake_force_configure': False, 'cmake_target': None, 'cmake_target_skip_unavailable': False, 'install_base': '/mnt/nvme1n1p6/PLCT/NAV2/nav2_sim/install/robot_control', 'merge_install': False, 'path': '/mnt/nvme1n1p6/PLCT/NAV2/nav2_sim/src/robot_control', 'symlink_install': True, 'test_result_base': None}
[0.555s] Level 5:colcon.colcon_core.verb:set package 'robot_description' build argument 'cmake_args' from command line to 'None'
[0.555s] Level 5:colcon.colcon_core.verb:set package 'robot_description' build argument 'cmake_target' from command line to 'None'
[0.555s] Level 5:colcon.colcon_core.verb:set package 'robot_description' build argument 'cmake_target_skip_unavailable' from command line to 'False'
[0.555s] Level 5:colcon.colcon_core.verb:set package 'robot_description' build argument 'cmake_clean_cache' from command line to 'False'
[0.555s] Level 5:colcon.colcon_core.verb:set package 'robot_description' build argument 'cmake_clean_first' from command line to 'False'
[0.555s] Level 5:colcon.colcon_core.verb:set package 'robot_description' build argument 'cmake_force_configure' from command line to 'False'
[0.555s] Level 5:colcon.colcon_core.verb:set package 'robot_description' build argument 'ament_cmake_args' from command line to 'None'
[0.555s] Level 5:colcon.colcon_core.verb:set package 'robot_description' build argument 'catkin_cmake_args' from command line to 'None'
[0.555s] Level 5:colcon.colcon_core.verb:set package 'robot_description' build argument 'catkin_skip_building_tests' from command line to 'False'
[0.555s] DEBUG:colcon.colcon_core.verb:Building package 'robot_description' with the following arguments: {'ament_cmake_args': None, 'build_base': '/mnt/nvme1n1p6/PLCT/NAV2/nav2_sim/build/robot_description', 'catkin_cmake_args': None, 'catkin_skip_building_tests': False, 'cmake_args': None, 'cmake_clean_cache': False, 'cmake_clean_first': False, 'cmake_force_configure': False, 'cmake_target': None, 'cmake_target_skip_unavailable': False, 'install_base': '/mnt/nvme1n1p6/PLCT/NAV2/nav2_sim/install/robot_description', 'merge_install': False, 'path': '/mnt/nvme1n1p6/PLCT/NAV2/nav2_sim/src/robot_description', 'symlink_install': True, 'test_result_base': None}
[0.556s] Level 5:colcon.colcon_core.verb:set package 'robot_environment' build argument 'cmake_args' from command line to 'None'
[0.556s] Level 5:colcon.colcon_core.verb:set package 'robot_environment' build argument 'cmake_target' from command line to 'None'
[0.556s] Level 5:colcon.colcon_core.verb:set package 'robot_environment' build argument 'cmake_target_skip_unavailable' from command line to 'False'
[0.556s] Level 5:colcon.colcon_core.verb:set package 'robot_environment' build argument 'cmake_clean_cache' from command line to 'False'
[0.556s] Level 5:colcon.colcon_core.verb:set package 'robot_environment' build argument 'cmake_clean_first' from command line to 'False'
[0.556s] Level 5:colcon.colcon_core.verb:set package 'robot_environment' build argument 'cmake_force_configure' from command line to 'False'
[0.556s] Level 5:colcon.colcon_core.verb:set package 'robot_environment' build argument 'ament_cmake_args' from command line to 'None'
[0.556s] Level 5:colcon.colcon_core.verb:set package 'robot_environment' build argument 'catkin_cmake_args' from command line to 'None'
[0.556s] Level 5:colcon.colcon_core.verb:set package 'robot_environment' build argument 'catkin_skip_building_tests' from command line to 'False'
[0.556s] DEBUG:colcon.colcon_core.verb:Building package 'robot_environment' with the following arguments: {'ament_cmake_args': None, 'build_base': '/mnt/nvme1n1p6/PLCT/NAV2/nav2_sim/build/robot_environment', 'catkin_cmake_args': None, 'catkin_skip_building_tests': False, 'cmake_args': None, 'cmake_clean_cache': False, 'cmake_clean_first': False, 'cmake_force_configure': False, 'cmake_target': None, 'cmake_target_skip_unavailable': False, 'install_base': '/mnt/nvme1n1p6/PLCT/NAV2/nav2_sim/install/robot_environment', 'merge_install': False, 'path': '/mnt/nvme1n1p6/PLCT/NAV2/nav2_sim/src/robot_environment', 'symlink_install': True, 'test_result_base': None}
[0.556s] Level 5:colcon.colcon_core.verb:set package 'robot_navigation' build argument 'cmake_args' from command line to 'None'
[0.556s] Level 5:colcon.colcon_core.verb:set package 'robot_navigation' build argument 'cmake_target' from command line to 'None'
[0.556s] Level 5:colcon.colcon_core.verb:set package 'robot_navigation' build argument 'cmake_target_skip_unavailable' from command line to 'False'
[0.556s] Level 5:colcon.colcon_core.verb:set package 'robot_navigation' build argument 'cmake_clean_cache' from command line to 'False'
[0.556s] Level 5:colcon.colcon_core.verb:set package 'robot_navigation' build argument 'cmake_clean_first' from command line to 'False'
[0.556s] Level 5:colcon.colcon_core.verb:set package 'robot_navigation' build argument 'cmake_force_configure' from command line to 'False'
[0.556s] Level 5:colcon.colcon_core.verb:set package 'robot_navigation' build argument 'ament_cmake_args' from command line to 'None'
[0.556s] Level 5:colcon.colcon_core.verb:set package 'robot_navigation' build argument 'catkin_cmake_args' from command line to 'None'
[0.556s] Level 5:colcon.colcon_core.verb:set package 'robot_navigation' build argument 'catkin_skip_building_tests' from command line to 'False'
[0.556s] DEBUG:colcon.colcon_core.verb:Building package 'robot_navigation' with the following arguments: {'ament_cmake_args': None, 'build_base': '/mnt/nvme1n1p6/PLCT/NAV2/nav2_sim/build/robot_navigation', 'catkin_cmake_args': None, 'catkin_skip_building_tests': False, 'cmake_args': None, 'cmake_clean_cache': False, 'cmake_clean_first': False, 'cmake_force_configure': False, 'cmake_target': None, 'cmake_target_skip_unavailable': False, 'install_base': '/mnt/nvme1n1p6/PLCT/NAV2/nav2_sim/install/robot_navigation', 'merge_install': False, 'path': '/mnt/nvme1n1p6/PLCT/NAV2/nav2_sim/src/robot_navigation', 'symlink_install': True, 'test_result_base': None}
[0.557s] Level 5:colcon.colcon_core.verb:set package 'robot_slam' build argument 'cmake_args' from command line to 'None'
[0.557s] Level 5:colcon.colcon_core.verb:set package 'robot_slam' build argument 'cmake_target' from command line to 'None'
[0.557s] Level 5:colcon.colcon_core.verb:set package 'robot_slam' build argument 'cmake_target_skip_unavailable' from command line to 'False'
[0.557s] Level 5:colcon.colcon_core.verb:set package 'robot_slam' build argument 'cmake_clean_cache' from command line to 'False'
[0.557s] Level 5:colcon.colcon_core.verb:set package 'robot_slam' build argument 'cmake_clean_first' from command line to 'False'
[0.557s] Level 5:colcon.colcon_core.verb:set package 'robot_slam' build argument 'cmake_force_configure' from command line to 'False'
[0.557s] Level 5:colcon.colcon_core.verb:set package 'robot_slam' build argument 'ament_cmake_args' from command line to 'None'
[0.557s] Level 5:colcon.colcon_core.verb:set package 'robot_slam' build argument 'catkin_cmake_args' from command line to 'None'
[0.557s] Level 5:colcon.colcon_core.verb:set package 'robot_slam' build argument 'catkin_skip_building_tests' from command line to 'False'
[0.557s] DEBUG:colcon.colcon_core.verb:Building package 'robot_slam' with the following arguments: {'ament_cmake_args': None, 'build_base': '/mnt/nvme1n1p6/PLCT/NAV2/nav2_sim/build/robot_slam', 'catkin_cmake_args': None, 'catkin_skip_building_tests': False, 'cmake_args': None, 'cmake_clean_cache': False, 'cmake_clean_first': False, 'cmake_force_configure': False, 'cmake_target': None, 'cmake_target_skip_unavailable': False, 'install_base': '/mnt/nvme1n1p6/PLCT/NAV2/nav2_sim/install/robot_slam', 'merge_install': False, 'path': '/mnt/nvme1n1p6/PLCT/NAV2/nav2_sim/src/robot_slam', 'symlink_install': True, 'test_result_base': None}
[0.557s] INFO:colcon.colcon_core.executor:Executing jobs using 'parallel' executor
[0.558s] DEBUG:colcon.colcon_parallel_executor.executor.parallel:run_until_complete
[0.558s] INFO:colcon.colcon_ros.task.ament_cmake.build:Building ROS package in '/mnt/nvme1n1p6/PLCT/NAV2/nav2_sim/src/custom_command' with build type 'ament_cmake'
[0.558s] INFO:colcon.colcon_cmake.task.cmake.build:Building CMake package in '/mnt/nvme1n1p6/PLCT/NAV2/nav2_sim/src/custom_command'
[0.562s] INFO:colcon.colcon_core.plugin_system:Skipping extension 'colcon_core.shell.bat': Not used on non-Windows systems
[0.562s] INFO:colcon.colcon_core.shell:Skip shell extension 'powershell' for command environment: Not usable outside of PowerShell
[0.562s] DEBUG:colcon.colcon_core.shell:Skip shell extension 'dsv' for command environment
[0.567s] INFO:colcon.colcon_ros.task.ament_cmake.build:Building ROS package in '/mnt/nvme1n1p6/PLCT/NAV2/nav2_sim/src/robot_await' with build type 'ament_cmake'
[0.567s] INFO:colcon.colcon_cmake.task.cmake.build:Building CMake package in '/mnt/nvme1n1p6/PLCT/NAV2/nav2_sim/src/robot_await'
[0.567s] INFO:colcon.colcon_core.shell:Skip shell extension 'powershell' for command environment: Not usable outside of PowerShell
[0.567s] DEBUG:colcon.colcon_core.shell:Skip shell extension 'dsv' for command environment
[0.573s] INFO:colcon.colcon_ros.task.ament_cmake.build:Building ROS package in '/mnt/nvme1n1p6/PLCT/NAV2/nav2_sim/src/robot_control' with build type 'ament_cmake'
[0.573s] INFO:colcon.colcon_cmake.task.cmake.build:Building CMake package in '/mnt/nvme1n1p6/PLCT/NAV2/nav2_sim/src/robot_control'
[0.573s] INFO:colcon.colcon_core.shell:Skip shell extension 'powershell' for command environment: Not usable outside of PowerShell
[0.573s] DEBUG:colcon.colcon_core.shell:Skip shell extension 'dsv' for command environment
[0.578s] INFO:colcon.colcon_ros.task.ament_cmake.build:Building ROS package in '/mnt/nvme1n1p6/PLCT/NAV2/nav2_sim/src/robot_description' with build type 'ament_cmake'
[0.578s] INFO:colcon.colcon_cmake.task.cmake.build:Building CMake package in '/mnt/nvme1n1p6/PLCT/NAV2/nav2_sim/src/robot_description'
[0.579s] INFO:colcon.colcon_core.shell:Skip shell extension 'powershell' for command environment: Not usable outside of PowerShell
[0.579s] DEBUG:colcon.colcon_core.shell:Skip shell extension 'dsv' for command environment
[0.583s] INFO:colcon.colcon_ros.task.ament_cmake.build:Building ROS package in '/mnt/nvme1n1p6/PLCT/NAV2/nav2_sim/src/robot_environment' with build type 'ament_cmake'
[0.584s] INFO:colcon.colcon_cmake.task.cmake.build:Building CMake package in '/mnt/nvme1n1p6/PLCT/NAV2/nav2_sim/src/robot_environment'
[0.584s] INFO:colcon.colcon_core.shell:Skip shell extension 'powershell' for command environment: Not usable outside of PowerShell
[0.584s] DEBUG:colcon.colcon_core.shell:Skip shell extension 'dsv' for command environment
[0.588s] INFO:colcon.colcon_ros.task.ament_cmake.build:Building ROS package in '/mnt/nvme1n1p6/PLCT/NAV2/nav2_sim/src/robot_navigation' with build type 'ament_cmake'
[0.589s] INFO:colcon.colcon_cmake.task.cmake.build:Building CMake package in '/mnt/nvme1n1p6/PLCT/NAV2/nav2_sim/src/robot_navigation'
[0.589s] INFO:colcon.colcon_core.shell:Skip shell extension 'powershell' for command environment: Not usable outside of PowerShell
[0.589s] DEBUG:colcon.colcon_core.shell:Skip shell extension 'dsv' for command environment
[0.594s] INFO:colcon.colcon_ros.task.ament_cmake.build:Building ROS package in '/mnt/nvme1n1p6/PLCT/NAV2/nav2_sim/src/robot_slam' with build type 'ament_cmake'
[0.594s] INFO:colcon.colcon_cmake.task.cmake.build:Building CMake package in '/mnt/nvme1n1p6/PLCT/NAV2/nav2_sim/src/robot_slam'
[0.594s] INFO:colcon.colcon_core.shell:Skip shell extension 'powershell' for command environment: Not usable outside of PowerShell
[0.594s] DEBUG:colcon.colcon_core.shell:Skip shell extension 'dsv' for command environment
[0.606s] DEBUG:colcon.colcon_core.event_handler.log_command:Invoking command in '/mnt/nvme1n1p6/PLCT/NAV2/nav2_sim/build/custom_command': CMAKE_PREFIX_PATH=${CMAKE_PREFIX_PATH}:/home/kunama/PLCT/NAV2/yahboom_src_code/slam_ws_src/install/yahboomcar_nav:/home/kunama/PLCT/NAV2/yahboom_src_code/slam_ws_src/install/yahboomcar_description:/home/kunama/PLCT/NAV2/yahboom_src_code/slam_ws_src/install/yahboomcar_ctrl:/home/kunama/PLCT/NAV2/yahboom_src_code/slam_ws_src/install/yahboomcar_bringup:/home/kunama/PLCT/NAV2/yahboom_src_code/slam_ws_src/install/yahboom_app_save_map:/home/kunama/PLCT/NAV2/yahboom_src_code/slam_ws_src/install/laserscan_to_point_publisher:/opt/ros/humble /usr/bin/cmake --build /mnt/nvme1n1p6/PLCT/NAV2/nav2_sim/build/custom_command -- -j12 -l12
[0.610s] DEBUG:colcon.colcon_core.event_handler.log_command:Invoking command in '/mnt/nvme1n1p6/PLCT/NAV2/nav2_sim/build/robot_await': CMAKE_PREFIX_PATH=${CMAKE_PREFIX_PATH}:/home/kunama/PLCT/NAV2/yahboom_src_code/slam_ws_src/install/yahboomcar_nav:/home/kunama/PLCT/NAV2/yahboom_src_code/slam_ws_src/install/yahboomcar_description:/home/kunama/PLCT/NAV2/yahboom_src_code/slam_ws_src/install/yahboomcar_ctrl:/home/kunama/PLCT/NAV2/yahboom_src_code/slam_ws_src/install/yahboomcar_bringup:/home/kunama/PLCT/NAV2/yahboom_src_code/slam_ws_src/install/yahboom_app_save_map:/home/kunama/PLCT/NAV2/yahboom_src_code/slam_ws_src/install/laserscan_to_point_publisher:/opt/ros/humble /usr/bin/cmake --build /mnt/nvme1n1p6/PLCT/NAV2/nav2_sim/build/robot_await -- -j12 -l12
[0.614s] DEBUG:colcon.colcon_core.event_handler.log_command:Invoking command in '/mnt/nvme1n1p6/PLCT/NAV2/nav2_sim/build/robot_control': CMAKE_PREFIX_PATH=${CMAKE_PREFIX_PATH}:/home/kunama/PLCT/NAV2/yahboom_src_code/slam_ws_src/install/yahboomcar_nav:/home/kunama/PLCT/NAV2/yahboom_src_code/slam_ws_src/install/yahboomcar_description:/home/kunama/PLCT/NAV2/yahboom_src_code/slam_ws_src/install/yahboomcar_ctrl:/home/kunama/PLCT/NAV2/yahboom_src_code/slam_ws_src/install/yahboomcar_bringup:/home/kunama/PLCT/NAV2/yahboom_src_code/slam_ws_src/install/yahboom_app_save_map:/home/kunama/PLCT/NAV2/yahboom_src_code/slam_ws_src/install/laserscan_to_point_publisher:/opt/ros/humble /usr/bin/cmake --build /mnt/nvme1n1p6/PLCT/NAV2/nav2_sim/build/robot_control -- -j12 -l12
[0.619s] DEBUG:colcon.colcon_core.event_handler.log_command:Invoking command in '/mnt/nvme1n1p6/PLCT/NAV2/nav2_sim/build/robot_description': CMAKE_PREFIX_PATH=${CMAKE_PREFIX_PATH}:/home/kunama/PLCT/NAV2/yahboom_src_code/slam_ws_src/install/yahboomcar_nav:/home/kunama/PLCT/NAV2/yahboom_src_code/slam_ws_src/install/yahboomcar_description:/home/kunama/PLCT/NAV2/yahboom_src_code/slam_ws_src/install/yahboomcar_ctrl:/home/kunama/PLCT/NAV2/yahboom_src_code/slam_ws_src/install/yahboomcar_bringup:/home/kunama/PLCT/NAV2/yahboom_src_code/slam_ws_src/install/yahboom_app_save_map:/home/kunama/PLCT/NAV2/yahboom_src_code/slam_ws_src/install/laserscan_to_point_publisher:/opt/ros/humble /usr/bin/cmake --build /mnt/nvme1n1p6/PLCT/NAV2/nav2_sim/build/robot_description -- -j12 -l12
[0.622s] DEBUG:colcon.colcon_core.event_handler.log_command:Invoking command in '/mnt/nvme1n1p6/PLCT/NAV2/nav2_sim/build/robot_environment': CMAKE_PREFIX_PATH=${CMAKE_PREFIX_PATH}:/home/kunama/PLCT/NAV2/yahboom_src_code/slam_ws_src/install/yahboomcar_nav:/home/kunama/PLCT/NAV2/yahboom_src_code/slam_ws_src/install/yahboomcar_description:/home/kunama/PLCT/NAV2/yahboom_src_code/slam_ws_src/install/yahboomcar_ctrl:/home/kunama/PLCT/NAV2/yahboom_src_code/slam_ws_src/install/yahboomcar_bringup:/home/kunama/PLCT/NAV2/yahboom_src_code/slam_ws_src/install/yahboom_app_save_map:/home/kunama/PLCT/NAV2/yahboom_src_code/slam_ws_src/install/laserscan_to_point_publisher:/opt/ros/humble /usr/bin/cmake --build /mnt/nvme1n1p6/PLCT/NAV2/nav2_sim/build/robot_environment -- -j12 -l12
[0.628s] DEBUG:colcon.colcon_core.event_handler.log_command:Invoking command in '/mnt/nvme1n1p6/PLCT/NAV2/nav2_sim/build/robot_navigation': CMAKE_PREFIX_PATH=${CMAKE_PREFIX_PATH}:/home/kunama/PLCT/NAV2/yahboom_src_code/slam_ws_src/install/yahboomcar_nav:/home/kunama/PLCT/NAV2/yahboom_src_code/slam_ws_src/install/yahboomcar_description:/home/kunama/PLCT/NAV2/yahboom_src_code/slam_ws_src/install/yahboomcar_ctrl:/home/kunama/PLCT/NAV2/yahboom_src_code/slam_ws_src/install/yahboomcar_bringup:/home/kunama/PLCT/NAV2/yahboom_src_code/slam_ws_src/install/yahboom_app_save_map:/home/kunama/PLCT/NAV2/yahboom_src_code/slam_ws_src/install/laserscan_to_point_publisher:/opt/ros/humble /usr/bin/cmake --build /mnt/nvme1n1p6/PLCT/NAV2/nav2_sim/build/robot_navigation -- -j12 -l12
[0.636s] DEBUG:colcon.colcon_core.event_handler.log_command:Invoking command in '/mnt/nvme1n1p6/PLCT/NAV2/nav2_sim/build/robot_slam': CMAKE_PREFIX_PATH=${CMAKE_PREFIX_PATH}:/home/kunama/PLCT/NAV2/yahboom_src_code/slam_ws_src/install/yahboomcar_nav:/home/kunama/PLCT/NAV2/yahboom_src_code/slam_ws_src/install/yahboomcar_description:/home/kunama/PLCT/NAV2/yahboom_src_code/slam_ws_src/install/yahboomcar_ctrl:/home/kunama/PLCT/NAV2/yahboom_src_code/slam_ws_src/install/yahboomcar_bringup:/home/kunama/PLCT/NAV2/yahboom_src_code/slam_ws_src/install/yahboom_app_save_map:/home/kunama/PLCT/NAV2/yahboom_src_code/slam_ws_src/install/laserscan_to_point_publisher:/opt/ros/humble /usr/bin/cmake --build /mnt/nvme1n1p6/PLCT/NAV2/nav2_sim/build/robot_slam -- -j12 -l12
[0.673s] DEBUG:colcon.colcon_core.event_handler.log_command:Invoked command in '/mnt/nvme1n1p6/PLCT/NAV2/nav2_sim/build/robot_environment' returned '0': CMAKE_PREFIX_PATH=${CMAKE_PREFIX_PATH}:/home/kunama/PLCT/NAV2/yahboom_src_code/slam_ws_src/install/yahboomcar_nav:/home/kunama/PLCT/NAV2/yahboom_src_code/slam_ws_src/install/yahboomcar_description:/home/kunama/PLCT/NAV2/yahboom_src_code/slam_ws_src/install/yahboomcar_ctrl:/home/kunama/PLCT/NAV2/yahboom_src_code/slam_ws_src/install/yahboomcar_bringup:/home/kunama/PLCT/NAV2/yahboom_src_code/slam_ws_src/install/yahboom_app_save_map:/home/kunama/PLCT/NAV2/yahboom_src_code/slam_ws_src/install/laserscan_to_point_publisher:/opt/ros/humble /usr/bin/cmake --build /mnt/nvme1n1p6/PLCT/NAV2/nav2_sim/build/robot_environment -- -j12 -l12
[0.689s] DEBUG:colcon.colcon_core.event_handler.log_command:Invoking command in '/mnt/nvme1n1p6/PLCT/NAV2/nav2_sim/build/robot_environment': CMAKE_PREFIX_PATH=${CMAKE_PREFIX_PATH}:/home/kunama/PLCT/NAV2/yahboom_src_code/slam_ws_src/install/yahboomcar_nav:/home/kunama/PLCT/NAV2/yahboom_src_code/slam_ws_src/install/yahboomcar_description:/home/kunama/PLCT/NAV2/yahboom_src_code/slam_ws_src/install/yahboomcar_ctrl:/home/kunama/PLCT/NAV2/yahboom_src_code/slam_ws_src/install/yahboomcar_bringup:/home/kunama/PLCT/NAV2/yahboom_src_code/slam_ws_src/install/yahboom_app_save_map:/home/kunama/PLCT/NAV2/yahboom_src_code/slam_ws_src/install/laserscan_to_point_publisher:/opt/ros/humble /usr/bin/cmake --install /mnt/nvme1n1p6/PLCT/NAV2/nav2_sim/build/robot_environment
[0.692s] DEBUG:colcon.colcon_core.event_handler.log_command:Invoked command in '/mnt/nvme1n1p6/PLCT/NAV2/nav2_sim/build/robot_navigation' returned '0': CMAKE_PREFIX_PATH=${CMAKE_PREFIX_PATH}:/home/kunama/PLCT/NAV2/yahboom_src_code/slam_ws_src/install/yahboomcar_nav:/home/kunama/PLCT/NAV2/yahboom_src_code/slam_ws_src/install/yahboomcar_description:/home/kunama/PLCT/NAV2/yahboom_src_code/slam_ws_src/install/yahboomcar_ctrl:/home/kunama/PLCT/NAV2/yahboom_src_code/slam_ws_src/install/yahboomcar_bringup:/home/kunama/PLCT/NAV2/yahboom_src_code/slam_ws_src/install/yahboom_app_save_map:/home/kunama/PLCT/NAV2/yahboom_src_code/slam_ws_src/install/laserscan_to_point_publisher:/opt/ros/humble /usr/bin/cmake --build /mnt/nvme1n1p6/PLCT/NAV2/nav2_sim/build/robot_navigation -- -j12 -l12
[0.694s] DEBUG:colcon.colcon_core.event_handler.log_command:Invoking command in '/mnt/nvme1n1p6/PLCT/NAV2/nav2_sim/build/robot_navigation': CMAKE_PREFIX_PATH=${CMAKE_PREFIX_PATH}:/home/kunama/PLCT/NAV2/yahboom_src_code/slam_ws_src/install/yahboomcar_nav:/home/kunama/PLCT/NAV2/yahboom_src_code/slam_ws_src/install/yahboomcar_description:/home/kunama/PLCT/NAV2/yahboom_src_code/slam_ws_src/install/yahboomcar_ctrl:/home/kunama/PLCT/NAV2/yahboom_src_code/slam_ws_src/install/yahboomcar_bringup:/home/kunama/PLCT/NAV2/yahboom_src_code/slam_ws_src/install/yahboom_app_save_map:/home/kunama/PLCT/NAV2/yahboom_src_code/slam_ws_src/install/laserscan_to_point_publisher:/opt/ros/humble /usr/bin/cmake --install /mnt/nvme1n1p6/PLCT/NAV2/nav2_sim/build/robot_navigation
[0.696s] DEBUG:colcon.colcon_core.event_handler.log_command:Invoked command in '/mnt/nvme1n1p6/PLCT/NAV2/nav2_sim/build/robot_control' returned '0': CMAKE_PREFIX_PATH=${CMAKE_PREFIX_PATH}:/home/kunama/PLCT/NAV2/yahboom_src_code/slam_ws_src/install/yahboomcar_nav:/home/kunama/PLCT/NAV2/yahboom_src_code/slam_ws_src/install/yahboomcar_description:/home/kunama/PLCT/NAV2/yahboom_src_code/slam_ws_src/install/yahboomcar_ctrl:/home/kunama/PLCT/NAV2/yahboom_src_code/slam_ws_src/install/yahboomcar_bringup:/home/kunama/PLCT/NAV2/yahboom_src_code/slam_ws_src/install/yahboom_app_save_map:/home/kunama/PLCT/NAV2/yahboom_src_code/slam_ws_src/install/laserscan_to_point_publisher:/opt/ros/humble /usr/bin/cmake --build /mnt/nvme1n1p6/PLCT/NAV2/nav2_sim/build/robot_control -- -j12 -l12
[0.699s] DEBUG:colcon.colcon_core.event_handler.log_command:Invoking command in '/mnt/nvme1n1p6/PLCT/NAV2/nav2_sim/build/robot_control': CMAKE_PREFIX_PATH=${CMAKE_PREFIX_PATH}:/home/kunama/PLCT/NAV2/yahboom_src_code/slam_ws_src/install/yahboomcar_nav:/home/kunama/PLCT/NAV2/yahboom_src_code/slam_ws_src/install/yahboomcar_description:/home/kunama/PLCT/NAV2/yahboom_src_code/slam_ws_src/install/yahboomcar_ctrl:/home/kunama/PLCT/NAV2/yahboom_src_code/slam_ws_src/install/yahboomcar_bringup:/home/kunama/PLCT/NAV2/yahboom_src_code/slam_ws_src/install/yahboom_app_save_map:/home/kunama/PLCT/NAV2/yahboom_src_code/slam_ws_src/install/laserscan_to_point_publisher:/opt/ros/humble /usr/bin/cmake --install /mnt/nvme1n1p6/PLCT/NAV2/nav2_sim/build/robot_control
[0.700s] DEBUG:colcon.colcon_core.event_handler.log_command:Invoked command in '/mnt/nvme1n1p6/PLCT/NAV2/nav2_sim/build/robot_description' returned '0': CMAKE_PREFIX_PATH=${CMAKE_PREFIX_PATH}:/home/kunama/PLCT/NAV2/yahboom_src_code/slam_ws_src/install/yahboomcar_nav:/home/kunama/PLCT/NAV2/yahboom_src_code/slam_ws_src/install/yahboomcar_description:/home/kunama/PLCT/NAV2/yahboom_src_code/slam_ws_src/install/yahboomcar_ctrl:/home/kunama/PLCT/NAV2/yahboom_src_code/slam_ws_src/install/yahboomcar_bringup:/home/kunama/PLCT/NAV2/yahboom_src_code/slam_ws_src/install/yahboom_app_save_map:/home/kunama/PLCT/NAV2/yahboom_src_code/slam_ws_src/install/laserscan_to_point_publisher:/opt/ros/humble /usr/bin/cmake --build /mnt/nvme1n1p6/PLCT/NAV2/nav2_sim/build/robot_description -- -j12 -l12
[0.703s] DEBUG:colcon.colcon_core.event_handler.log_command:Invoking command in '/mnt/nvme1n1p6/PLCT/NAV2/nav2_sim/build/robot_description': CMAKE_PREFIX_PATH=${CMAKE_PREFIX_PATH}:/home/kunama/PLCT/NAV2/yahboom_src_code/slam_ws_src/install/yahboomcar_nav:/home/kunama/PLCT/NAV2/yahboom_src_code/slam_ws_src/install/yahboomcar_description:/home/kunama/PLCT/NAV2/yahboom_src_code/slam_ws_src/install/yahboomcar_ctrl:/home/kunama/PLCT/NAV2/yahboom_src_code/slam_ws_src/install/yahboomcar_bringup:/home/kunama/PLCT/NAV2/yahboom_src_code/slam_ws_src/install/yahboom_app_save_map:/home/kunama/PLCT/NAV2/yahboom_src_code/slam_ws_src/install/laserscan_to_point_publisher:/opt/ros/humble /usr/bin/cmake --install /mnt/nvme1n1p6/PLCT/NAV2/nav2_sim/build/robot_description
[0.717s] DEBUG:colcon.colcon_core.event_handler.log_command:Invoked command in '/mnt/nvme1n1p6/PLCT/NAV2/nav2_sim/build/robot_slam' returned '0': CMAKE_PREFIX_PATH=${CMAKE_PREFIX_PATH}:/home/kunama/PLCT/NAV2/yahboom_src_code/slam_ws_src/install/yahboomcar_nav:/home/kunama/PLCT/NAV2/yahboom_src_code/slam_ws_src/install/yahboomcar_description:/home/kunama/PLCT/NAV2/yahboom_src_code/slam_ws_src/install/yahboomcar_ctrl:/home/kunama/PLCT/NAV2/yahboom_src_code/slam_ws_src/install/yahboomcar_bringup:/home/kunama/PLCT/NAV2/yahboom_src_code/slam_ws_src/install/yahboom_app_save_map:/home/kunama/PLCT/NAV2/yahboom_src_code/slam_ws_src/install/laserscan_to_point_publisher:/opt/ros/humble /usr/bin/cmake --build /mnt/nvme1n1p6/PLCT/NAV2/nav2_sim/build/robot_slam -- -j12 -l12
[0.723s] DEBUG:colcon.colcon_core.event_handler.log_command:Invoking command in '/mnt/nvme1n1p6/PLCT/NAV2/nav2_sim/build/robot_slam': CMAKE_PREFIX_PATH=${CMAKE_PREFIX_PATH}:/home/kunama/PLCT/NAV2/yahboom_src_code/slam_ws_src/install/yahboomcar_nav:/home/kunama/PLCT/NAV2/yahboom_src_code/slam_ws_src/install/yahboomcar_description:/home/kunama/PLCT/NAV2/yahboom_src_code/slam_ws_src/install/yahboomcar_ctrl:/home/kunama/PLCT/NAV2/yahboom_src_code/slam_ws_src/install/yahboomcar_bringup:/home/kunama/PLCT/NAV2/yahboom_src_code/slam_ws_src/install/yahboom_app_save_map:/home/kunama/PLCT/NAV2/yahboom_src_code/slam_ws_src/install/laserscan_to_point_publisher:/opt/ros/humble /usr/bin/cmake --install /mnt/nvme1n1p6/PLCT/NAV2/nav2_sim/build/robot_slam
[0.725s] Level 1:colcon.colcon_core.environment:create_environment_scripts_only(robot_environment)
[0.726s] DEBUG:colcon.colcon_core.event_handler.log_command:Invoked command in '/mnt/nvme1n1p6/PLCT/NAV2/nav2_sim/build/robot_environment' returned '0': CMAKE_PREFIX_PATH=${CMAKE_PREFIX_PATH}:/home/kunama/PLCT/NAV2/yahboom_src_code/slam_ws_src/install/yahboomcar_nav:/home/kunama/PLCT/NAV2/yahboom_src_code/slam_ws_src/install/yahboomcar_description:/home/kunama/PLCT/NAV2/yahboom_src_code/slam_ws_src/install/yahboomcar_ctrl:/home/kunama/PLCT/NAV2/yahboom_src_code/slam_ws_src/install/yahboomcar_bringup:/home/kunama/PLCT/NAV2/yahboom_src_code/slam_ws_src/install/yahboom_app_save_map:/home/kunama/PLCT/NAV2/yahboom_src_code/slam_ws_src/install/laserscan_to_point_publisher:/opt/ros/humble /usr/bin/cmake --install /mnt/nvme1n1p6/PLCT/NAV2/nav2_sim/build/robot_environment
[0.733s] Level 1:colcon.colcon_core.environment:checking '/mnt/nvme1n1p6/PLCT/NAV2/nav2_sim/install/robot_environment' for CMake module files
[0.736s] Level 1:colcon.colcon_core.environment:checking '/mnt/nvme1n1p6/PLCT/NAV2/nav2_sim/install/robot_environment' for CMake config files
[0.739s] Level 1:colcon.colcon_core.shell:create_environment_hook('robot_environment', 'cmake_prefix_path')
[0.739s] INFO:colcon.colcon_core.shell:Creating environment hook '/mnt/nvme1n1p6/PLCT/NAV2/nav2_sim/install/robot_environment/share/robot_environment/hook/cmake_prefix_path.ps1'
[0.740s] INFO:colcon.colcon_core.shell:Creating environment descriptor '/mnt/nvme1n1p6/PLCT/NAV2/nav2_sim/install/robot_environment/share/robot_environment/hook/cmake_prefix_path.dsv'
[0.741s] INFO:colcon.colcon_core.shell:Creating environment hook '/mnt/nvme1n1p6/PLCT/NAV2/nav2_sim/install/robot_environment/share/robot_environment/hook/cmake_prefix_path.sh'
[0.742s] Level 1:colcon.colcon_core.environment:checking '/mnt/nvme1n1p6/PLCT/NAV2/nav2_sim/install/robot_environment/bin'
[0.743s] Level 1:colcon.colcon_core.environment:checking '/mnt/nvme1n1p6/PLCT/NAV2/nav2_sim/install/robot_environment/lib/pkgconfig/robot_environment.pc'
[0.743s] Level 1:colcon.colcon_core.environment:checking '/mnt/nvme1n1p6/PLCT/NAV2/nav2_sim/install/robot_environment/lib/python3.10/site-packages'
[0.743s] Level 1:colcon.colcon_core.environment:checking '/mnt/nvme1n1p6/PLCT/NAV2/nav2_sim/install/robot_environment/bin'
[0.743s] INFO:colcon.colcon_core.shell:Creating package script '/mnt/nvme1n1p6/PLCT/NAV2/nav2_sim/install/robot_environment/share/robot_environment/package.ps1'
[0.745s] INFO:colcon.colcon_core.shell:Creating package descriptor '/mnt/nvme1n1p6/PLCT/NAV2/nav2_sim/install/robot_environment/share/robot_environment/package.dsv'
[0.746s] INFO:colcon.colcon_core.shell:Creating package script '/mnt/nvme1n1p6/PLCT/NAV2/nav2_sim/install/robot_environment/share/robot_environment/package.sh'
[0.748s] INFO:colcon.colcon_core.shell:Creating package script '/mnt/nvme1n1p6/PLCT/NAV2/nav2_sim/install/robot_environment/share/robot_environment/package.bash'
[0.749s] INFO:colcon.colcon_core.shell:Creating package script '/mnt/nvme1n1p6/PLCT/NAV2/nav2_sim/install/robot_environment/share/robot_environment/package.zsh'
[0.750s] Level 1:colcon.colcon_core.environment:create_file_with_runtime_dependencies(/mnt/nvme1n1p6/PLCT/NAV2/nav2_sim/install/robot_environment/share/colcon-core/packages/robot_environment)
[0.751s] Level 1:colcon.colcon_core.environment:create_environment_scripts_only(robot_environment)
[0.751s] Level 1:colcon.colcon_core.environment:checking '/mnt/nvme1n1p6/PLCT/NAV2/nav2_sim/install/robot_environment' for CMake module files
[0.753s] Level 1:colcon.colcon_core.environment:checking '/mnt/nvme1n1p6/PLCT/NAV2/nav2_sim/install/robot_environment' for CMake config files
[0.753s] Level 1:colcon.colcon_core.shell:create_environment_hook('robot_environment', 'cmake_prefix_path')
[0.753s] INFO:colcon.colcon_core.shell:Creating environment hook '/mnt/nvme1n1p6/PLCT/NAV2/nav2_sim/install/robot_environment/share/robot_environment/hook/cmake_prefix_path.ps1'
[0.754s] INFO:colcon.colcon_core.shell:Creating environment descriptor '/mnt/nvme1n1p6/PLCT/NAV2/nav2_sim/install/robot_environment/share/robot_environment/hook/cmake_prefix_path.dsv'
[0.755s] INFO:colcon.colcon_core.shell:Creating environment hook '/mnt/nvme1n1p6/PLCT/NAV2/nav2_sim/install/robot_environment/share/robot_environment/hook/cmake_prefix_path.sh'
[0.756s] Level 1:colcon.colcon_core.environment:checking '/mnt/nvme1n1p6/PLCT/NAV2/nav2_sim/install/robot_environment/bin'
[0.756s] Level 1:colcon.colcon_core.environment:checking '/mnt/nvme1n1p6/PLCT/NAV2/nav2_sim/install/robot_environment/lib/pkgconfig/robot_environment.pc'
[0.756s] Level 1:colcon.colcon_core.environment:checking '/mnt/nvme1n1p6/PLCT/NAV2/nav2_sim/install/robot_environment/lib/python3.10/site-packages'
[0.756s] Level 1:colcon.colcon_core.environment:checking '/mnt/nvme1n1p6/PLCT/NAV2/nav2_sim/install/robot_environment/bin'
[0.756s] INFO:colcon.colcon_core.shell:Creating package script '/mnt/nvme1n1p6/PLCT/NAV2/nav2_sim/install/robot_environment/share/robot_environment/package.ps1'
[0.757s] INFO:colcon.colcon_core.shell:Creating package descriptor '/mnt/nvme1n1p6/PLCT/NAV2/nav2_sim/install/robot_environment/share/robot_environment/package.dsv'
[0.757s] INFO:colcon.colcon_core.shell:Creating package script '/mnt/nvme1n1p6/PLCT/NAV2/nav2_sim/install/robot_environment/share/robot_environment/package.sh'
[0.758s] INFO:colcon.colcon_core.shell:Creating package script '/mnt/nvme1n1p6/PLCT/NAV2/nav2_sim/install/robot_environment/share/robot_environment/package.bash'
[0.759s] INFO:colcon.colcon_core.shell:Creating package script '/mnt/nvme1n1p6/PLCT/NAV2/nav2_sim/install/robot_environment/share/robot_environment/package.zsh'
[0.760s] Level 1:colcon.colcon_core.environment:create_file_with_runtime_dependencies(/mnt/nvme1n1p6/PLCT/NAV2/nav2_sim/install/robot_environment/share/colcon-core/packages/robot_environment)
[0.762s] Level 1:colcon.colcon_core.environment:create_environment_scripts_only(robot_navigation)
[0.762s] Level 1:colcon.colcon_core.environment:checking '/mnt/nvme1n1p6/PLCT/NAV2/nav2_sim/install/robot_navigation' for CMake module files
[0.763s] DEBUG:colcon.colcon_core.event_handler.log_command:Invoked command in '/mnt/nvme1n1p6/PLCT/NAV2/nav2_sim/build/robot_navigation' returned '0': CMAKE_PREFIX_PATH=${CMAKE_PREFIX_PATH}:/home/kunama/PLCT/NAV2/yahboom_src_code/slam_ws_src/install/yahboomcar_nav:/home/kunama/PLCT/NAV2/yahboom_src_code/slam_ws_src/install/yahboomcar_description:/home/kunama/PLCT/NAV2/yahboom_src_code/slam_ws_src/install/yahboomcar_ctrl:/home/kunama/PLCT/NAV2/yahboom_src_code/slam_ws_src/install/yahboomcar_bringup:/home/kunama/PLCT/NAV2/yahboom_src_code/slam_ws_src/install/yahboom_app_save_map:/home/kunama/PLCT/NAV2/yahboom_src_code/slam_ws_src/install/laserscan_to_point_publisher:/opt/ros/humble /usr/bin/cmake --install /mnt/nvme1n1p6/PLCT/NAV2/nav2_sim/build/robot_navigation
[0.764s] Level 1:colcon.colcon_core.environment:checking '/mnt/nvme1n1p6/PLCT/NAV2/nav2_sim/install/robot_navigation' for CMake config files
[0.764s] Level 1:colcon.colcon_core.shell:create_environment_hook('robot_navigation', 'cmake_prefix_path')
[0.765s] INFO:colcon.colcon_core.shell:Creating environment hook '/mnt/nvme1n1p6/PLCT/NAV2/nav2_sim/install/robot_navigation/share/robot_navigation/hook/cmake_prefix_path.ps1'
[0.765s] INFO:colcon.colcon_core.shell:Creating environment descriptor '/mnt/nvme1n1p6/PLCT/NAV2/nav2_sim/install/robot_navigation/share/robot_navigation/hook/cmake_prefix_path.dsv'
[0.766s] INFO:colcon.colcon_core.shell:Creating environment hook '/mnt/nvme1n1p6/PLCT/NAV2/nav2_sim/install/robot_navigation/share/robot_navigation/hook/cmake_prefix_path.sh'
[0.766s] Level 1:colcon.colcon_core.environment:checking '/mnt/nvme1n1p6/PLCT/NAV2/nav2_sim/install/robot_navigation/bin'
[0.766s] Level 1:colcon.colcon_core.environment:checking '/mnt/nvme1n1p6/PLCT/NAV2/nav2_sim/install/robot_navigation/lib/pkgconfig/robot_navigation.pc'
[0.767s] Level 1:colcon.colcon_core.environment:checking '/mnt/nvme1n1p6/PLCT/NAV2/nav2_sim/install/robot_navigation/lib/python3.10/site-packages'
[0.767s] Level 1:colcon.colcon_core.environment:checking '/mnt/nvme1n1p6/PLCT/NAV2/nav2_sim/install/robot_navigation/bin'
[0.767s] INFO:colcon.colcon_core.shell:Creating package script '/mnt/nvme1n1p6/PLCT/NAV2/nav2_sim/install/robot_navigation/share/robot_navigation/package.ps1'
[0.768s] INFO:colcon.colcon_core.shell:Creating package descriptor '/mnt/nvme1n1p6/PLCT/NAV2/nav2_sim/install/robot_navigation/share/robot_navigation/package.dsv'
[0.768s] INFO:colcon.colcon_core.shell:Creating package script '/mnt/nvme1n1p6/PLCT/NAV2/nav2_sim/install/robot_navigation/share/robot_navigation/package.sh'
[0.769s] INFO:colcon.colcon_core.shell:Creating package script '/mnt/nvme1n1p6/PLCT/NAV2/nav2_sim/install/robot_navigation/share/robot_navigation/package.bash'
[0.769s] INFO:colcon.colcon_core.shell:Creating package script '/mnt/nvme1n1p6/PLCT/NAV2/nav2_sim/install/robot_navigation/share/robot_navigation/package.zsh'
[0.770s] Level 1:colcon.colcon_core.environment:create_file_with_runtime_dependencies(/mnt/nvme1n1p6/PLCT/NAV2/nav2_sim/install/robot_navigation/share/colcon-core/packages/robot_navigation)
[0.770s] Level 1:colcon.colcon_core.environment:create_environment_scripts_only(robot_navigation)
[0.771s] Level 1:colcon.colcon_core.environment:checking '/mnt/nvme1n1p6/PLCT/NAV2/nav2_sim/install/robot_navigation' for CMake module files
[0.771s] Level 1:colcon.colcon_core.environment:checking '/mnt/nvme1n1p6/PLCT/NAV2/nav2_sim/install/robot_navigation' for CMake config files
[0.772s] Level 1:colcon.colcon_core.shell:create_environment_hook('robot_navigation', 'cmake_prefix_path')
[0.772s] INFO:colcon.colcon_core.shell:Creating environment hook '/mnt/nvme1n1p6/PLCT/NAV2/nav2_sim/install/robot_navigation/share/robot_navigation/hook/cmake_prefix_path.ps1'
[0.773s] INFO:colcon.colcon_core.shell:Creating environment descriptor '/mnt/nvme1n1p6/PLCT/NAV2/nav2_sim/install/robot_navigation/share/robot_navigation/hook/cmake_prefix_path.dsv'
[0.773s] INFO:colcon.colcon_core.shell:Creating environment hook '/mnt/nvme1n1p6/PLCT/NAV2/nav2_sim/install/robot_navigation/share/robot_navigation/hook/cmake_prefix_path.sh'
[0.774s] Level 1:colcon.colcon_core.environment:checking '/mnt/nvme1n1p6/PLCT/NAV2/nav2_sim/install/robot_navigation/bin'
[0.774s] Level 1:colcon.colcon_core.environment:checking '/mnt/nvme1n1p6/PLCT/NAV2/nav2_sim/install/robot_navigation/lib/pkgconfig/robot_navigation.pc'
[0.774s] Level 1:colcon.colcon_core.environment:checking '/mnt/nvme1n1p6/PLCT/NAV2/nav2_sim/install/robot_navigation/lib/python3.10/site-packages'
[0.774s] Level 1:colcon.colcon_core.environment:checking '/mnt/nvme1n1p6/PLCT/NAV2/nav2_sim/install/robot_navigation/bin'
[0.774s] INFO:colcon.colcon_core.shell:Creating package script '/mnt/nvme1n1p6/PLCT/NAV2/nav2_sim/install/robot_navigation/share/robot_navigation/package.ps1'
[0.775s] INFO:colcon.colcon_core.shell:Creating package descriptor '/mnt/nvme1n1p6/PLCT/NAV2/nav2_sim/install/robot_navigation/share/robot_navigation/package.dsv'
[0.776s] INFO:colcon.colcon_core.shell:Creating package script '/mnt/nvme1n1p6/PLCT/NAV2/nav2_sim/install/robot_navigation/share/robot_navigation/package.sh'
[0.776s] INFO:colcon.colcon_core.shell:Creating package script '/mnt/nvme1n1p6/PLCT/NAV2/nav2_sim/install/robot_navigation/share/robot_navigation/package.bash'
[0.777s] INFO:colcon.colcon_core.shell:Creating package script '/mnt/nvme1n1p6/PLCT/NAV2/nav2_sim/install/robot_navigation/share/robot_navigation/package.zsh'
[0.778s] Level 1:colcon.colcon_core.environment:create_file_with_runtime_dependencies(/mnt/nvme1n1p6/PLCT/NAV2/nav2_sim/install/robot_navigation/share/colcon-core/packages/robot_navigation)
[0.778s] Level 1:colcon.colcon_core.environment:create_environment_scripts_only(robot_control)
[0.779s] Level 1:colcon.colcon_core.environment:checking '/mnt/nvme1n1p6/PLCT/NAV2/nav2_sim/install/robot_control' for CMake module files
[0.780s] DEBUG:colcon.colcon_core.event_handler.log_command:Invoked command in '/mnt/nvme1n1p6/PLCT/NAV2/nav2_sim/build/robot_control' returned '0': CMAKE_PREFIX_PATH=${CMAKE_PREFIX_PATH}:/home/kunama/PLCT/NAV2/yahboom_src_code/slam_ws_src/install/yahboomcar_nav:/home/kunama/PLCT/NAV2/yahboom_src_code/slam_ws_src/install/yahboomcar_description:/home/kunama/PLCT/NAV2/yahboom_src_code/slam_ws_src/install/yahboomcar_ctrl:/home/kunama/PLCT/NAV2/yahboom_src_code/slam_ws_src/install/yahboomcar_bringup:/home/kunama/PLCT/NAV2/yahboom_src_code/slam_ws_src/install/yahboom_app_save_map:/home/kunama/PLCT/NAV2/yahboom_src_code/slam_ws_src/install/laserscan_to_point_publisher:/opt/ros/humble /usr/bin/cmake --install /mnt/nvme1n1p6/PLCT/NAV2/nav2_sim/build/robot_control
[0.781s] Level 1:colcon.colcon_core.environment:checking '/mnt/nvme1n1p6/PLCT/NAV2/nav2_sim/install/robot_control' for CMake config files
[0.781s] Level 1:colcon.colcon_core.shell:create_environment_hook('robot_control', 'cmake_prefix_path')
[0.781s] INFO:colcon.colcon_core.shell:Creating environment hook '/mnt/nvme1n1p6/PLCT/NAV2/nav2_sim/install/robot_control/share/robot_control/hook/cmake_prefix_path.ps1'
[0.782s] INFO:colcon.colcon_core.shell:Creating environment descriptor '/mnt/nvme1n1p6/PLCT/NAV2/nav2_sim/install/robot_control/share/robot_control/hook/cmake_prefix_path.dsv'
[0.782s] INFO:colcon.colcon_core.shell:Creating environment hook '/mnt/nvme1n1p6/PLCT/NAV2/nav2_sim/install/robot_control/share/robot_control/hook/cmake_prefix_path.sh'
[0.783s] Level 1:colcon.colcon_core.environment:checking '/mnt/nvme1n1p6/PLCT/NAV2/nav2_sim/install/robot_control/bin'
[0.783s] Level 1:colcon.colcon_core.environment:checking '/mnt/nvme1n1p6/PLCT/NAV2/nav2_sim/install/robot_control/lib/pkgconfig/robot_control.pc'
[0.783s] Level 1:colcon.colcon_core.environment:checking '/mnt/nvme1n1p6/PLCT/NAV2/nav2_sim/install/robot_control/lib/python3.10/site-packages'
[0.784s] Level 1:colcon.colcon_core.environment:checking '/mnt/nvme1n1p6/PLCT/NAV2/nav2_sim/install/robot_control/bin'
[0.784s] INFO:colcon.colcon_core.shell:Creating package script '/mnt/nvme1n1p6/PLCT/NAV2/nav2_sim/install/robot_control/share/robot_control/package.ps1'
[0.785s] INFO:colcon.colcon_core.shell:Creating package descriptor '/mnt/nvme1n1p6/PLCT/NAV2/nav2_sim/install/robot_control/share/robot_control/package.dsv'
[0.785s] INFO:colcon.colcon_core.shell:Creating package script '/mnt/nvme1n1p6/PLCT/NAV2/nav2_sim/install/robot_control/share/robot_control/package.sh'
[0.786s] INFO:colcon.colcon_core.shell:Creating package script '/mnt/nvme1n1p6/PLCT/NAV2/nav2_sim/install/robot_control/share/robot_control/package.bash'
[0.787s] INFO:colcon.colcon_core.shell:Creating package script '/mnt/nvme1n1p6/PLCT/NAV2/nav2_sim/install/robot_control/share/robot_control/package.zsh'
[0.787s] Level 1:colcon.colcon_core.environment:create_file_with_runtime_dependencies(/mnt/nvme1n1p6/PLCT/NAV2/nav2_sim/install/robot_control/share/colcon-core/packages/robot_control)
[0.788s] Level 1:colcon.colcon_core.environment:create_environment_scripts_only(robot_control)
[0.788s] Level 1:colcon.colcon_core.environment:checking '/mnt/nvme1n1p6/PLCT/NAV2/nav2_sim/install/robot_control' for CMake module files
[0.789s] Level 1:colcon.colcon_core.environment:checking '/mnt/nvme1n1p6/PLCT/NAV2/nav2_sim/install/robot_control' for CMake config files
[0.789s] Level 1:colcon.colcon_core.shell:create_environment_hook('robot_control', 'cmake_prefix_path')
[0.790s] INFO:colcon.colcon_core.shell:Creating environment hook '/mnt/nvme1n1p6/PLCT/NAV2/nav2_sim/install/robot_control/share/robot_control/hook/cmake_prefix_path.ps1'
[0.790s] INFO:colcon.colcon_core.shell:Creating environment descriptor '/mnt/nvme1n1p6/PLCT/NAV2/nav2_sim/install/robot_control/share/robot_control/hook/cmake_prefix_path.dsv'
[0.791s] INFO:colcon.colcon_core.shell:Creating environment hook '/mnt/nvme1n1p6/PLCT/NAV2/nav2_sim/install/robot_control/share/robot_control/hook/cmake_prefix_path.sh'
[0.791s] Level 1:colcon.colcon_core.environment:checking '/mnt/nvme1n1p6/PLCT/NAV2/nav2_sim/install/robot_control/bin'
[0.791s] Level 1:colcon.colcon_core.environment:checking '/mnt/nvme1n1p6/PLCT/NAV2/nav2_sim/install/robot_control/lib/pkgconfig/robot_control.pc'
[0.792s] Level 1:colcon.colcon_core.environment:checking '/mnt/nvme1n1p6/PLCT/NAV2/nav2_sim/install/robot_control/lib/python3.10/site-packages'
[0.792s] Level 1:colcon.colcon_core.environment:checking '/mnt/nvme1n1p6/PLCT/NAV2/nav2_sim/install/robot_control/bin'
[0.792s] INFO:colcon.colcon_core.shell:Creating package script '/mnt/nvme1n1p6/PLCT/NAV2/nav2_sim/install/robot_control/share/robot_control/package.ps1'
[0.793s] INFO:colcon.colcon_core.shell:Creating package descriptor '/mnt/nvme1n1p6/PLCT/NAV2/nav2_sim/install/robot_control/share/robot_control/package.dsv'
[0.794s] INFO:colcon.colcon_core.shell:Creating package script '/mnt/nvme1n1p6/PLCT/NAV2/nav2_sim/install/robot_control/share/robot_control/package.sh'
[0.795s] INFO:colcon.colcon_core.shell:Creating package script '/mnt/nvme1n1p6/PLCT/NAV2/nav2_sim/install/robot_control/share/robot_control/package.bash'
[0.795s] INFO:colcon.colcon_core.shell:Creating package script '/mnt/nvme1n1p6/PLCT/NAV2/nav2_sim/install/robot_control/share/robot_control/package.zsh'
[0.796s] Level 1:colcon.colcon_core.environment:create_file_with_runtime_dependencies(/mnt/nvme1n1p6/PLCT/NAV2/nav2_sim/install/robot_control/share/colcon-core/packages/robot_control)
[0.796s] Level 1:colcon.colcon_core.environment:create_environment_scripts_only(robot_description)
[0.797s] Level 1:colcon.colcon_core.environment:checking '/mnt/nvme1n1p6/PLCT/NAV2/nav2_sim/install/robot_description' for CMake module files
[0.798s] Level 1:colcon.colcon_core.environment:checking '/mnt/nvme1n1p6/PLCT/NAV2/nav2_sim/install/robot_description' for CMake config files
[0.799s] Level 1:colcon.colcon_core.shell:create_environment_hook('robot_description', 'cmake_prefix_path')
[0.800s] INFO:colcon.colcon_core.shell:Creating environment hook '/mnt/nvme1n1p6/PLCT/NAV2/nav2_sim/install/robot_description/share/robot_description/hook/cmake_prefix_path.ps1'
[0.800s] DEBUG:colcon.colcon_core.event_handler.log_command:Invoked command in '/mnt/nvme1n1p6/PLCT/NAV2/nav2_sim/build/robot_description' returned '0': CMAKE_PREFIX_PATH=${CMAKE_PREFIX_PATH}:/home/kunama/PLCT/NAV2/yahboom_src_code/slam_ws_src/install/yahboomcar_nav:/home/kunama/PLCT/NAV2/yahboom_src_code/slam_ws_src/install/yahboomcar_description:/home/kunama/PLCT/NAV2/yahboom_src_code/slam_ws_src/install/yahboomcar_ctrl:/home/kunama/PLCT/NAV2/yahboom_src_code/slam_ws_src/install/yahboomcar_bringup:/home/kunama/PLCT/NAV2/yahboom_src_code/slam_ws_src/install/yahboom_app_save_map:/home/kunama/PLCT/NAV2/yahboom_src_code/slam_ws_src/install/laserscan_to_point_publisher:/opt/ros/humble /usr/bin/cmake --install /mnt/nvme1n1p6/PLCT/NAV2/nav2_sim/build/robot_description
[0.801s] INFO:colcon.colcon_core.shell:Creating environment descriptor '/mnt/nvme1n1p6/PLCT/NAV2/nav2_sim/install/robot_description/share/robot_description/hook/cmake_prefix_path.dsv'
[0.802s] INFO:colcon.colcon_core.shell:Creating environment hook '/mnt/nvme1n1p6/PLCT/NAV2/nav2_sim/install/robot_description/share/robot_description/hook/cmake_prefix_path.sh'
[0.802s] Level 1:colcon.colcon_core.environment:checking '/mnt/nvme1n1p6/PLCT/NAV2/nav2_sim/install/robot_description/bin'
[0.802s] Level 1:colcon.colcon_core.environment:checking '/mnt/nvme1n1p6/PLCT/NAV2/nav2_sim/install/robot_description/lib/pkgconfig/robot_description.pc'
[0.803s] Level 1:colcon.colcon_core.environment:checking '/mnt/nvme1n1p6/PLCT/NAV2/nav2_sim/install/robot_description/lib/python3.10/site-packages'
[0.803s] Level 1:colcon.colcon_core.environment:checking '/mnt/nvme1n1p6/PLCT/NAV2/nav2_sim/install/robot_description/bin'
[0.803s] INFO:colcon.colcon_core.shell:Creating package script '/mnt/nvme1n1p6/PLCT/NAV2/nav2_sim/install/robot_description/share/robot_description/package.ps1'
[0.804s] INFO:colcon.colcon_core.shell:Creating package descriptor '/mnt/nvme1n1p6/PLCT/NAV2/nav2_sim/install/robot_description/share/robot_description/package.dsv'
[0.804s] INFO:colcon.colcon_core.shell:Creating package script '/mnt/nvme1n1p6/PLCT/NAV2/nav2_sim/install/robot_description/share/robot_description/package.sh'
[0.805s] INFO:colcon.colcon_core.shell:Creating package script '/mnt/nvme1n1p6/PLCT/NAV2/nav2_sim/install/robot_description/share/robot_description/package.bash'
[0.805s] INFO:colcon.colcon_core.shell:Creating package script '/mnt/nvme1n1p6/PLCT/NAV2/nav2_sim/install/robot_description/share/robot_description/package.zsh'
[0.806s] Level 1:colcon.colcon_core.environment:create_file_with_runtime_dependencies(/mnt/nvme1n1p6/PLCT/NAV2/nav2_sim/install/robot_description/share/colcon-core/packages/robot_description)
[0.807s] Level 1:colcon.colcon_core.environment:create_environment_scripts_only(robot_description)
[0.807s] Level 1:colcon.colcon_core.environment:checking '/mnt/nvme1n1p6/PLCT/NAV2/nav2_sim/install/robot_description' for CMake module files
[0.808s] Level 1:colcon.colcon_core.environment:checking '/mnt/nvme1n1p6/PLCT/NAV2/nav2_sim/install/robot_description' for CMake config files
[0.808s] Level 1:colcon.colcon_core.shell:create_environment_hook('robot_description', 'cmake_prefix_path')
[0.809s] INFO:colcon.colcon_core.shell:Creating environment hook '/mnt/nvme1n1p6/PLCT/NAV2/nav2_sim/install/robot_description/share/robot_description/hook/cmake_prefix_path.ps1'
[0.809s] INFO:colcon.colcon_core.shell:Creating environment descriptor '/mnt/nvme1n1p6/PLCT/NAV2/nav2_sim/install/robot_description/share/robot_description/hook/cmake_prefix_path.dsv'
[0.810s] INFO:colcon.colcon_core.shell:Creating environment hook '/mnt/nvme1n1p6/PLCT/NAV2/nav2_sim/install/robot_description/share/robot_description/hook/cmake_prefix_path.sh'
[0.810s] Level 1:colcon.colcon_core.environment:checking '/mnt/nvme1n1p6/PLCT/NAV2/nav2_sim/install/robot_description/bin'
[0.810s] Level 1:colcon.colcon_core.environment:checking '/mnt/nvme1n1p6/PLCT/NAV2/nav2_sim/install/robot_description/lib/pkgconfig/robot_description.pc'
[0.811s] Level 1:colcon.colcon_core.environment:checking '/mnt/nvme1n1p6/PLCT/NAV2/nav2_sim/install/robot_description/lib/python3.10/site-packages'
[0.811s] Level 1:colcon.colcon_core.environment:checking '/mnt/nvme1n1p6/PLCT/NAV2/nav2_sim/install/robot_description/bin'
[0.811s] INFO:colcon.colcon_core.shell:Creating package script '/mnt/nvme1n1p6/PLCT/NAV2/nav2_sim/install/robot_description/share/robot_description/package.ps1'
[0.812s] INFO:colcon.colcon_core.shell:Creating package descriptor '/mnt/nvme1n1p6/PLCT/NAV2/nav2_sim/install/robot_description/share/robot_description/package.dsv'
[0.813s] INFO:colcon.colcon_core.shell:Creating package script '/mnt/nvme1n1p6/PLCT/NAV2/nav2_sim/install/robot_description/share/robot_description/package.sh'
[0.813s] INFO:colcon.colcon_core.shell:Creating package script '/mnt/nvme1n1p6/PLCT/NAV2/nav2_sim/install/robot_description/share/robot_description/package.bash'
[0.814s] INFO:colcon.colcon_core.shell:Creating package script '/mnt/nvme1n1p6/PLCT/NAV2/nav2_sim/install/robot_description/share/robot_description/package.zsh'
[0.815s] Level 1:colcon.colcon_core.environment:create_file_with_runtime_dependencies(/mnt/nvme1n1p6/PLCT/NAV2/nav2_sim/install/robot_description/share/colcon-core/packages/robot_description)
[0.815s] Level 1:colcon.colcon_core.environment:create_environment_scripts_only(robot_slam)
[0.815s] Level 1:colcon.colcon_core.environment:checking '/mnt/nvme1n1p6/PLCT/NAV2/nav2_sim/install/robot_slam' for CMake module files
[0.817s] DEBUG:colcon.colcon_core.event_handler.log_command:Invoked command in '/mnt/nvme1n1p6/PLCT/NAV2/nav2_sim/build/robot_slam' returned '0': CMAKE_PREFIX_PATH=${CMAKE_PREFIX_PATH}:/home/kunama/PLCT/NAV2/yahboom_src_code/slam_ws_src/install/yahboomcar_nav:/home/kunama/PLCT/NAV2/yahboom_src_code/slam_ws_src/install/yahboomcar_description:/home/kunama/PLCT/NAV2/yahboom_src_code/slam_ws_src/install/yahboomcar_ctrl:/home/kunama/PLCT/NAV2/yahboom_src_code/slam_ws_src/install/yahboomcar_bringup:/home/kunama/PLCT/NAV2/yahboom_src_code/slam_ws_src/install/yahboom_app_save_map:/home/kunama/PLCT/NAV2/yahboom_src_code/slam_ws_src/install/laserscan_to_point_publisher:/opt/ros/humble /usr/bin/cmake --install /mnt/nvme1n1p6/PLCT/NAV2/nav2_sim/build/robot_slam
[0.817s] Level 1:colcon.colcon_core.environment:checking '/mnt/nvme1n1p6/PLCT/NAV2/nav2_sim/install/robot_slam' for CMake config files
[0.818s] Level 1:colcon.colcon_core.shell:create_environment_hook('robot_slam', 'cmake_prefix_path')
[0.818s] INFO:colcon.colcon_core.shell:Creating environment hook '/mnt/nvme1n1p6/PLCT/NAV2/nav2_sim/install/robot_slam/share/robot_slam/hook/cmake_prefix_path.ps1'
[0.819s] INFO:colcon.colcon_core.shell:Creating environment descriptor '/mnt/nvme1n1p6/PLCT/NAV2/nav2_sim/install/robot_slam/share/robot_slam/hook/cmake_prefix_path.dsv'
[0.820s] INFO:colcon.colcon_core.shell:Creating environment hook '/mnt/nvme1n1p6/PLCT/NAV2/nav2_sim/install/robot_slam/share/robot_slam/hook/cmake_prefix_path.sh'
[0.820s] Level 1:colcon.colcon_core.environment:checking '/mnt/nvme1n1p6/PLCT/NAV2/nav2_sim/install/robot_slam/bin'
[0.821s] Level 1:colcon.colcon_core.environment:checking '/mnt/nvme1n1p6/PLCT/NAV2/nav2_sim/install/robot_slam/lib/pkgconfig/robot_slam.pc'
[0.821s] Level 1:colcon.colcon_core.environment:checking '/mnt/nvme1n1p6/PLCT/NAV2/nav2_sim/install/robot_slam/lib/python3.10/site-packages'
[0.821s] Level 1:colcon.colcon_core.environment:checking '/mnt/nvme1n1p6/PLCT/NAV2/nav2_sim/install/robot_slam/bin'
[0.821s] INFO:colcon.colcon_core.shell:Creating package script '/mnt/nvme1n1p6/PLCT/NAV2/nav2_sim/install/robot_slam/share/robot_slam/package.ps1'
[0.822s] INFO:colcon.colcon_core.shell:Creating package descriptor '/mnt/nvme1n1p6/PLCT/NAV2/nav2_sim/install/robot_slam/share/robot_slam/package.dsv'
[0.823s] INFO:colcon.colcon_core.shell:Creating package script '/mnt/nvme1n1p6/PLCT/NAV2/nav2_sim/install/robot_slam/share/robot_slam/package.sh'
[0.823s] INFO:colcon.colcon_core.shell:Creating package script '/mnt/nvme1n1p6/PLCT/NAV2/nav2_sim/install/robot_slam/share/robot_slam/package.bash'
[0.824s] INFO:colcon.colcon_core.shell:Creating package script '/mnt/nvme1n1p6/PLCT/NAV2/nav2_sim/install/robot_slam/share/robot_slam/package.zsh'
[0.824s] Level 1:colcon.colcon_core.environment:create_file_with_runtime_dependencies(/mnt/nvme1n1p6/PLCT/NAV2/nav2_sim/install/robot_slam/share/colcon-core/packages/robot_slam)
[0.825s] Level 1:colcon.colcon_core.environment:create_environment_scripts_only(robot_slam)
[0.825s] Level 1:colcon.colcon_core.environment:checking '/mnt/nvme1n1p6/PLCT/NAV2/nav2_sim/install/robot_slam' for CMake module files
[0.826s] Level 1:colcon.colcon_core.environment:checking '/mnt/nvme1n1p6/PLCT/NAV2/nav2_sim/install/robot_slam' for CMake config files
[0.827s] Level 1:colcon.colcon_core.shell:create_environment_hook('robot_slam', 'cmake_prefix_path')
[0.827s] INFO:colcon.colcon_core.shell:Creating environment hook '/mnt/nvme1n1p6/PLCT/NAV2/nav2_sim/install/robot_slam/share/robot_slam/hook/cmake_prefix_path.ps1'
[0.828s] INFO:colcon.colcon_core.shell:Creating environment descriptor '/mnt/nvme1n1p6/PLCT/NAV2/nav2_sim/install/robot_slam/share/robot_slam/hook/cmake_prefix_path.dsv'
[0.828s] INFO:colcon.colcon_core.shell:Creating environment hook '/mnt/nvme1n1p6/PLCT/NAV2/nav2_sim/install/robot_slam/share/robot_slam/hook/cmake_prefix_path.sh'
[0.829s] Level 1:colcon.colcon_core.environment:checking '/mnt/nvme1n1p6/PLCT/NAV2/nav2_sim/install/robot_slam/bin'
[0.829s] Level 1:colcon.colcon_core.environment:checking '/mnt/nvme1n1p6/PLCT/NAV2/nav2_sim/install/robot_slam/lib/pkgconfig/robot_slam.pc'
[0.829s] Level 1:colcon.colcon_core.environment:checking '/mnt/nvme1n1p6/PLCT/NAV2/nav2_sim/install/robot_slam/lib/python3.10/site-packages'
[0.829s] Level 1:colcon.colcon_core.environment:checking '/mnt/nvme1n1p6/PLCT/NAV2/nav2_sim/install/robot_slam/bin'
[0.830s] INFO:colcon.colcon_core.shell:Creating package script '/mnt/nvme1n1p6/PLCT/NAV2/nav2_sim/install/robot_slam/share/robot_slam/package.ps1'
[0.830s] INFO:colcon.colcon_core.shell:Creating package descriptor '/mnt/nvme1n1p6/PLCT/NAV2/nav2_sim/install/robot_slam/share/robot_slam/package.dsv'
[0.831s] INFO:colcon.colcon_core.shell:Creating package script '/mnt/nvme1n1p6/PLCT/NAV2/nav2_sim/install/robot_slam/share/robot_slam/package.sh'
[0.832s] INFO:colcon.colcon_core.shell:Creating package script '/mnt/nvme1n1p6/PLCT/NAV2/nav2_sim/install/robot_slam/share/robot_slam/package.bash'
[0.833s] INFO:colcon.colcon_core.shell:Creating package script '/mnt/nvme1n1p6/PLCT/NAV2/nav2_sim/install/robot_slam/share/robot_slam/package.zsh'
[0.833s] Level 1:colcon.colcon_core.environment:create_file_with_runtime_dependencies(/mnt/nvme1n1p6/PLCT/NAV2/nav2_sim/install/robot_slam/share/colcon-core/packages/robot_slam)
[2.110s] DEBUG:colcon.colcon_core.event_handler.log_command:Invoked command in '/mnt/nvme1n1p6/PLCT/NAV2/nav2_sim/build/custom_command' returned '0': CMAKE_PREFIX_PATH=${CMAKE_PREFIX_PATH}:/home/kunama/PLCT/NAV2/yahboom_src_code/slam_ws_src/install/yahboomcar_nav:/home/kunama/PLCT/NAV2/yahboom_src_code/slam_ws_src/install/yahboomcar_description:/home/kunama/PLCT/NAV2/yahboom_src_code/slam_ws_src/install/yahboomcar_ctrl:/home/kunama/PLCT/NAV2/yahboom_src_code/slam_ws_src/install/yahboomcar_bringup:/home/kunama/PLCT/NAV2/yahboom_src_code/slam_ws_src/install/yahboom_app_save_map:/home/kunama/PLCT/NAV2/yahboom_src_code/slam_ws_src/install/laserscan_to_point_publisher:/opt/ros/humble /usr/bin/cmake --build /mnt/nvme1n1p6/PLCT/NAV2/nav2_sim/build/custom_command -- -j12 -l12
[2.112s] DEBUG:colcon.colcon_core.event_handler.log_command:Invoking command in '/mnt/nvme1n1p6/PLCT/NAV2/nav2_sim/build/custom_command': CMAKE_PREFIX_PATH=${CMAKE_PREFIX_PATH}:/home/kunama/PLCT/NAV2/yahboom_src_code/slam_ws_src/install/yahboomcar_nav:/home/kunama/PLCT/NAV2/yahboom_src_code/slam_ws_src/install/yahboomcar_description:/home/kunama/PLCT/NAV2/yahboom_src_code/slam_ws_src/install/yahboomcar_ctrl:/home/kunama/PLCT/NAV2/yahboom_src_code/slam_ws_src/install/yahboomcar_bringup:/home/kunama/PLCT/NAV2/yahboom_src_code/slam_ws_src/install/yahboom_app_save_map:/home/kunama/PLCT/NAV2/yahboom_src_code/slam_ws_src/install/laserscan_to_point_publisher:/opt/ros/humble /usr/bin/cmake --install /mnt/nvme1n1p6/PLCT/NAV2/nav2_sim/build/custom_command
[2.207s] Level 1:colcon.colcon_core.environment:create_environment_scripts_only(custom_command)
[2.207s] Level 1:colcon.colcon_core.environment:checking '/mnt/nvme1n1p6/PLCT/NAV2/nav2_sim/install/custom_command' for CMake module files
[2.208s] DEBUG:colcon.colcon_core.event_handler.log_command:Invoked command in '/mnt/nvme1n1p6/PLCT/NAV2/nav2_sim/build/custom_command' returned '0': CMAKE_PREFIX_PATH=${CMAKE_PREFIX_PATH}:/home/kunama/PLCT/NAV2/yahboom_src_code/slam_ws_src/install/yahboomcar_nav:/home/kunama/PLCT/NAV2/yahboom_src_code/slam_ws_src/install/yahboomcar_description:/home/kunama/PLCT/NAV2/yahboom_src_code/slam_ws_src/install/yahboomcar_ctrl:/home/kunama/PLCT/NAV2/yahboom_src_code/slam_ws_src/install/yahboomcar_bringup:/home/kunama/PLCT/NAV2/yahboom_src_code/slam_ws_src/install/yahboom_app_save_map:/home/kunama/PLCT/NAV2/yahboom_src_code/slam_ws_src/install/laserscan_to_point_publisher:/opt/ros/humble /usr/bin/cmake --install /mnt/nvme1n1p6/PLCT/NAV2/nav2_sim/build/custom_command
[2.209s] Level 1:colcon.colcon_core.environment:checking '/mnt/nvme1n1p6/PLCT/NAV2/nav2_sim/install/custom_command' for CMake config files
[2.210s] Level 1:colcon.colcon_core.shell:create_environment_hook('custom_command', 'cmake_prefix_path')
[2.211s] INFO:colcon.colcon_core.shell:Creating environment hook '/mnt/nvme1n1p6/PLCT/NAV2/nav2_sim/install/custom_command/share/custom_command/hook/cmake_prefix_path.ps1'
[2.211s] INFO:colcon.colcon_core.shell:Creating environment descriptor '/mnt/nvme1n1p6/PLCT/NAV2/nav2_sim/install/custom_command/share/custom_command/hook/cmake_prefix_path.dsv'
[2.212s] INFO:colcon.colcon_core.shell:Creating environment hook '/mnt/nvme1n1p6/PLCT/NAV2/nav2_sim/install/custom_command/share/custom_command/hook/cmake_prefix_path.sh'
[2.213s] Level 1:colcon.colcon_core.environment:checking '/mnt/nvme1n1p6/PLCT/NAV2/nav2_sim/install/custom_command/lib'
[2.214s] Level 1:colcon.colcon_core.shell:create_environment_hook('custom_command', 'ld_library_path_lib')
[2.214s] INFO:colcon.colcon_core.shell:Creating environment hook '/mnt/nvme1n1p6/PLCT/NAV2/nav2_sim/install/custom_command/share/custom_command/hook/ld_library_path_lib.ps1'
[2.215s] INFO:colcon.colcon_core.shell:Creating environment descriptor '/mnt/nvme1n1p6/PLCT/NAV2/nav2_sim/install/custom_command/share/custom_command/hook/ld_library_path_lib.dsv'
[2.215s] INFO:colcon.colcon_core.shell:Creating environment hook '/mnt/nvme1n1p6/PLCT/NAV2/nav2_sim/install/custom_command/share/custom_command/hook/ld_library_path_lib.sh'
[2.216s] Level 1:colcon.colcon_core.environment:checking '/mnt/nvme1n1p6/PLCT/NAV2/nav2_sim/install/custom_command/bin'
[2.216s] Level 1:colcon.colcon_core.environment:checking '/mnt/nvme1n1p6/PLCT/NAV2/nav2_sim/install/custom_command/lib/pkgconfig/custom_command.pc'
[2.217s] Level 1:colcon.colcon_core.environment:checking '/mnt/nvme1n1p6/PLCT/NAV2/nav2_sim/install/custom_command/lib/python3.10/site-packages'
[2.217s] Level 1:colcon.colcon_core.environment:checking '/mnt/nvme1n1p6/PLCT/NAV2/nav2_sim/install/custom_command/bin'
[2.218s] INFO:colcon.colcon_core.shell:Creating package script '/mnt/nvme1n1p6/PLCT/NAV2/nav2_sim/install/custom_command/share/custom_command/package.ps1'
[2.219s] INFO:colcon.colcon_core.shell:Creating package descriptor '/mnt/nvme1n1p6/PLCT/NAV2/nav2_sim/install/custom_command/share/custom_command/package.dsv'
[2.220s] INFO:colcon.colcon_core.shell:Creating package script '/mnt/nvme1n1p6/PLCT/NAV2/nav2_sim/install/custom_command/share/custom_command/package.sh'
[2.221s] INFO:colcon.colcon_core.shell:Creating package script '/mnt/nvme1n1p6/PLCT/NAV2/nav2_sim/install/custom_command/share/custom_command/package.bash'
[2.222s] INFO:colcon.colcon_core.shell:Creating package script '/mnt/nvme1n1p6/PLCT/NAV2/nav2_sim/install/custom_command/share/custom_command/package.zsh'
[2.222s] Level 1:colcon.colcon_core.environment:create_file_with_runtime_dependencies(/mnt/nvme1n1p6/PLCT/NAV2/nav2_sim/install/custom_command/share/colcon-core/packages/custom_command)
[2.224s] Level 1:colcon.colcon_core.environment:create_environment_scripts_only(custom_command)
[2.224s] Level 1:colcon.colcon_core.environment:checking '/mnt/nvme1n1p6/PLCT/NAV2/nav2_sim/install/custom_command' for CMake module files
[2.226s] Level 1:colcon.colcon_core.environment:checking '/mnt/nvme1n1p6/PLCT/NAV2/nav2_sim/install/custom_command' for CMake config files
[2.227s] Level 1:colcon.colcon_core.shell:create_environment_hook('custom_command', 'cmake_prefix_path')
[2.228s] INFO:colcon.colcon_core.shell:Creating environment hook '/mnt/nvme1n1p6/PLCT/NAV2/nav2_sim/install/custom_command/share/custom_command/hook/cmake_prefix_path.ps1'
[2.229s] INFO:colcon.colcon_core.shell:Creating environment descriptor '/mnt/nvme1n1p6/PLCT/NAV2/nav2_sim/install/custom_command/share/custom_command/hook/cmake_prefix_path.dsv'
[2.229s] INFO:colcon.colcon_core.shell:Creating environment hook '/mnt/nvme1n1p6/PLCT/NAV2/nav2_sim/install/custom_command/share/custom_command/hook/cmake_prefix_path.sh'
[2.231s] Level 1:colcon.colcon_core.environment:checking '/mnt/nvme1n1p6/PLCT/NAV2/nav2_sim/install/custom_command/lib'
[2.231s] Level 1:colcon.colcon_core.shell:create_environment_hook('custom_command', 'ld_library_path_lib')
[2.232s] INFO:colcon.colcon_core.shell:Creating environment hook '/mnt/nvme1n1p6/PLCT/NAV2/nav2_sim/install/custom_command/share/custom_command/hook/ld_library_path_lib.ps1'
[2.232s] INFO:colcon.colcon_core.shell:Creating environment descriptor '/mnt/nvme1n1p6/PLCT/NAV2/nav2_sim/install/custom_command/share/custom_command/hook/ld_library_path_lib.dsv'
[2.233s] INFO:colcon.colcon_core.shell:Creating environment hook '/mnt/nvme1n1p6/PLCT/NAV2/nav2_sim/install/custom_command/share/custom_command/hook/ld_library_path_lib.sh'
[2.234s] Level 1:colcon.colcon_core.environment:checking '/mnt/nvme1n1p6/PLCT/NAV2/nav2_sim/install/custom_command/bin'
[2.234s] Level 1:colcon.colcon_core.environment:checking '/mnt/nvme1n1p6/PLCT/NAV2/nav2_sim/install/custom_command/lib/pkgconfig/custom_command.pc'
[2.234s] Level 1:colcon.colcon_core.environment:checking '/mnt/nvme1n1p6/PLCT/NAV2/nav2_sim/install/custom_command/lib/python3.10/site-packages'
[2.234s] Level 1:colcon.colcon_core.environment:checking '/mnt/nvme1n1p6/PLCT/NAV2/nav2_sim/install/custom_command/bin'
[2.235s] INFO:colcon.colcon_core.shell:Creating package script '/mnt/nvme1n1p6/PLCT/NAV2/nav2_sim/install/custom_command/share/custom_command/package.ps1'
[2.236s] INFO:colcon.colcon_core.shell:Creating package descriptor '/mnt/nvme1n1p6/PLCT/NAV2/nav2_sim/install/custom_command/share/custom_command/package.dsv'
[2.237s] INFO:colcon.colcon_core.shell:Creating package script '/mnt/nvme1n1p6/PLCT/NAV2/nav2_sim/install/custom_command/share/custom_command/package.sh'
[2.238s] INFO:colcon.colcon_core.shell:Creating package script '/mnt/nvme1n1p6/PLCT/NAV2/nav2_sim/install/custom_command/share/custom_command/package.bash'
[2.239s] INFO:colcon.colcon_core.shell:Creating package script '/mnt/nvme1n1p6/PLCT/NAV2/nav2_sim/install/custom_command/share/custom_command/package.zsh'
[2.241s] Level 1:colcon.colcon_core.environment:create_file_with_runtime_dependencies(/mnt/nvme1n1p6/PLCT/NAV2/nav2_sim/install/custom_command/share/colcon-core/packages/custom_command)
[13.873s] DEBUG:colcon.colcon_core.event_handler.log_command:Invoked command in '/mnt/nvme1n1p6/PLCT/NAV2/nav2_sim/build/robot_await' returned '0': CMAKE_PREFIX_PATH=${CMAKE_PREFIX_PATH}:/home/kunama/PLCT/NAV2/yahboom_src_code/slam_ws_src/install/yahboomcar_nav:/home/kunama/PLCT/NAV2/yahboom_src_code/slam_ws_src/install/yahboomcar_description:/home/kunama/PLCT/NAV2/yahboom_src_code/slam_ws_src/install/yahboomcar_ctrl:/home/kunama/PLCT/NAV2/yahboom_src_code/slam_ws_src/install/yahboomcar_bringup:/home/kunama/PLCT/NAV2/yahboom_src_code/slam_ws_src/install/yahboom_app_save_map:/home/kunama/PLCT/NAV2/yahboom_src_code/slam_ws_src/install/laserscan_to_point_publisher:/opt/ros/humble /usr/bin/cmake --build /mnt/nvme1n1p6/PLCT/NAV2/nav2_sim/build/robot_await -- -j12 -l12
[13.875s] DEBUG:colcon.colcon_core.event_handler.log_command:Invoking command in '/mnt/nvme1n1p6/PLCT/NAV2/nav2_sim/build/robot_await': CMAKE_PREFIX_PATH=${CMAKE_PREFIX_PATH}:/home/kunama/PLCT/NAV2/yahboom_src_code/slam_ws_src/install/yahboomcar_nav:/home/kunama/PLCT/NAV2/yahboom_src_code/slam_ws_src/install/yahboomcar_description:/home/kunama/PLCT/NAV2/yahboom_src_code/slam_ws_src/install/yahboomcar_ctrl:/home/kunama/PLCT/NAV2/yahboom_src_code/slam_ws_src/install/yahboomcar_bringup:/home/kunama/PLCT/NAV2/yahboom_src_code/slam_ws_src/install/yahboom_app_save_map:/home/kunama/PLCT/NAV2/yahboom_src_code/slam_ws_src/install/laserscan_to_point_publisher:/opt/ros/humble /usr/bin/cmake --install /mnt/nvme1n1p6/PLCT/NAV2/nav2_sim/build/robot_await
[13.902s] Level 1:colcon.colcon_core.environment:create_environment_scripts_only(robot_await)
[13.903s] DEBUG:colcon.colcon_core.event_handler.log_command:Invoked command in '/mnt/nvme1n1p6/PLCT/NAV2/nav2_sim/build/robot_await' returned '0': CMAKE_PREFIX_PATH=${CMAKE_PREFIX_PATH}:/home/kunama/PLCT/NAV2/yahboom_src_code/slam_ws_src/install/yahboomcar_nav:/home/kunama/PLCT/NAV2/yahboom_src_code/slam_ws_src/install/yahboomcar_description:/home/kunama/PLCT/NAV2/yahboom_src_code/slam_ws_src/install/yahboomcar_ctrl:/home/kunama/PLCT/NAV2/yahboom_src_code/slam_ws_src/install/yahboomcar_bringup:/home/kunama/PLCT/NAV2/yahboom_src_code/slam_ws_src/install/yahboom_app_save_map:/home/kunama/PLCT/NAV2/yahboom_src_code/slam_ws_src/install/laserscan_to_point_publisher:/opt/ros/humble /usr/bin/cmake --install /mnt/nvme1n1p6/PLCT/NAV2/nav2_sim/build/robot_await
[13.903s] Level 1:colcon.colcon_core.environment:checking '/mnt/nvme1n1p6/PLCT/NAV2/nav2_sim/install/robot_await' for CMake module files
[13.904s] Level 1:colcon.colcon_core.environment:checking '/mnt/nvme1n1p6/PLCT/NAV2/nav2_sim/install/robot_await' for CMake config files
[13.905s] Level 1:colcon.colcon_core.shell:create_environment_hook('robot_await', 'cmake_prefix_path')
[13.905s] INFO:colcon.colcon_core.shell:Creating environment hook '/mnt/nvme1n1p6/PLCT/NAV2/nav2_sim/install/robot_await/share/robot_await/hook/cmake_prefix_path.ps1'
[13.906s] INFO:colcon.colcon_core.shell:Creating environment descriptor '/mnt/nvme1n1p6/PLCT/NAV2/nav2_sim/install/robot_await/share/robot_await/hook/cmake_prefix_path.dsv'
[13.907s] INFO:colcon.colcon_core.shell:Creating environment hook '/mnt/nvme1n1p6/PLCT/NAV2/nav2_sim/install/robot_await/share/robot_await/hook/cmake_prefix_path.sh'
[13.908s] Level 1:colcon.colcon_core.environment:checking '/mnt/nvme1n1p6/PLCT/NAV2/nav2_sim/install/robot_await/lib'
[13.908s] Level 1:colcon.colcon_core.environment:checking '/mnt/nvme1n1p6/PLCT/NAV2/nav2_sim/install/robot_await/bin'
[13.908s] Level 1:colcon.colcon_core.environment:checking '/mnt/nvme1n1p6/PLCT/NAV2/nav2_sim/install/robot_await/lib/pkgconfig/robot_await.pc'
[13.908s] Level 1:colcon.colcon_core.environment:checking '/mnt/nvme1n1p6/PLCT/NAV2/nav2_sim/install/robot_await/lib/python3.10/site-packages'
[13.909s] Level 1:colcon.colcon_core.environment:checking '/mnt/nvme1n1p6/PLCT/NAV2/nav2_sim/install/robot_await/bin'
[13.910s] INFO:colcon.colcon_core.shell:Creating package script '/mnt/nvme1n1p6/PLCT/NAV2/nav2_sim/install/robot_await/share/robot_await/package.ps1'
[13.911s] INFO:colcon.colcon_core.shell:Creating package descriptor '/mnt/nvme1n1p6/PLCT/NAV2/nav2_sim/install/robot_await/share/robot_await/package.dsv'
[13.911s] INFO:colcon.colcon_core.shell:Creating package script '/mnt/nvme1n1p6/PLCT/NAV2/nav2_sim/install/robot_await/share/robot_await/package.sh'
[13.913s] INFO:colcon.colcon_core.shell:Creating package script '/mnt/nvme1n1p6/PLCT/NAV2/nav2_sim/install/robot_await/share/robot_await/package.bash'
[13.914s] INFO:colcon.colcon_core.shell:Creating package script '/mnt/nvme1n1p6/PLCT/NAV2/nav2_sim/install/robot_await/share/robot_await/package.zsh'
[13.914s] Level 1:colcon.colcon_core.environment:create_file_with_runtime_dependencies(/mnt/nvme1n1p6/PLCT/NAV2/nav2_sim/install/robot_await/share/colcon-core/packages/robot_await)
[13.915s] Level 1:colcon.colcon_core.environment:create_environment_scripts_only(robot_await)
[13.916s] Level 1:colcon.colcon_core.environment:checking '/mnt/nvme1n1p6/PLCT/NAV2/nav2_sim/install/robot_await' for CMake module files
[13.917s] Level 1:colcon.colcon_core.environment:checking '/mnt/nvme1n1p6/PLCT/NAV2/nav2_sim/install/robot_await' for CMake config files
[13.917s] Level 1:colcon.colcon_core.shell:create_environment_hook('robot_await', 'cmake_prefix_path')
[13.918s] INFO:colcon.colcon_core.shell:Creating environment hook '/mnt/nvme1n1p6/PLCT/NAV2/nav2_sim/install/robot_await/share/robot_await/hook/cmake_prefix_path.ps1'
[13.918s] INFO:colcon.colcon_core.shell:Creating environment descriptor '/mnt/nvme1n1p6/PLCT/NAV2/nav2_sim/install/robot_await/share/robot_await/hook/cmake_prefix_path.dsv'
[13.919s] INFO:colcon.colcon_core.shell:Creating environment hook '/mnt/nvme1n1p6/PLCT/NAV2/nav2_sim/install/robot_await/share/robot_await/hook/cmake_prefix_path.sh'
[13.920s] Level 1:colcon.colcon_core.environment:checking '/mnt/nvme1n1p6/PLCT/NAV2/nav2_sim/install/robot_await/lib'
[13.920s] Level 1:colcon.colcon_core.environment:checking '/mnt/nvme1n1p6/PLCT/NAV2/nav2_sim/install/robot_await/bin'
[13.920s] Level 1:colcon.colcon_core.environment:checking '/mnt/nvme1n1p6/PLCT/NAV2/nav2_sim/install/robot_await/lib/pkgconfig/robot_await.pc'
[13.920s] Level 1:colcon.colcon_core.environment:checking '/mnt/nvme1n1p6/PLCT/NAV2/nav2_sim/install/robot_await/lib/python3.10/site-packages'
[13.921s] Level 1:colcon.colcon_core.environment:checking '/mnt/nvme1n1p6/PLCT/NAV2/nav2_sim/install/robot_await/bin'
[13.921s] INFO:colcon.colcon_core.shell:Creating package script '/mnt/nvme1n1p6/PLCT/NAV2/nav2_sim/install/robot_await/share/robot_await/package.ps1'
[13.922s] INFO:colcon.colcon_core.shell:Creating package descriptor '/mnt/nvme1n1p6/PLCT/NAV2/nav2_sim/install/robot_await/share/robot_await/package.dsv'
[13.923s] INFO:colcon.colcon_core.shell:Creating package script '/mnt/nvme1n1p6/PLCT/NAV2/nav2_sim/install/robot_await/share/robot_await/package.sh'
[13.924s] INFO:colcon.colcon_core.shell:Creating package script '/mnt/nvme1n1p6/PLCT/NAV2/nav2_sim/install/robot_await/share/robot_await/package.bash'
[13.925s] INFO:colcon.colcon_core.shell:Creating package script '/mnt/nvme1n1p6/PLCT/NAV2/nav2_sim/install/robot_await/share/robot_await/package.zsh'
[13.925s] Level 1:colcon.colcon_core.environment:create_file_with_runtime_dependencies(/mnt/nvme1n1p6/PLCT/NAV2/nav2_sim/install/robot_await/share/colcon-core/packages/robot_await)
[13.926s] DEBUG:colcon.colcon_parallel_executor.executor.parallel:closing loop
[13.926s] DEBUG:colcon.colcon_parallel_executor.executor.parallel:loop closed
[13.927s] DEBUG:colcon.colcon_parallel_executor.executor.parallel:run_until_complete finished with '0'
[13.927s] DEBUG:colcon.colcon_core.event_reactor:joining thread
[13.942s] INFO:colcon.colcon_core.plugin_system:Skipping extension 'colcon_notification.desktop_notification.terminal_notifier': Not used on non-Darwin systems
[13.942s] INFO:colcon.colcon_core.plugin_system:Skipping extension 'colcon_notification.desktop_notification.win32': Not used on non-Windows systems
[13.942s] INFO:colcon.colcon_notification.desktop_notification:Sending desktop notification using 'notify2'
[13.962s] DEBUG:colcon.colcon_core.event_reactor:joined thread
[13.963s] INFO:colcon.colcon_core.shell:Creating prefix script '/mnt/nvme1n1p6/PLCT/NAV2/nav2_sim/install/local_setup.ps1'
[13.964s] INFO:colcon.colcon_core.shell:Creating prefix util module '/mnt/nvme1n1p6/PLCT/NAV2/nav2_sim/install/_local_setup_util_ps1.py'
[13.968s] INFO:colcon.colcon_core.shell:Creating prefix chain script '/mnt/nvme1n1p6/PLCT/NAV2/nav2_sim/install/setup.ps1'
[13.972s] INFO:colcon.colcon_core.shell:Creating prefix script '/mnt/nvme1n1p6/PLCT/NAV2/nav2_sim/install/local_setup.sh'
[13.973s] INFO:colcon.colcon_core.shell:Creating prefix util module '/mnt/nvme1n1p6/PLCT/NAV2/nav2_sim/install/_local_setup_util_sh.py'
[13.974s] INFO:colcon.colcon_core.shell:Creating prefix chain script '/mnt/nvme1n1p6/PLCT/NAV2/nav2_sim/install/setup.sh'
[13.977s] INFO:colcon.colcon_core.shell:Creating prefix script '/mnt/nvme1n1p6/PLCT/NAV2/nav2_sim/install/local_setup.bash'
[13.978s] INFO:colcon.colcon_core.shell:Creating prefix chain script '/mnt/nvme1n1p6/PLCT/NAV2/nav2_sim/install/setup.bash'
[13.981s] INFO:colcon.colcon_core.shell:Creating prefix script '/mnt/nvme1n1p6/PLCT/NAV2/nav2_sim/install/local_setup.zsh'
[13.982s] INFO:colcon.colcon_core.shell:Creating prefix chain script '/mnt/nvme1n1p6/PLCT/NAV2/nav2_sim/install/setup.zsh'
